{
    "label": 63,
    "mint": "3RjnfYkm1yPTmEuW3qtkVLvoRHeEF8omVbsCEiPapump",
    "name": "Robotaxi",
    "symbol": "Robotaxi",
    "decimals": "6",
    "totalSupply": "999847088765522",
    "totalSupplyFormatted": "999847088.765522",
    "sellerFeeBasisPoints": 0,
    "isMutable": true,
    "primarySaleHappened": 0,
    "updateAuthority": "ADBpdL4MoNVba4pHNCfvbdC4uVJeKP8vxJGn8qq3WBr4",
    "usdPrice": 3.2237e-05,
    "nativePriceValue": "221",
    "exchangeName": "PumpSwap",
    "exchangeAddress": "pAMMBay6oceH9fJKBRHGP5D4bD4sWpmSwMn52FMfXEA",
    "firstSwapTimestamp": "2025-06-15T03:09:19+00:00",
    "firstSwapType": "buy",
    "firstBuyerOrSeller": "97ZGKtn5JmaWZ8t4QWgVt4qgoauz15MaPC9hHVcRPRYR",
    "firstTradeValueUsd": 1.45327419
}