{
    "label": 65,
    "mint": "13yzwzoDFQvAwuL9AkLgSHGKkfTNxCqS5y3w7Mp4pump",
    "name": "exciting golden gem",
    "symbol": "EGG",
    "decimals": "6",
    "totalSupply": "396939278341",
    "totalSupplyFormatted": "396939.278341",
    "sellerFeeBasisPoints": 0,
    "isMutable": false,
    "primarySaleHappened": 0,
    "updateAuthority": "FskcgsUAWPrqY7hVRp3dodboqgeEobcCK8cxqbTbJE8F",
    "usdPrice": 7.675e-06,
    "nativePriceValue": "47.4572",
    "exchangeName": "PumpSwap",
    "exchangeAddress": "pAMMBay6oceH9fJKBRHGP5D4bD4sWpmSwMn52FMfXEA",
    "firstSwapTimestamp": "2025-06-23T11:09:08+00:00",
    "firstSwapType": "buy",
    "firstBuyerOrSeller": "cakewAiZcEFuE3YjRd6KzBVqdpykNCZupJxdft7u5vW",
    "firstTradeValueUsd": 0.008559093
}