{
    "label": 81,
    "mint": "4nzLuyN6XHLPPd5BC5iMPeHEAvQgBc361hxjizbDpump",
    "name": "The Human-Mouse Experiment",
    "symbol": "Chimera",
    "decimals": "6",
    "totalSupply": "999296485342250",
    "totalSupplyFormatted": "999296485.34225",
    "sellerFeeBasisPoints": 0,
    "isMutable": true,
    "primarySaleHappened": 0,
    "updateAuthority": "5yQPqscfBeTkfH9PRiiLqJ6QtVUeUvs1xCtxMu2xksdm",
    "usdPrice": 2.9441e-05,
    "nativePriceValue": "201",
    "exchangeName": "PumpSwap",
    "exchangeAddress": "pAMMBay6oceH9fJKBRHGP5D4bD4sWpmSwMn52FMfXEA",
    "firstSwapTimestamp": "2025-06-18T11:21:16+00:00",
    "firstSwapType": "buy",
    "firstBuyerOrSeller": "FLMusxh9if28hiUonuGSr1JyuGj4ZBoABxUyXjdnehjQ",
    "firstTradeValueUsd": 1.704177145
}