{
    "label": 58,
    "mint": "14PqmjKWL6byp73PHp2zWPorDk6iJiVGc2qYBS7Dpump",
    "name": "CHONKY",
    "symbol": "CHONKY",
    "decimals": "6",
    "totalSupply": "59245766444",
    "totalSupplyFormatted": "59245.766444",
    "sellerFeeBasisPoints": 0,
    "isMutable": false,
    "primarySaleHappened": 0,
    "updateAuthority": "GJyrUxakYXWwEQzqoa3J6zauJ27L8C1nDnKVCTgpWi75",
    "usdPrice": 8.85563e-08,
    "nativePriceValue": "0.5457",
    "exchangeName": "PumpSwap",
    "exchangeAddress": "pAMMBay6oceH9fJKBRHGP5D4bD4sWpmSwMn52FMfXEA",
    "firstSwapTimestamp": "2025-06-30T04:00:30+00:00",
    "firstSwapType": "buy",
    "firstBuyerOrSeller": "5iywveQKkidqPDKt2CExJcWKex2EXz9kbGcYiZvhuXWs",
    "firstTradeValueUsd": 0.01514042
}