{
    "label": 62,
    "mint": "3uTyfPNhLENJw4ZLH37pGiYp5acKiAokychXrmfnpump",
    "name": "Fartbook",
    "symbol": "FB",
    "decimals": "6",
    "totalSupply": "999998603038106",
    "totalSupplyFormatted": "999998603.038106",
    "sellerFeeBasisPoints": 0,
    "isMutable": true,
    "primarySaleHappened": 0,
    "updateAuthority": "66wYK9vgb7KCtZRNb9JSHNQe6KnpE8sMzdRq1u5FX5v4",
    "usdPrice": 0.000100941,
    "nativePriceValue": "677",
    "exchangeName": "PumpSwap",
    "exchangeAddress": "pAMMBay6oceH9fJKBRHGP5D4bD4sWpmSwMn52FMfXEA",
    "firstSwapTimestamp": "2025-06-18T04:38:08+00:00",
    "firstSwapType": "buy",
    "firstBuyerOrSeller": "3joKYvUT7hRFNUBdX1e1TfGhJrGMtWYWs147TnUTQeh3",
    "firstTradeValueUsd": 1.484688113
}