{
    "label": 78,
    "mint": "2ihaoyCA651PPJtFXYsgGWSoUEKVs16E5SyvZFEapump",
    "name": "Restore Britain \ud83c\uddec\ud83c\udde7",
    "symbol": "REST",
    "decimals": "6",
    "totalSupply": "999906404924280",
    "totalSupplyFormatted": "999906404.92428",
    "sellerFeeBasisPoints": 0,
    "isMutable": true,
    "primarySaleHappened": 0,
    "updateAuthority": "7k88bRi7UtT6dg5ycHDxHMxV8p9ktzrkSY5q1AB8SGbB",
    "usdPrice": 4.8377e-05,
    "nativePriceValue": "306",
    "exchangeName": "PumpSwap",
    "exchangeAddress": "pAMMBay6oceH9fJKBRHGP5D4bD4sWpmSwMn52FMfXEA",
    "firstSwapTimestamp": "2025-06-30T17:26:22+00:00",
    "firstSwapType": "buy",
    "firstBuyerOrSeller": "4K1mRxrnV7t5ZHMs5x4QDzZJgh3QL4LZwcKfna4ydBZc",
    "firstTradeValueUsd": 0.943855172
}