{
    "label": 63,
    "mint": "2aoKg3PbAAVjrFuLf2XxiDtDhoUxpCLpGfAiM44bpump",
    "name": "Vertex OS",
    "symbol": "Vertex",
    "decimals": "6",
    "totalSupply": "999938451417111",
    "totalSupplyFormatted": "999938451.417111",
    "sellerFeeBasisPoints": 0,
    "isMutable": true,
    "primarySaleHappened": 0,
    "updateAuthority": "4GmU4B6TS7KFF9F564RT9XK4cX2f8NotndLZ24MA52Ft",
    "usdPrice": 0.000101366,
    "nativePriceValue": "715",
    "exchangeName": "PumpSwap",
    "exchangeAddress": "pAMMBay6oceH9fJKBRHGP5D4bD4sWpmSwMn52FMfXEA",
    "firstSwapTimestamp": "2025-06-27T18:00:26+00:00",
    "firstSwapType": "buy",
    "firstBuyerOrSeller": "2ZQBGAtAWREWYrmTfXscxeGcKC7VyxQ4eF4Bj7TWeQZ6",
    "firstTradeValueUsd": 1.906207724
}