{
    "label": 42,
    "mint": "1QZnaE8Hh8jsGtXjXKzopRzCPeL7RKLviihpSxppump",
    "name": "Definitely A Degen",
    "symbol": "DAD",
    "decimals": "6",
    "totalSupply": "3904826972",
    "totalSupplyFormatted": "3904.826972",
    "sellerFeeBasisPoints": 0,
    "isMutable": false,
    "primarySaleHappened": 0,
    "updateAuthority": "BeN5mcgTfNaaPj7Vmn8gmGHZgmH23jCFMdnjCe94BdWf",
    "usdPrice": 5.621e-06,
    "nativePriceValue": "34.8064",
    "exchangeName": "PumpSwap",
    "exchangeAddress": "pAMMBay6oceH9fJKBRHGP5D4bD4sWpmSwMn52FMfXEA",
    "firstSwapTimestamp": "2025-06-14T21:03:11+00:00",
    "firstSwapType": "buy",
    "firstBuyerOrSeller": "5iywveQKkidqPDKt2CExJcWKex2EXz9kbGcYiZvhuXWs",
    "firstTradeValueUsd": 0.014242108
}