{
    "label": 62,
    "mint": "2EMHHa6hkT8ZoRnECs4Dh26pBGpyEFGiAzttzUsnpump",
    "name": "Jonah ",
    "symbol": "Jonah",
    "decimals": "6",
    "totalSupply": "590269053343",
    "totalSupplyFormatted": "590269.053343",
    "sellerFeeBasisPoints": 0,
    "isMutable": false,
    "primarySaleHappened": 0,
    "updateAuthority": "Ffpqck2v7fTKmXdxmtjNjicFEgAq3tTxWJ9615QbUGiR",
    "usdPrice": 9.312e-06,
    "nativePriceValue": "58.9226",
    "exchangeName": "PumpSwap",
    "exchangeAddress": "pAMMBay6oceH9fJKBRHGP5D4bD4sWpmSwMn52FMfXEA",
    "firstSwapTimestamp": "2025-07-10T01:52:47+00:00",
    "firstSwapType": "buy",
    "firstBuyerOrSeller": "EdMWU7esr29zrS7zUH9FVnm1Axd6VaEEbRpghkhh9tj9",
    "firstTradeValueUsd": 0.392651672
}