{
    "label": 62,
    "mint": "4uhsZLsF4ivAfaqDu2qJCqa7V2m7mPf9BC1d7iRbpump",
    "name": "BDSM coin",
    "symbol": "BDSM coin",
    "decimals": "6",
    "totalSupply": "1286821013864",
    "totalSupplyFormatted": "1286821.013864",
    "sellerFeeBasisPoints": 0,
    "isMutable": true,
    "primarySaleHappened": 0,
    "updateAuthority": "BcoUvPakdewbG7rKRU6s3VAZtVGVUgL5qQjmkYgD6Pm6",
    "usdPrice": 0.000110289,
    "nativePriceValue": "791",
    "exchangeName": "PumpSwap",
    "exchangeAddress": "pAMMBay6oceH9fJKBRHGP5D4bD4sWpmSwMn52FMfXEA",
    "firstSwapTimestamp": "2025-06-27T01:32:29+00:00",
    "firstSwapType": "buy",
    "firstBuyerOrSeller": "KWq7esvBkhAh6TP6iDb1LtGPhQbTN76L6iN3p5Dd81E",
    "firstTradeValueUsd": 43.69721661
}