{
    "label": 63,
    "mint": "2iajpD9XhJKnuddKQ52d1KVYwJGPv7zY12P9XLAFpump",
    "name": "Trap House",
    "symbol": "Traphouse",
    "decimals": "6",
    "totalSupply": "359471904478",
    "totalSupplyFormatted": "359471.904478",
    "sellerFeeBasisPoints": 0,
    "isMutable": false,
    "primarySaleHappened": 0,
    "updateAuthority": "8hb47PWYKeQpYZRfKAsAc4MziAVVe71HBcbBVTHrpk9y",
    "usdPrice": 7.165e-06,
    "nativePriceValue": "49.2427",
    "exchangeName": "PumpSwap",
    "exchangeAddress": "pAMMBay6oceH9fJKBRHGP5D4bD4sWpmSwMn52FMfXEA",
    "firstSwapTimestamp": "2025-06-26T04:51:49+00:00",
    "firstSwapType": "buy",
    "firstBuyerOrSeller": "8hb47PWYKeQpYZRfKAsAc4MziAVVe71HBcbBVTHrpk9y",
    "firstTradeValueUsd": 1.44e-07
}