{
    "label": 42,
    "mint": "14oUAezHgnSksnYCPUEqC213ff2hZroHS7cZRcnMpump",
    "name": "The Dilemma of Allies",
    "symbol": "TDA",
    "decimals": "6",
    "totalSupply": "4030073395",
    "totalSupplyFormatted": "4030.073395",
    "sellerFeeBasisPoints": 0,
    "isMutable": false,
    "primarySaleHappened": 0,
    "updateAuthority": "5BPiZJnKn2ZuuSsnbpJpUU4eQHvvny9Lv9Pj1Pa6hMJR",
    "usdPrice": 5.205e-06,
    "nativePriceValue": "32.1743",
    "exchangeName": "PumpSwap",
    "exchangeAddress": "pAMMBay6oceH9fJKBRHGP5D4bD4sWpmSwMn52FMfXEA",
    "firstSwapTimestamp": "2025-06-13T13:06:01+00:00",
    "firstSwapType": "buy",
    "firstBuyerOrSeller": "cakewAiZcEFuE3YjRd6KzBVqdpykNCZupJxdft7u5vW",
    "firstTradeValueUsd": 0.011612094
}