{
    "label": 62,
    "mint": "3kN4rYKfqaM7vcVGHKXTiAABLYvYrtazc4DGa7Aipump",
    "name": "Peace Through Strength",
    "symbol": "PTS",
    "decimals": "6",
    "totalSupply": "999999583031083",
    "totalSupplyFormatted": "999999583.031083",
    "sellerFeeBasisPoints": 0,
    "isMutable": true,
    "primarySaleHappened": 0,
    "updateAuthority": "B1WR3BZf1aCepQVcsbYwhNnxvFx98NQtWQmd8bqo3HYw",
    "usdPrice": 0.000130238,
    "nativePriceValue": "900",
    "exchangeName": "PumpSwap",
    "exchangeAddress": "pAMMBay6oceH9fJKBRHGP5D4bD4sWpmSwMn52FMfXEA",
    "firstSwapTimestamp": "2025-06-23T23:35:19+00:00",
    "firstSwapType": "buy",
    "firstBuyerOrSeller": "EUop4QiMiQwX2cqa2kpUp49MjMKFY7sYTQBJfVqiesZC",
    "firstTradeValueUsd": 1.991099802
}