{
    "label": 63,
    "mint": "24Y7KAgWXGEzpQ5QKJAfakAUUdaLovztWWXLEoQEpump",
    "name": "DAWG",
    "symbol": "Dawg",
    "decimals": "6",
    "totalSupply": "999996474743939",
    "totalSupplyFormatted": "999996474.743939",
    "sellerFeeBasisPoints": 0,
    "isMutable": true,
    "primarySaleHappened": 0,
    "updateAuthority": "F6T2yQgERYBRJGhLUXS1s1gaVQaUQCvZ7sgwVe4bo75m",
    "usdPrice": 4.2324e-05,
    "nativePriceValue": "301",
    "exchangeName": "PumpSwap",
    "exchangeAddress": "pAMMBay6oceH9fJKBRHGP5D4bD4sWpmSwMn52FMfXEA",
    "firstSwapTimestamp": "2025-06-21T05:16:39+00:00",
    "firstSwapType": "buy",
    "firstBuyerOrSeller": "5M1ogcHpMJPWwcuKmrmZB2Z4UtbTnSFyBtv7bgRkm2pv",
    "firstTradeValueUsd": 13.978249259
}