{
    "label": 63,
    "mint": "4A1gp4e2BGhvywQ4anob1WH4pDeKdXr3ZhEfZceqpump",
    "name": "Fart Warfare",
    "symbol": "FW",
    "decimals": "6",
    "totalSupply": "999939695314434",
    "totalSupplyFormatted": "999939695.314434",
    "sellerFeeBasisPoints": 0,
    "isMutable": true,
    "primarySaleHappened": 0,
    "updateAuthority": "CiDhLJ2ZudCvh3YjhGTBCoqfvmZKckucDbcL2zA6GExn",
    "usdPrice": 6.7513e-05,
    "nativePriceValue": "501",
    "exchangeName": "PumpSwap",
    "exchangeAddress": "pAMMBay6oceH9fJKBRHGP5D4bD4sWpmSwMn52FMfXEA",
    "firstSwapTimestamp": "2025-06-23T15:24:18+00:00",
    "firstSwapType": "buy",
    "firstBuyerOrSeller": "6F4AScLf1fRh6FUyuqpBLdF9cWZ1HmjnvyxwcGKxizgw",
    "firstTradeValueUsd": 1.344411382
}