{
    "label": 63,
    "mint": "3gfRFcsoxsnvagvkkgtB2yM9cAHQQcN6LKAi3Pikpump",
    "name": "bonknance",
    "symbol": "BONKNANCE",
    "decimals": "6",
    "totalSupply": "12234692970336",
    "totalSupplyFormatted": "12234692.970336",
    "sellerFeeBasisPoints": 0,
    "isMutable": false,
    "primarySaleHappened": 0,
    "updateAuthority": "7DbPgzyjrHVjiAskMoVJwW5pcurjzXbS6KkNgBHjCngh",
    "usdPrice": 7.887e-06,
    "nativePriceValue": "51.9244",
    "exchangeName": "PumpSwap",
    "exchangeAddress": "pAMMBay6oceH9fJKBRHGP5D4bD4sWpmSwMn52FMfXEA",
    "firstSwapTimestamp": "2025-07-06T23:41:38+00:00",
    "firstSwapType": "buy",
    "firstBuyerOrSeller": "BUq41XLEwdxB5VGk8ko8Mk7F2RMGEzSoct8Gf8MqeFXg",
    "firstTradeValueUsd": 1.361919034
}