{
    "label": 59,
    "mint": "138JGDQik3rmxbsn5vdWNLSsU7AnrxP8uYTA5ncopump",
    "name": "Ansem",
    "symbol": "ANSEM",
    "decimals": "6",
    "totalSupply": "769123354271",
    "totalSupplyFormatted": "769123.354271",
    "sellerFeeBasisPoints": 0,
    "isMutable": false,
    "primarySaleHappened": 0,
    "updateAuthority": "86qht3FTrPC1bFzrobZ7SDAtR5GYcy3zDV9C87fRnDJ9",
    "usdPrice": 2.11582e-08,
    "nativePriceValue": "0.1308",
    "exchangeName": "PumpSwap",
    "exchangeAddress": "pAMMBay6oceH9fJKBRHGP5D4bD4sWpmSwMn52FMfXEA",
    "firstSwapTimestamp": "2025-06-22T02:01:02+00:00",
    "firstSwapType": "buy",
    "firstBuyerOrSeller": "cakewAiZcEFuE3YjRd6KzBVqdpykNCZupJxdft7u5vW",
    "firstTradeValueUsd": 0.008657392
}