{
    "label": 69,
    "mint": "3xQuKoFosAZQWEYzU71q2F7NKRx3psRpRHjWvAcdpump",
    "name": "GRAY",
    "symbol": "GRAY",
    "decimals": "6",
    "totalSupply": "999999665805906",
    "totalSupplyFormatted": "999999665.805906",
    "sellerFeeBasisPoints": 0,
    "isMutable": true,
    "primarySaleHappened": 0,
    "updateAuthority": "CByqb8qhQv35R7Wt6gNQdekrpLcAayQ8AFDScwsauRU3",
    "usdPrice": 5.0053e-05,
    "nativePriceValue": "343",
    "exchangeName": "PumpSwap",
    "exchangeAddress": "pAMMBay6oceH9fJKBRHGP5D4bD4sWpmSwMn52FMfXEA",
    "firstSwapTimestamp": "2025-06-15T02:52:13+00:00",
    "firstSwapType": "buy",
    "firstBuyerOrSeller": "Gd4w6EZcbYRC9K8ofXqpeagNCAKYdQLfsNPeRnH1wR3C",
    "firstTradeValueUsd": 14.530119101
}