{
    "label": 63,
    "mint": "4wQmSufkx9av5BHPiSPSJnckUwB51aYBzWsGedpVpump",
    "name": "Robinhood",
    "symbol": "HOOD",
    "decimals": "6",
    "totalSupply": "940918869491608",
    "totalSupplyFormatted": "940918869.491608",
    "sellerFeeBasisPoints": 0,
    "isMutable": false,
    "primarySaleHappened": 0,
    "updateAuthority": "H4WU12Qp8y9nmofzPXKBJ7k7TmbuFnNNWA2LzxFT13Fk",
    "usdPrice": 3.55964e-08,
    "nativePriceValue": "0.2205",
    "exchangeName": "PumpSwap",
    "exchangeAddress": "pAMMBay6oceH9fJKBRHGP5D4bD4sWpmSwMn52FMfXEA",
    "firstSwapTimestamp": "2025-07-12T03:06:32+00:00",
    "firstSwapType": "buy",
    "firstBuyerOrSeller": "5iywveQKkidqPDKt2CExJcWKex2EXz9kbGcYiZvhuXWs",
    "firstTradeValueUsd": 0.016299829
}