{
    "label": 63,
    "mint": "3YupcUpuVxyqSx4FgmuVGSKzDYCySaNvRkB1923Cpump",
    "name": "Minion Mafia",
    "symbol": "Minion",
    "decimals": "6",
    "totalSupply": "999805062874702",
    "totalSupplyFormatted": "999805062.874702",
    "sellerFeeBasisPoints": 0,
    "isMutable": true,
    "primarySaleHappened": 0,
    "updateAuthority": "9o77SRECCmyv1W2DkX61w9LURgS2UV1dKrmJhFHoxaY8",
    "usdPrice": 3.6155e-05,
    "nativePriceValue": "237",
    "exchangeName": "PumpSwap",
    "exchangeAddress": "pAMMBay6oceH9fJKBRHGP5D4bD4sWpmSwMn52FMfXEA",
    "firstSwapTimestamp": "2025-06-15T17:38:43+00:00",
    "firstSwapType": "buy",
    "firstBuyerOrSeller": "CKv3goog4tZgjnf2YxNz2ELxs2vC6daN5btstiAKztJk",
    "firstTradeValueUsd": 3.044435005
}