{
    "label": 63,
    "mint": "3toJtFjfk7oCruZLu1cP8nsW2ovtuyhfs1uhHgLzpump",
    "name": "Pinocchio",
    "symbol": "PINOCCHIO",
    "decimals": "6",
    "totalSupply": "999821856459668",
    "totalSupplyFormatted": "999821856.459668",
    "sellerFeeBasisPoints": 0,
    "isMutable": true,
    "primarySaleHappened": 0,
    "updateAuthority": "3YtVaL4v2DszQmmb46XkeevM1kECD6MWmAEVYPuqFYX8",
    "usdPrice": 2.579e-05,
    "nativePriceValue": "172",
    "exchangeName": "PumpSwap",
    "exchangeAddress": "pAMMBay6oceH9fJKBRHGP5D4bD4sWpmSwMn52FMfXEA",
    "firstSwapTimestamp": "2025-06-28T16:19:52+00:00",
    "firstSwapType": "buy",
    "firstBuyerOrSeller": "BzQPrs33w1CxYoVNaSgahCC4N2TyHAVbWfy4v6WT3vCa",
    "firstTradeValueUsd": 14.899814951
}