{
    "label": 63,
    "mint": "2ra3zYXSpLvM4MoCU91jc6NvBvadZkTsQfxeVS29pump",
    "name": "Bona Fide",
    "symbol": "BONA FIDE",
    "decimals": "6",
    "totalSupply": "999997828204332",
    "totalSupplyFormatted": "999997828.204332",
    "sellerFeeBasisPoints": 0,
    "isMutable": true,
    "primarySaleHappened": 0,
    "updateAuthority": "35P7ubvGC51QPWPDhMrb9hVveC1yHKgdXDhzfSaUez8y",
    "usdPrice": 0.000123357,
    "nativePriceValue": "840",
    "exchangeName": "PumpSwap",
    "exchangeAddress": "pAMMBay6oceH9fJKBRHGP5D4bD4sWpmSwMn52FMfXEA",
    "firstSwapTimestamp": "2025-06-25T09:19:36+00:00",
    "firstSwapType": "buy",
    "firstBuyerOrSeller": "FE8W9kNjRr21Fkg41feu1AoaRzfTn2pJ8S83VawLsayk",
    "firstTradeValueUsd": 1.460658365
}