{
    "label": 71,
    "mint": "2rKviot5mofE94YdRjFYUb7x2pwEDyyCqUbHhoqPpump",
    "name": "special coin",
    "symbol": "special",
    "decimals": "6",
    "totalSupply": "999809422984006",
    "totalSupplyFormatted": "999809422.984006",
    "sellerFeeBasisPoints": 0,
    "isMutable": true,
    "primarySaleHappened": 0,
    "updateAuthority": "H13sYRj4L4275dXiW57dxSyrUizS325N137yukvNm9rG",
    "usdPrice": 2.183e-05,
    "nativePriceValue": "150",
    "exchangeName": "PumpSwap",
    "exchangeAddress": "pAMMBay6oceH9fJKBRHGP5D4bD4sWpmSwMn52FMfXEA",
    "firstSwapTimestamp": "2025-06-18T19:58:23+00:00",
    "firstSwapType": "buy",
    "firstBuyerOrSeller": "6F4AScLf1fRh6FUyuqpBLdF9cWZ1HmjnvyxwcGKxizgw",
    "firstTradeValueUsd": 14.44997232
}