{
    "label": 63,
    "mint": "4UnbWHQB3nY9qKVc8jUoxbWJBURUbiiBdEDtkrjgpump",
    "name": "Skibidi Massacre",
    "symbol": "SM",
    "decimals": "6",
    "totalSupply": "569479777970",
    "totalSupplyFormatted": "569479.77797",
    "sellerFeeBasisPoints": 0,
    "isMutable": false,
    "primarySaleHappened": 0,
    "updateAuthority": "EfdFfkonZVgBK7EG8x7T9vnNd82TbKpCk8MubfjLbbdT",
    "usdPrice": 9.218e-06,
    "nativePriceValue": "60.581",
    "exchangeName": "PumpSwap",
    "exchangeAddress": "pAMMBay6oceH9fJKBRHGP5D4bD4sWpmSwMn52FMfXEA",
    "firstSwapTimestamp": "2025-07-03T20:01:11+00:00",
    "firstSwapType": "buy",
    "firstBuyerOrSeller": "EfdFfkonZVgBK7EG8x7T9vnNd82TbKpCk8MubfjLbbdT",
    "firstTradeValueUsd": 1.51e-07
}