{
    "label": 43,
    "mint": "1LhUDcFc5wCXFTVXUPtvBiNChCvAJktA6gztY37pump",
    "name": "Justice For K9 Tiger",
    "symbol": "TIGER",
    "decimals": "6",
    "totalSupply": "3881374753",
    "totalSupplyFormatted": "3881.374753",
    "sellerFeeBasisPoints": 0,
    "isMutable": false,
    "primarySaleHappened": 0,
    "updateAuthority": "E29tszi6o8CUvJq9sicLws2hAwFb9NHKEJr4fCCoNsHK",
    "usdPrice": 1.1435e-05,
    "nativePriceValue": "70.7285",
    "exchangeName": "PumpSwap",
    "exchangeAddress": "pAMMBay6oceH9fJKBRHGP5D4bD4sWpmSwMn52FMfXEA",
    "firstSwapTimestamp": "2025-06-14T22:00:37+00:00",
    "firstSwapType": "buy",
    "firstBuyerOrSeller": "5iywveQKkidqPDKt2CExJcWKex2EXz9kbGcYiZvhuXWs",
    "firstTradeValueUsd": 0.014425222
}