{
    "label": 63,
    "mint": "3LmQPvAu62NHm4MXfpJKZA2WLULbo7cddxuCgUiNpump",
    "name": "Gorbachev",
    "symbol": "Gorbachev",
    "decimals": "6",
    "totalSupply": "999949185454631",
    "totalSupplyFormatted": "999949185.454631",
    "sellerFeeBasisPoints": 0,
    "isMutable": true,
    "primarySaleHappened": 0,
    "updateAuthority": "BUqsrUkFpzJMn7PcTkXbUnHXRcu6hTp2Pyj59R2jMy6T",
    "usdPrice": 3.618e-05,
    "nativePriceValue": "258",
    "exchangeName": "PumpSwap",
    "exchangeAddress": "pAMMBay6oceH9fJKBRHGP5D4bD4sWpmSwMn52FMfXEA",
    "firstSwapTimestamp": "2025-06-21T00:49:33+00:00",
    "firstSwapType": "buy",
    "firstBuyerOrSeller": "FbNnT3fvnPb6sWqBNBh6Gh717msMWZ6RA6ktxxgEGhT7",
    "firstTradeValueUsd": 1.564233973
}