{
    "label": 63,
    "mint": "4qAATK4JeZug8sh6mUe6jioTwH758hJERJthBJxRpump",
    "name": "Green Pill Cult",
    "symbol": "GPC",
    "decimals": "6",
    "totalSupply": "999921371502467",
    "totalSupplyFormatted": "999921371.502467",
    "sellerFeeBasisPoints": 0,
    "isMutable": true,
    "primarySaleHappened": 0,
    "updateAuthority": "BemNgw6bgQV7GXdoz5RFRPiNgUxzm9eYkSYbdCsjoHZ",
    "usdPrice": 5.3813e-05,
    "nativePriceValue": "352",
    "exchangeName": "PumpSwap",
    "exchangeAddress": "pAMMBay6oceH9fJKBRHGP5D4bD4sWpmSwMn52FMfXEA",
    "firstSwapTimestamp": "2025-07-02T17:33:28+00:00",
    "firstSwapType": "buy",
    "firstBuyerOrSeller": "9bHBfnrJ2gro41BqdKx6ebPD5Cf74UyWf3kfD5FceJi1",
    "firstTradeValueUsd": 1.521193133
}