{
    "label": 62,
    "mint": "3uRkNcCyqah1XFusr4uBeBTZmadJKAujUZ3gzDVRpump",
    "name": "LIL",
    "symbol": "LIL",
    "decimals": "6",
    "totalSupply": "999999368972523",
    "totalSupplyFormatted": "999999368.972523",
    "sellerFeeBasisPoints": 0,
    "isMutable": true,
    "primarySaleHappened": 0,
    "updateAuthority": "CoYuHrxY6cBUbrS7FocK57w3oYqc7D5P1Ji9KqjnMzgr",
    "usdPrice": 0.000139963,
    "nativePriceValue": "947",
    "exchangeName": "PumpSwap",
    "exchangeAddress": "pAMMBay6oceH9fJKBRHGP5D4bD4sWpmSwMn52FMfXEA",
    "firstSwapTimestamp": "2025-06-18T23:22:10+00:00",
    "firstSwapType": "buy",
    "firstBuyerOrSeller": "2JUU74qA5BCWSjBfggLcxMfypbzEeawqMpuhWpqV3zZn",
    "firstTradeValueUsd": 1.470658647
}