{
    "label": 80,
    "mint": "3r3jyDafTLmGqK9ZtwKDMzLrwqxfgGsKA2SEiheQpump",
    "name": "shiyo",
    "symbol": "shiyo",
    "decimals": "6",
    "totalSupply": "999998396806954",
    "totalSupplyFormatted": "999998396.806954",
    "sellerFeeBasisPoints": 0,
    "isMutable": true,
    "primarySaleHappened": 0,
    "updateAuthority": "Qq6sqMsM84cuxBroAEyw2iYnmJh2t7MP4aCU9AVWvH8",
    "usdPrice": 3.3113e-05,
    "nativePriceValue": "228",
    "exchangeName": "PumpSwap",
    "exchangeAddress": "pAMMBay6oceH9fJKBRHGP5D4bD4sWpmSwMn52FMfXEA",
    "firstSwapTimestamp": "2025-06-20T04:27:16+00:00",
    "firstSwapType": "buy",
    "firstBuyerOrSeller": "89FuDMzqFbUC4QHvvgARXXRkVdbjdKM3Fd9xKFYqAD5Q",
    "firstTradeValueUsd": 14.437151748
}