{
    "label": 80,
    "mint": "2NAgdeJdKfeV2aPvXqBLaR1qwqmWBW1z9meP35m1pump",
    "name": "ArenaToken",
    "symbol": "ARENA",
    "decimals": "6",
    "totalSupply": "999998748481164",
    "totalSupplyFormatted": "999998748.481164",
    "sellerFeeBasisPoints": 0,
    "isMutable": true,
    "primarySaleHappened": 0,
    "updateAuthority": "Qq6sqMsM84cuxBroAEyw2iYnmJh2t7MP4aCU9AVWvH8",
    "usdPrice": 4.676e-05,
    "nativePriceValue": "300",
    "exchangeName": "PumpSwap",
    "exchangeAddress": "pAMMBay6oceH9fJKBRHGP5D4bD4sWpmSwMn52FMfXEA",
    "firstSwapTimestamp": "2025-06-30T18:26:35+00:00",
    "firstSwapType": "buy",
    "firstBuyerOrSeller": "5PTKn7asHghej57UJXz8rzzP6tveenikXBqonJtkEu96",
    "firstTradeValueUsd": 55.789143669
}