{
    "label": 64,
    "mint": "3bji7umRePWpppr2wtpZNe27wsDfrzLjwjGZFg65pump",
    "name": "Animal Olympics",
    "symbol": "AO",
    "decimals": "6",
    "totalSupply": "999899665833575",
    "totalSupplyFormatted": "999899665.833575",
    "sellerFeeBasisPoints": 0,
    "isMutable": true,
    "primarySaleHappened": 0,
    "updateAuthority": "4UdvS2nG494c96M7nRsYg2xT4yAmGJ7xQS4sNx2tavWf",
    "usdPrice": 6.7614e-05,
    "nativePriceValue": "463",
    "exchangeName": "PumpSwap",
    "exchangeAddress": "pAMMBay6oceH9fJKBRHGP5D4bD4sWpmSwMn52FMfXEA",
    "firstSwapTimestamp": "2025-06-25T11:01:40+00:00",
    "firstSwapType": "buy",
    "firstBuyerOrSeller": "8JJGPXKqSYHVpcVK9rnSYanarQD2NA69GM5nrY4K2ai",
    "firstTradeValueUsd": 2.1387745
}