{
    "label": 80,
    "mint": "3xar9YqaDcPuJEEwewkXCBcYaUgR3vQK7FZiHArPpump",
    "name": "IKUN",
    "symbol": "IKUN",
    "decimals": "6",
    "totalSupply": "999920656465833",
    "totalSupplyFormatted": "999920656.465833",
    "sellerFeeBasisPoints": 0,
    "isMutable": true,
    "primarySaleHappened": 0,
    "updateAuthority": "3oSP3nimwT2U9gte5JpP6juEcQbw1GVhtkRfzGZt3gqw",
    "usdPrice": 2.4971e-05,
    "nativePriceValue": "166",
    "exchangeName": "PumpSwap",
    "exchangeAddress": "pAMMBay6oceH9fJKBRHGP5D4bD4sWpmSwMn52FMfXEA",
    "firstSwapTimestamp": "2025-06-30T08:19:53+00:00",
    "firstSwapType": "buy",
    "firstBuyerOrSeller": "BG97bAXPyfSsvCjvtmH84Cn5jXsxqotqCFoWF4ae8vPo",
    "firstTradeValueUsd": 44.634845383
}