{
    "label": 80,
    "mint": "2P4wenqdcUPzbvv1tC3EBYXhbRaN5EJG3D1njr7epump",
    "name": "\u4eac\u4e1c",
    "symbol": "\u4eac\u4e1c",
    "decimals": "6",
    "totalSupply": "999999311530946",
    "totalSupplyFormatted": "999999311.530946",
    "sellerFeeBasisPoints": 0,
    "isMutable": true,
    "primarySaleHappened": 0,
    "updateAuthority": "GPPETVv4eHn8S9h897EsBkE69GFWURaikwUz7vw3Eew1",
    "usdPrice": 4.1971e-05,
    "nativePriceValue": "282",
    "exchangeName": "PumpSwap",
    "exchangeAddress": "pAMMBay6oceH9fJKBRHGP5D4bD4sWpmSwMn52FMfXEA",
    "firstSwapTimestamp": "2025-07-05T15:10:10+00:00",
    "firstSwapType": "buy",
    "firstBuyerOrSeller": "7diYL8arwwguGzuJ9vfniSVS9KeQBJPJAAstX9zXhxmE",
    "firstTradeValueUsd": 581.274212567
}