{
    "label": 62,
    "mint": "3ZESzgczUt5x6BKi1fx4hU4FJ7HM3tty3Mv6aTRapump",
    "name": "ISRAEL-IRAN",
    "symbol": "CEASEFIRE",
    "decimals": "6",
    "totalSupply": "999999271307030",
    "totalSupplyFormatted": "999999271.30703",
    "sellerFeeBasisPoints": 0,
    "isMutable": true,
    "primarySaleHappened": 0,
    "updateAuthority": "DJxxngoNdN9YwnhDozvNuEobzL8gBP916EK1m63iSu4C",
    "usdPrice": 9.7175e-05,
    "nativePriceValue": "674",
    "exchangeName": "PumpSwap",
    "exchangeAddress": "pAMMBay6oceH9fJKBRHGP5D4bD4sWpmSwMn52FMfXEA",
    "firstSwapTimestamp": "2025-06-24T07:45:37+00:00",
    "firstSwapType": "buy",
    "firstBuyerOrSeller": "5M1ogcHpMJPWwcuKmrmZB2Z4UtbTnSFyBtv7bgRkm2pv",
    "firstTradeValueUsd": 14.44865744
}