{
    "label": 63,
    "mint": "2BH1GzgbWbJ5bW7A4RUENRxadoB8tRzNsj2su6w5pump",
    "name": "Aura Sponge Bob",
    "symbol": "SpongeAura",
    "decimals": "6",
    "totalSupply": "999861820804516",
    "totalSupplyFormatted": "999861820.804516",
    "sellerFeeBasisPoints": 0,
    "isMutable": true,
    "primarySaleHappened": 0,
    "updateAuthority": "BUaiZdkAKtLNzQgNaZMeZouw8JUc8Tuf2iVXcJht2SB4",
    "usdPrice": 2.7514e-05,
    "nativePriceValue": "184",
    "exchangeName": "PumpSwap",
    "exchangeAddress": "pAMMBay6oceH9fJKBRHGP5D4bD4sWpmSwMn52FMfXEA",
    "firstSwapTimestamp": "2025-07-02T07:27:22+00:00",
    "firstSwapType": "buy",
    "firstBuyerOrSeller": "BUq41XLEwdxB5VGk8ko8Mk7F2RMGEzSoct8Gf8MqeFXg",
    "firstTradeValueUsd": 1.487417176
}