{
    "label": 63,
    "mint": "3HBok3sWPihJbj5o21QutJWMD7Ddztr1W7NCi2Njpump",
    "name": "Ai vs ai",
    "symbol": "AI VS AI",
    "decimals": "6",
    "totalSupply": "999844746370402",
    "totalSupplyFormatted": "999844746.370402",
    "sellerFeeBasisPoints": 0,
    "isMutable": true,
    "primarySaleHappened": 0,
    "updateAuthority": "AqjFBbVJuZ1T9raHD5vmK9ZY99GL1SXrCbQifbNPciLT",
    "usdPrice": 1.4444e-05,
    "nativePriceValue": "99.1375",
    "exchangeName": "PumpSwap",
    "exchangeAddress": "pAMMBay6oceH9fJKBRHGP5D4bD4sWpmSwMn52FMfXEA",
    "firstSwapTimestamp": "2025-06-19T21:21:35+00:00",
    "firstSwapType": "buy",
    "firstBuyerOrSeller": "2A59fNdDsymMgsry7A5PrxqdRYsXsXPqHdspRrndbUvQ",
    "firstTradeValueUsd": 2.092796808
}