{
    "label": 59,
    "mint": "14he5znbCMcKR638WjaTqx5YE3CAg1mJzensdbVmpump",
    "name": "idgaf",
    "symbol": "idgaf",
    "decimals": "6",
    "totalSupply": "102202857805",
    "totalSupplyFormatted": "102202.857805",
    "sellerFeeBasisPoints": 0,
    "isMutable": false,
    "primarySaleHappened": 0,
    "updateAuthority": "8iTVwmuyBSso9d8JsAyEEZWcDG1uo4wFy6s62iL6iGnb",
    "usdPrice": 1.4337e-09,
    "nativePriceValue": "0.00893972",
    "exchangeName": "PumpSwap",
    "exchangeAddress": "pAMMBay6oceH9fJKBRHGP5D4bD4sWpmSwMn52FMfXEA",
    "firstSwapTimestamp": "2025-06-30T00:28:14+00:00",
    "firstSwapType": "buy",
    "firstBuyerOrSeller": "27HFmP7ccLadGswvQfvea4o3juLw75cPF4V6jWpHM3MX",
    "firstTradeValueUsd": 0.016131094
}