{
    "label": 63,
    "mint": "4PyzNLbD2iCSDzrrZ7bh7Un1AWrQrwPcZL38XYLepump",
    "name": "GOONLLM",
    "symbol": "GOONLLM",
    "decimals": "6",
    "totalSupply": "999060845503838",
    "totalSupplyFormatted": "999060845.503838",
    "sellerFeeBasisPoints": 0,
    "isMutable": true,
    "primarySaleHappened": 0,
    "updateAuthority": "4RP7r9ZCQo3p8mt3WNHbTkSiLZUZwx9oWsd6LeJWgCM6",
    "usdPrice": 7.9305e-05,
    "nativePriceValue": "541",
    "exchangeName": "PumpSwap",
    "exchangeAddress": "pAMMBay6oceH9fJKBRHGP5D4bD4sWpmSwMn52FMfXEA",
    "firstSwapTimestamp": "2025-06-14T02:46:02+00:00",
    "firstSwapType": "buy",
    "firstBuyerOrSeller": "pMbNzWqcxoxecC19G9qguCh3z6o5ZgoG58NQGnA6Kd4",
    "firstTradeValueUsd": 1.460878208
}