{
    "label": 67,
    "mint": "31fb6BuxrhjuVFSpwTAuArs2oomhxKC7HLNwnPLHpump",
    "name": "Ansema \ud83d\udc04\ud83c\udc04\ufe0f",
    "symbol": "Ansema",
    "decimals": "6",
    "totalSupply": "999983353935973",
    "totalSupplyFormatted": "999983353.935973",
    "sellerFeeBasisPoints": 0,
    "isMutable": true,
    "primarySaleHappened": 0,
    "updateAuthority": "DnAu7rGkbcf1xWYC9mihx3ANARGCW9CBczVj5z2Ac5Hu",
    "usdPrice": 3.908327565,
    "nativePriceValue": "25741956",
    "exchangeName": "PumpSwap",
    "exchangeAddress": "pAMMBay6oceH9fJKBRHGP5D4bD4sWpmSwMn52FMfXEA",
    "firstSwapTimestamp": "2025-07-02T18:23:19+00:00",
    "firstSwapType": "buy",
    "firstBuyerOrSeller": "FFEug9Th86P6jgqpMZvvuQ9U2MYVZC1tHsXLnAwbic8M",
    "firstTradeValueUsd": 542.405418972
}