{
    "label": 67,
    "mint": "4EGexcSVhRjMBLXXvrkTXjo34nNCtEShAD2YiTpfpump",
    "name": "\u22c9\u235c\u2340\u2390\u23c3\u2316",
    "symbol": "ZORVAX",
    "decimals": "6",
    "totalSupply": "999999891438182",
    "totalSupplyFormatted": "999999891.438182",
    "sellerFeeBasisPoints": 0,
    "isMutable": true,
    "primarySaleHappened": 0,
    "updateAuthority": "FzBgEHm3PfNQjmPhAtk8mP8a9Hrcgoq6wEuXTA6X41ns",
    "usdPrice": 6.3188e-05,
    "nativePriceValue": "434",
    "exchangeName": "PumpSwap",
    "exchangeAddress": "pAMMBay6oceH9fJKBRHGP5D4bD4sWpmSwMn52FMfXEA",
    "firstSwapTimestamp": "2025-06-20T06:20:24+00:00",
    "firstSwapType": "buy",
    "firstBuyerOrSeller": "B8R4M3atZhmRCwBYf3N5soKmexocEAyXnWpAEVTQJAZb",
    "firstTradeValueUsd": 203.182704568
}