{
    "label": 59,
    "mint": "13666D7Wp83MPcWD3htSqjkD4Q1tFFJwmha1y9Tspump",
    "name": "ChainLeak",
    "symbol": "DOX",
    "decimals": "6",
    "totalSupply": "198770995769",
    "totalSupplyFormatted": "198770.995769",
    "sellerFeeBasisPoints": 0,
    "isMutable": false,
    "primarySaleHappened": 0,
    "updateAuthority": "Gtx5NtmCQY37o6nz9vCxyzeU7xh1P8TcArH6xj6c52jj",
    "usdPrice": 1.37e-07,
    "nativePriceValue": "0.8473",
    "exchangeName": "PumpSwap",
    "exchangeAddress": "pAMMBay6oceH9fJKBRHGP5D4bD4sWpmSwMn52FMfXEA",
    "firstSwapTimestamp": "2025-06-23T16:00:54+00:00",
    "firstSwapType": "buy",
    "firstBuyerOrSeller": "cakewAiZcEFuE3YjRd6KzBVqdpykNCZupJxdft7u5vW",
    "firstTradeValueUsd": 0.008554721
}