{
    "label": 70,
    "mint": "3FngRpxm9MhDTm2UfVcTEn4zAa5jmRMF5eWuHsdDpump",
    "name": "Buy The Fear",
    "symbol": "Fear",
    "decimals": "6",
    "totalSupply": "999996186591485",
    "totalSupplyFormatted": "999996186.591485",
    "sellerFeeBasisPoints": 0,
    "isMutable": true,
    "primarySaleHappened": 0,
    "updateAuthority": "Qq6sqMsM84cuxBroAEyw2iYnmJh2t7MP4aCU9AVWvH8",
    "usdPrice": 0.00210298,
    "nativePriceValue": "15635",
    "exchangeName": "PumpSwap",
    "exchangeAddress": "pAMMBay6oceH9fJKBRHGP5D4bD4sWpmSwMn52FMfXEA",
    "firstSwapTimestamp": "2025-06-20T18:46:07+00:00",
    "firstSwapType": "buy",
    "firstBuyerOrSeller": "2ky21UvP2gfQRm2e74R874jzsULAdsVBD1bmuzaFoBi7",
    "firstTradeValueUsd": 1.319501885
}