{
    "label": 82,
    "mint": "3P4fThMQdBoHDNJpdZUDfqxd4YWWq6wrJ7vusx6apump",
    "name": "First Zinecoin",
    "symbol": "ZINECOIN",
    "decimals": "6",
    "totalSupply": "999999489887182",
    "totalSupplyFormatted": "999999489.887182",
    "sellerFeeBasisPoints": 0,
    "isMutable": true,
    "primarySaleHappened": 0,
    "updateAuthority": "CU6LrxqZax8wcXw9FCRTNevhkq2LrJoDGzTRSZicPFq6",
    "usdPrice": 7.7202e-05,
    "nativePriceValue": "496",
    "exchangeName": "PumpSwap",
    "exchangeAddress": "pAMMBay6oceH9fJKBRHGP5D4bD4sWpmSwMn52FMfXEA",
    "firstSwapTimestamp": "2025-06-16T11:00:27+00:00",
    "firstSwapType": "buy",
    "firstBuyerOrSeller": "5dnFxM648UQpBTonstiBE1HWZaVG49Cv3yuNhX6Y1nFU",
    "firstTradeValueUsd": 15.552378042
}