{
    "label": 63,
    "mint": "2BWSajLhCEhAQutMG511ShvgZnjSPokxQdPwHjBbpump",
    "name": "blehcoin",
    "symbol": "blehcoin",
    "decimals": "6",
    "totalSupply": "999999701161513",
    "totalSupplyFormatted": "999999701.161513",
    "sellerFeeBasisPoints": 0,
    "isMutable": true,
    "primarySaleHappened": 0,
    "updateAuthority": "7KYGqgpvFP3GXTcYmAjKnVjdCneW9VGsHi3TztCdw9ye",
    "usdPrice": 0.000123148,
    "nativePriceValue": "786",
    "exchangeName": "PumpSwap",
    "exchangeAddress": "pAMMBay6oceH9fJKBRHGP5D4bD4sWpmSwMn52FMfXEA",
    "firstSwapTimestamp": "2025-06-16T14:55:01+00:00",
    "firstSwapType": "buy",
    "firstBuyerOrSeller": "97TjdjQr6vQZ6YTFZ4Ux5wPsCPGjNHTbURmJGsJdxdry",
    "firstTradeValueUsd": 15.633443655
}