{
    "label": 63,
    "mint": "4dD3bxnspPMk3yFn95B1mdKGB3KnDhCuXDyFcBqYpump",
    "name": "CRAIG",
    "symbol": "CRAIG",
    "decimals": "6",
    "totalSupply": "999967008573358",
    "totalSupplyFormatted": "999967008.573358",
    "sellerFeeBasisPoints": 0,
    "isMutable": true,
    "primarySaleHappened": 0,
    "updateAuthority": "DemRaVh5c6h3FdcyvCsi5E6bZ6PbYjmT6W2VmGPuUG7x",
    "usdPrice": 5.8587e-05,
    "nativePriceValue": "399",
    "exchangeName": "PumpSwap",
    "exchangeAddress": "pAMMBay6oceH9fJKBRHGP5D4bD4sWpmSwMn52FMfXEA",
    "firstSwapTimestamp": "2025-06-18T10:28:32+00:00",
    "firstSwapType": "buy",
    "firstBuyerOrSeller": "58946yURK4BijxnEbTWgbJtHyGhtqzxPx6HFsADNGMcy",
    "firstTradeValueUsd": 2.817109822
}