{
    "label": 63,
    "mint": "2EdTRcPpUmUh3qiXostzmYkQZDBrBcQwrE87AbgCpump",
    "name": "dog wif yamaka",
    "symbol": "yamaka",
    "decimals": "6",
    "totalSupply": "134911086691",
    "totalSupplyFormatted": "134911.086691",
    "sellerFeeBasisPoints": 0,
    "isMutable": true,
    "primarySaleHappened": 0,
    "updateAuthority": "BcoUvPakdewbG7rKRU6s3VAZtVGVUgL5qQjmkYgD6Pm6",
    "usdPrice": 0.000133561,
    "nativePriceValue": "994",
    "exchangeName": "PumpSwap",
    "exchangeAddress": "pAMMBay6oceH9fJKBRHGP5D4bD4sWpmSwMn52FMfXEA",
    "firstSwapTimestamp": "2025-06-23T09:53:29+00:00",
    "firstSwapType": "buy",
    "firstBuyerOrSeller": "KWq7esvBkhAh6TP6iDb1LtGPhQbTN76L6iN3p5Dd81E",
    "firstTradeValueUsd": 42.184021651
}