{
    "label": 64,
    "mint": "2iAPJJEofvTCFXW3BYgEGJ6c5zWWaBFaBGHLVKFapump",
    "name": "New XAI gork",
    "symbol": "gork",
    "decimals": "6",
    "totalSupply": "999998818896927",
    "totalSupplyFormatted": "999998818.896927",
    "sellerFeeBasisPoints": 0,
    "isMutable": true,
    "primarySaleHappened": 0,
    "updateAuthority": "5JvieJWEkJWKE7LNMbxLRff9FeHg7AbXiCkxqzKhwe41",
    "usdPrice": 0.000141285,
    "nativePriceValue": "969",
    "exchangeName": "PumpSwap",
    "exchangeAddress": "pAMMBay6oceH9fJKBRHGP5D4bD4sWpmSwMn52FMfXEA",
    "firstSwapTimestamp": "2025-06-19T02:45:35+00:00",
    "firstSwapType": "buy",
    "firstBuyerOrSeller": "FWMVpoQYQGwi3kAddqHbSXesnmNtys1VqmsA3ZJoBcAQ",
    "firstTradeValueUsd": 1.456539229
}