{
    "label": 63,
    "mint": "2u3pWbNuCbF9Q5C33epwRz8Y4LywZnD7YgT4CRZzpump",
    "name": "\ud83d\udc3d",
    "symbol": "\ud83d\udc3d",
    "decimals": "6",
    "totalSupply": "3721466447379",
    "totalSupplyFormatted": "3721466.447379",
    "sellerFeeBasisPoints": 0,
    "isMutable": false,
    "primarySaleHappened": 0,
    "updateAuthority": "EaKgSJ5YFFzbyyRZaN8XnAFoW9nmerJyQueNxoWh6QnG",
    "usdPrice": 5.048e-06,
    "nativePriceValue": "33.9766",
    "exchangeName": "PumpSwap",
    "exchangeAddress": "pAMMBay6oceH9fJKBRHGP5D4bD4sWpmSwMn52FMfXEA",
    "firstSwapTimestamp": "2025-07-05T12:45:29+00:00",
    "firstSwapType": "buy",
    "firstBuyerOrSeller": "EaKgSJ5YFFzbyyRZaN8XnAFoW9nmerJyQueNxoWh6QnG",
    "firstTradeValueUsd": 1.47e-07
}