{
    "label": 63,
    "mint": "2KTBDyCdorqQ7cSbswYNYbxBfruXhzZ44RKK4PSYpump",
    "name": "save the world",
    "symbol": "sexcoin",
    "decimals": "6",
    "totalSupply": "999961088577386",
    "totalSupplyFormatted": "999961088.577386",
    "sellerFeeBasisPoints": 0,
    "isMutable": true,
    "primarySaleHappened": 0,
    "updateAuthority": "6ZfbmjxeHujXYfgSKejhAMZPF2hMNGAPnqEcup2zChT6",
    "usdPrice": 0.000146362,
    "nativePriceValue": "1017",
    "exchangeName": "PumpSwap",
    "exchangeAddress": "pAMMBay6oceH9fJKBRHGP5D4bD4sWpmSwMn52FMfXEA",
    "firstSwapTimestamp": "2025-06-26T11:48:07+00:00",
    "firstSwapType": "buy",
    "firstBuyerOrSeller": "bpDk4nZxqCN7iXtgKYppNcWoK3HZ1w1X5Q2rfoU8EHj",
    "firstTradeValueUsd": 2.003740449
}