{
    "label": 62,
    "mint": "13QQ9wuypQK6aqpyzE5tkkvuNNtshstCRTLq6Uxppump",
    "name": "catwifwar",
    "symbol": "WAR",
    "decimals": "6",
    "totalSupply": "916124944429",
    "totalSupplyFormatted": "916124.944429",
    "sellerFeeBasisPoints": 0,
    "isMutable": false,
    "primarySaleHappened": 0,
    "updateAuthority": "ARhEGiKJkFpJsvojxmATspT475b2WizN6K8zqpX9Zo6z",
    "usdPrice": 3.374e-06,
    "nativePriceValue": "20.853",
    "exchangeName": "PumpSwap",
    "exchangeAddress": "pAMMBay6oceH9fJKBRHGP5D4bD4sWpmSwMn52FMfXEA",
    "firstSwapTimestamp": "2025-06-13T14:01:06+00:00",
    "firstSwapType": "buy",
    "firstBuyerOrSeller": "cakewAiZcEFuE3YjRd6KzBVqdpykNCZupJxdft7u5vW",
    "firstTradeValueUsd": 0.011675887
}