{
    "label": 65,
    "mint": "14spDSuvRoyyy7r1tBRPXQLvQrTFMJ2UBMweFsyxpump",
    "name": "Shayla",
    "symbol": "Shayla",
    "decimals": "6",
    "totalSupply": "101111185438",
    "totalSupplyFormatted": "101111.185438",
    "sellerFeeBasisPoints": 0,
    "isMutable": false,
    "primarySaleHappened": 0,
    "updateAuthority": "9xKQn7YSaZbaX5XBoCTAXxi3S42n9s8WwjY37GM9HfaE",
    "usdPrice": 1.55998e-08,
    "nativePriceValue": "0.0977",
    "exchangeName": "PumpSwap",
    "exchangeAddress": "pAMMBay6oceH9fJKBRHGP5D4bD4sWpmSwMn52FMfXEA",
    "firstSwapTimestamp": "2025-06-30T00:34:02+00:00",
    "firstSwapType": "buy",
    "firstBuyerOrSeller": "5iywveQKkidqPDKt2CExJcWKex2EXz9kbGcYiZvhuXWs",
    "firstTradeValueUsd": 0.015235353
}