{
    "label": 80,
    "mint": "2bBZkSdm7xBgZnFpEkJBgHNvL9LfbdV4Dm9op4Fhpump",
    "name": "Profile Picture",
    "symbol": "PFP",
    "decimals": "6",
    "totalSupply": "999999253318260",
    "totalSupplyFormatted": "999999253.31826",
    "sellerFeeBasisPoints": 0,
    "isMutable": true,
    "primarySaleHappened": 0,
    "updateAuthority": "8aJULazw219ckBB2mVGGRh74nL9a9dppz5f2cvTg18g4",
    "usdPrice": 0.000108788,
    "nativePriceValue": "765",
    "exchangeName": "PumpSwap",
    "exchangeAddress": "pAMMBay6oceH9fJKBRHGP5D4bD4sWpmSwMn52FMfXEA",
    "firstSwapTimestamp": "2025-06-27T13:42:48+00:00",
    "firstSwapType": "buy",
    "firstBuyerOrSeller": "BuPZys5W99NnqwF9qXnoaYoPEfXgBqLrdrSTNbd38eUe",
    "firstTradeValueUsd": 1.135755463
}