{
    "label": 80,
    "mint": "3KKM4oy4f5tkRCLhit6Jx6yGMLBSavYUQahvocnDpump",
    "name": "TREEKY",
    "symbol": "TREEKY",
    "decimals": "6",
    "totalSupply": "999967896380946",
    "totalSupplyFormatted": "999967896.380946",
    "sellerFeeBasisPoints": 0,
    "isMutable": true,
    "primarySaleHappened": 0,
    "updateAuthority": "3oSP3nimwT2U9gte5JpP6juEcQbw1GVhtkRfzGZt3gqw",
    "usdPrice": 4.4429e-05,
    "nativePriceValue": "300",
    "exchangeName": "PumpSwap",
    "exchangeAddress": "pAMMBay6oceH9fJKBRHGP5D4bD4sWpmSwMn52FMfXEA",
    "firstSwapTimestamp": "2025-07-01T16:04:52+00:00",
    "firstSwapType": "buy",
    "firstBuyerOrSeller": "BUq41XLEwdxB5VGk8ko8Mk7F2RMGEzSoct8Gf8MqeFXg",
    "firstTradeValueUsd": 0.660556513
}