{
    "label": 63,
    "mint": "3BiZxejNC8nvd8G6S74vfssUfb35EdTkxXFVFBXYpump",
    "name": "KekiusSoftmaxius",
    "symbol": "KSM",
    "decimals": "6",
    "totalSupply": "999693163392993",
    "totalSupplyFormatted": "999693163.392993",
    "sellerFeeBasisPoints": 0,
    "isMutable": true,
    "primarySaleHappened": 0,
    "updateAuthority": "9jXWBqKNxm9BBo1uPJqd6N2S1AfhTuxoxvSfHxwdksQp",
    "usdPrice": 2.798e-05,
    "nativePriceValue": "210",
    "exchangeName": "PumpSwap",
    "exchangeAddress": "pAMMBay6oceH9fJKBRHGP5D4bD4sWpmSwMn52FMfXEA",
    "firstSwapTimestamp": "2025-06-23T02:05:40+00:00",
    "firstSwapType": "buy",
    "firstBuyerOrSeller": "Bo5zd1Ns6q3dhqher9rtSBVcDTKpSagdxBvy1ApRSBkb",
    "firstTradeValueUsd": 13.250183658
}