{
    "label": 44,
    "mint": "12PRWvS5bSjAKDa8VKPPJPMqxNJ3TTacuySivJTKpump",
    "name": "Fart Rooms",
    "symbol": "ROOM",
    "decimals": "6",
    "totalSupply": "32307289463849",
    "totalSupplyFormatted": "32307289.463849",
    "sellerFeeBasisPoints": 0,
    "isMutable": false,
    "primarySaleHappened": 0,
    "updateAuthority": "45i8iKEF85wWYH7NZ3G6aJKC7G71ZnhhAndjKBLgDpQF",
    "usdPrice": 3.96389e-12,
    "nativePriceValue": "0.00002591",
    "exchangeName": "PumpSwap",
    "exchangeAddress": "pAMMBay6oceH9fJKBRHGP5D4bD4sWpmSwMn52FMfXEA",
    "firstSwapTimestamp": "2025-06-17T02:02:01+00:00",
    "firstSwapType": "buy",
    "firstBuyerOrSeller": "cakewAiZcEFuE3YjRd6KzBVqdpykNCZupJxdft7u5vW",
    "firstTradeValueUsd": 0.012128494
}