{
    "label": 67,
    "mint": "3T7qCAAniWFVooF8dXTx3v1MQuMUXDc5L4chGRDjpump",
    "name": "Bad Barbie",
    "symbol": "$BARBIE",
    "decimals": "6",
    "totalSupply": "999994080744637",
    "totalSupplyFormatted": "999994080.744637",
    "sellerFeeBasisPoints": 0,
    "isMutable": true,
    "primarySaleHappened": 0,
    "updateAuthority": "3BBdjodVS4GenFQDqKp8jr1NEFpBcCgs4q9YhgTmmSTi",
    "usdPrice": 4.6698e-05,
    "nativePriceValue": "335",
    "exchangeName": "PumpSwap",
    "exchangeAddress": "pAMMBay6oceH9fJKBRHGP5D4bD4sWpmSwMn52FMfXEA",
    "firstSwapTimestamp": "2025-06-26T22:57:48+00:00",
    "firstSwapType": "buy",
    "firstBuyerOrSeller": "AxtSrGv2bjdinqPcvco4vXqUXy2RDu7vfUeshBc6wGDx",
    "firstTradeValueUsd": 1.249017036
}