{
    "label": 42,
    "mint": "14bU3yFv8YEpkav1R7A2H9qJ5XyrcWXBBz343Corpump",
    "name": "OrbitLayer",
    "symbol": "ORB",
    "decimals": "6",
    "totalSupply": "3669916972",
    "totalSupplyFormatted": "3669.916972",
    "sellerFeeBasisPoints": 0,
    "isMutable": false,
    "primarySaleHappened": 0,
    "updateAuthority": "J2FHibmVFgJi7yCvtq71ax8zBhM2V7DdN4AR4GmPSdtq",
    "usdPrice": 6.658e-06,
    "nativePriceValue": "41.0344",
    "exchangeName": "PumpSwap",
    "exchangeAddress": "pAMMBay6oceH9fJKBRHGP5D4bD4sWpmSwMn52FMfXEA",
    "firstSwapTimestamp": "2025-06-15T04:00:10+00:00",
    "firstSwapType": "buy",
    "firstBuyerOrSeller": "27HFmP7ccLadGswvQfvea4o3juLw75cPF4V6jWpHM3MX",
    "firstTradeValueUsd": 0.015313621
}