{
    "label": 82,
    "mint": "2oWAUvAa3HXERsiUVLHxLMDyULjLJiP8aHkxBcFMpump",
    "name": "grok is this true",
    "symbol": "GITT",
    "decimals": "6",
    "totalSupply": "999886805697147",
    "totalSupplyFormatted": "999886805.697147",
    "sellerFeeBasisPoints": 0,
    "isMutable": true,
    "primarySaleHappened": 0,
    "updateAuthority": "CU6LrxqZax8wcXw9FCRTNevhkq2LrJoDGzTRSZicPFq6",
    "usdPrice": 9.549e-06,
    "nativePriceValue": "66.6266",
    "exchangeName": "PumpSwap",
    "exchangeAddress": "pAMMBay6oceH9fJKBRHGP5D4bD4sWpmSwMn52FMfXEA",
    "firstSwapTimestamp": "2025-06-19T15:58:16+00:00",
    "firstSwapType": "buy",
    "firstBuyerOrSeller": "5dnFxM648UQpBTonstiBE1HWZaVG49Cv3yuNhX6Y1nFU",
    "firstTradeValueUsd": 14.28330733
}