{
    "label": 63,
    "mint": "3tFfS7SW5ipnh3CdZ1Hv6TjRWYGL8kZ3HpPZQb7jpump",
    "name": "DOGE Monster",
    "symbol": "DM",
    "decimals": "6",
    "totalSupply": "999938710465830",
    "totalSupplyFormatted": "999938710.46583",
    "sellerFeeBasisPoints": 0,
    "isMutable": true,
    "primarySaleHappened": 0,
    "updateAuthority": "HMiWWi9fAxT5eYiHugyQYF4KcCjQzCnpAZGcmREdCnG",
    "usdPrice": 9.1036e-05,
    "nativePriceValue": "613",
    "exchangeName": "PumpSwap",
    "exchangeAddress": "pAMMBay6oceH9fJKBRHGP5D4bD4sWpmSwMn52FMfXEA",
    "firstSwapTimestamp": "2025-07-01T13:24:29+00:00",
    "firstSwapType": "buy",
    "firstBuyerOrSeller": "9bHBfnrJ2gro41BqdKx6ebPD5Cf74UyWf3kfD5FceJi1",
    "firstTradeValueUsd": 1.47402702
}