{
    "label": 63,
    "mint": "24m8UK2EpQtTwDqp6STNt48CRp5Wh4VxU413mAmPpump",
    "name": "Ecocoin",
    "symbol": "ECO",
    "decimals": "6",
    "totalSupply": "565710556182",
    "totalSupplyFormatted": "565710.556182",
    "sellerFeeBasisPoints": 0,
    "isMutable": false,
    "primarySaleHappened": 0,
    "updateAuthority": "GhJXhGu39nc2ENPKdbsCrxRoZYTpwdCdPVuaimWi1Nbc",
    "usdPrice": 8.731e-06,
    "nativePriceValue": "58.9279",
    "exchangeName": "PumpSwap",
    "exchangeAddress": "pAMMBay6oceH9fJKBRHGP5D4bD4sWpmSwMn52FMfXEA",
    "firstSwapTimestamp": "2025-07-06T06:06:31+00:00",
    "firstSwapType": "buy",
    "firstBuyerOrSeller": "GhJXhGu39nc2ENPKdbsCrxRoZYTpwdCdPVuaimWi1Nbc",
    "firstTradeValueUsd": 1.47e-07
}