{
    "label": 68,
    "mint": "3EsqoBGH1HPgVzZm2iEfDTErGmusQD3X3bybDDQZpump",
    "name": "WeChat Doge",
    "symbol": "Caijing",
    "decimals": "6",
    "totalSupply": "1274327348845",
    "totalSupplyFormatted": "1274327.348845",
    "sellerFeeBasisPoints": 0,
    "isMutable": false,
    "primarySaleHappened": 0,
    "updateAuthority": "4zMRKR9V1BjaGHbTVYcfkpo2xzPfsgpEnsbyH8SUfLFX",
    "usdPrice": 8.124e-06,
    "nativePriceValue": "53.2229",
    "exchangeName": "PumpSwap",
    "exchangeAddress": "pAMMBay6oceH9fJKBRHGP5D4bD4sWpmSwMn52FMfXEA",
    "firstSwapTimestamp": "2025-07-04T06:32:29+00:00",
    "firstSwapType": "buy",
    "firstBuyerOrSeller": "4zMRKR9V1BjaGHbTVYcfkpo2xzPfsgpEnsbyH8SUfLFX",
    "firstTradeValueUsd": 1.52e-07
}