{
    "label": 36,
    "mint": "12NKQzfWbvKKamKmbH16AHQjTWztu87kzzP1mHfcpump",
    "name": "FEEL THE PUMP",
    "symbol": "FEEL",
    "decimals": "6",
    "totalSupply": "4863526538",
    "totalSupplyFormatted": "4863.526538",
    "sellerFeeBasisPoints": 0,
    "isMutable": false,
    "primarySaleHappened": 0,
    "updateAuthority": "BYKrHMeV8aCUnUDAb3gDNyJhhMdp3yLzy7z5122pbSKu",
    "usdPrice": 4.756e-06,
    "nativePriceValue": "29.4636",
    "exchangeName": "PumpSwap",
    "exchangeAddress": "pAMMBay6oceH9fJKBRHGP5D4bD4sWpmSwMn52FMfXEA",
    "firstSwapTimestamp": "2025-06-17T11:04:18+00:00",
    "firstSwapType": "buy",
    "firstBuyerOrSeller": "4woXzDiykf2ykiWw4jTeK5ce3rcMBNm9z5FqQwoReFTg",
    "firstTradeValueUsd": 0.01204002
}