{
    "label": 43,
    "mint": "14hKrcrJxevttumyJ2tQ4b7J5an4HYW7nVXoSYUEpump",
    "name": "LIED",
    "symbol": "LIED",
    "decimals": "6",
    "totalSupply": "5024173295",
    "totalSupplyFormatted": "5024.173295",
    "sellerFeeBasisPoints": 0,
    "isMutable": false,
    "primarySaleHappened": 0,
    "updateAuthority": "AfazYiSAddpUWpkhipTNMnCAkhj52oyzALUZfdaByH3t",
    "usdPrice": 5.208e-06,
    "nativePriceValue": "32.1311",
    "exchangeName": "PumpSwap",
    "exchangeAddress": "pAMMBay6oceH9fJKBRHGP5D4bD4sWpmSwMn52FMfXEA",
    "firstSwapTimestamp": "2025-06-23T23:01:53+00:00",
    "firstSwapType": "buy",
    "firstBuyerOrSeller": "cakewAiZcEFuE3YjRd6KzBVqdpykNCZupJxdft7u5vW",
    "firstTradeValueUsd": 0.009277143
}