{
    "label": 62,
    "mint": "2EfvFvdXXcK5fzkbuwWwKcNTUUZqTEQLiN9ZZq1Ypump",
    "name": "Compound ",
    "symbol": "COMPOUND",
    "decimals": "6",
    "totalSupply": "191525626716",
    "totalSupplyFormatted": "191525.626716",
    "sellerFeeBasisPoints": 0,
    "isMutable": true,
    "primarySaleHappened": 0,
    "updateAuthority": "BcoUvPakdewbG7rKRU6s3VAZtVGVUgL5qQjmkYgD6Pm6",
    "usdPrice": 0.000150678,
    "nativePriceValue": "1033",
    "exchangeName": "PumpSwap",
    "exchangeAddress": "pAMMBay6oceH9fJKBRHGP5D4bD4sWpmSwMn52FMfXEA",
    "firstSwapTimestamp": "2025-06-26T07:34:49+00:00",
    "firstSwapType": "buy",
    "firstBuyerOrSeller": "KWq7esvBkhAh6TP6iDb1LtGPhQbTN76L6iN3p5Dd81E",
    "firstTradeValueUsd": 45.719533172
}