{
    "label": 63,
    "mint": "3rkDgC4TLuVP8hwiVF1KVhViYx47xLYdzKF9V69Jpump",
    "name": "Dad And Beer Index",
    "symbol": "D&B6900",
    "decimals": "6",
    "totalSupply": "999999998924780",
    "totalSupplyFormatted": "999999998.92478",
    "sellerFeeBasisPoints": 0,
    "isMutable": true,
    "primarySaleHappened": 0,
    "updateAuthority": "J1St47afYhdzQVuQb9tCbryGaZqf215m3ScXKjotNwmP",
    "usdPrice": 0.000181897,
    "nativePriceValue": "1226",
    "exchangeName": "PumpSwap",
    "exchangeAddress": "pAMMBay6oceH9fJKBRHGP5D4bD4sWpmSwMn52FMfXEA",
    "firstSwapTimestamp": "2025-06-15T13:21:25+00:00",
    "firstSwapType": "buy",
    "firstBuyerOrSeller": "CKv3goog4tZgjnf2YxNz2ELxs2vC6daN5btstiAKztJk",
    "firstTradeValueUsd": 2.349313266
}