{
    "label": 63,
    "mint": "22hcitgqoNVZsWXTaRwK3snKbGMYpccRB64Z8Lxxpump",
    "name": "STOP WAR",
    "symbol": "STOPWAR",
    "decimals": "6",
    "totalSupply": "14012294413693",
    "totalSupplyFormatted": "14012294.413693",
    "sellerFeeBasisPoints": 0,
    "isMutable": false,
    "primarySaleHappened": 0,
    "updateAuthority": "H5knk8XYtAcsUHsxx8szd2KZVNdT2dauVgypmcnhhjXh",
    "usdPrice": 5.57e-07,
    "nativePriceValue": "3.6476",
    "exchangeName": "PumpSwap",
    "exchangeAddress": "pAMMBay6oceH9fJKBRHGP5D4bD4sWpmSwMn52FMfXEA",
    "firstSwapTimestamp": "2025-06-17T06:45:27+00:00",
    "firstSwapType": "buy",
    "firstBuyerOrSeller": "H5knk8XYtAcsUHsxx8szd2KZVNdT2dauVgypmcnhhjXh",
    "firstTradeValueUsd": 1.52e-07
}