{
    "label": 66,
    "mint": "14PTbEDQsW8fjnwWVQ9Ht5DPhCCFbwsJgCgCJ4Hbpump",
    "name": "Trench Network Television",
    "symbol": "TNT",
    "decimals": "6",
    "totalSupply": "312666691903",
    "totalSupplyFormatted": "312666.691903",
    "sellerFeeBasisPoints": 0,
    "isMutable": false,
    "primarySaleHappened": 0,
    "updateAuthority": "8ohoLDneBkx88j9v7JQtrB8UdjKZeBRmzZq6CXNrebGm",
    "usdPrice": 9.89e-07,
    "nativePriceValue": "6.1068",
    "exchangeName": "PumpSwap",
    "exchangeAddress": "pAMMBay6oceH9fJKBRHGP5D4bD4sWpmSwMn52FMfXEA",
    "firstSwapTimestamp": "2025-06-16T19:00:14+00:00",
    "firstSwapType": "buy",
    "firstBuyerOrSeller": "27HFmP7ccLadGswvQfvea4o3juLw75cPF4V6jWpHM3MX",
    "firstTradeValueUsd": 0.016616631
}