{
    "label": 63,
    "mint": "2ytdWpeEBhbf7wzGHkUM44r2RaZFj4hXr24MX1BCpump",
    "name": "Apollo",
    "symbol": "Apollo",
    "decimals": "6",
    "totalSupply": "999999932229263",
    "totalSupplyFormatted": "999999932.229263",
    "sellerFeeBasisPoints": 0,
    "isMutable": true,
    "primarySaleHappened": 0,
    "updateAuthority": "Q2LZTzKSGNirNCkPomif8Fo5qhCLbQ4AdHQs1Pt44Jw",
    "usdPrice": 5.2104e-05,
    "nativePriceValue": "350",
    "exchangeName": "PumpSwap",
    "exchangeAddress": "pAMMBay6oceH9fJKBRHGP5D4bD4sWpmSwMn52FMfXEA",
    "firstSwapTimestamp": "2025-06-15T14:03:36+00:00",
    "firstSwapType": "buy",
    "firstBuyerOrSeller": "GpvGJZEfVcnWJirpMFL3Ua57wPfNTTg18AtE8JJH9QFV",
    "firstTradeValueUsd": 14.780797531
}