{
    "label": 80,
    "mint": "2XM8Et23JzWPTdBvjWchwJToHhu8nEpXQ7y6zAPZpump",
    "name": "ArenaToken",
    "symbol": "ARENA",
    "decimals": "6",
    "totalSupply": "999827669868047",
    "totalSupplyFormatted": "999827669.868047",
    "sellerFeeBasisPoints": 0,
    "isMutable": true,
    "primarySaleHappened": 0,
    "updateAuthority": "Qq6sqMsM84cuxBroAEyw2iYnmJh2t7MP4aCU9AVWvH8",
    "usdPrice": 3.679e-05,
    "nativePriceValue": "260",
    "exchangeName": "PumpSwap",
    "exchangeAddress": "pAMMBay6oceH9fJKBRHGP5D4bD4sWpmSwMn52FMfXEA",
    "firstSwapTimestamp": "2025-06-27T18:19:46+00:00",
    "firstSwapType": "buy",
    "firstBuyerOrSeller": "bpDk4nZxqCN7iXtgKYppNcWoK3HZ1w1X5Q2rfoU8EHj",
    "firstTradeValueUsd": 2.447925859
}