{
    "label": 63,
    "mint": "2Nvansx8uX2VXboyESAkwXb1r1MBeaa4CsMj1nyVpump",
    "name": "Baby Kangaroo first steps",
    "symbol": "HOPS",
    "decimals": "6",
    "totalSupply": "999999240332109",
    "totalSupplyFormatted": "999999240.332109",
    "sellerFeeBasisPoints": 0,
    "isMutable": true,
    "primarySaleHappened": 0,
    "updateAuthority": "4MxJmo7ZqGq8jcXFvSyZV1WEPAEUERndntUUatNzPG6e",
    "usdPrice": 9.3826e-05,
    "nativePriceValue": "677",
    "exchangeName": "PumpSwap",
    "exchangeAddress": "pAMMBay6oceH9fJKBRHGP5D4bD4sWpmSwMn52FMfXEA",
    "firstSwapTimestamp": "2025-06-21T18:03:02+00:00",
    "firstSwapType": "buy",
    "firstBuyerOrSeller": "5M1ogcHpMJPWwcuKmrmZB2Z4UtbTnSFyBtv7bgRkm2pv",
    "firstTradeValueUsd": 27.662402319
}