{
    "label": 63,
    "mint": "3uhyWg9kGCdb7HzDsXg496P5LUDzEFzeQkt3AgH6pump",
    "name": "Euowope",
    "symbol": "Euowope",
    "decimals": "6",
    "totalSupply": "999936107203113",
    "totalSupplyFormatted": "999936107.203113",
    "sellerFeeBasisPoints": 0,
    "isMutable": true,
    "primarySaleHappened": 0,
    "updateAuthority": "8LW4TKWj7B2MaZwYKP5K518tXSVJAwWYNVXuVVamYC8X",
    "usdPrice": 6.8923e-05,
    "nativePriceValue": "469",
    "exchangeName": "PumpSwap",
    "exchangeAddress": "pAMMBay6oceH9fJKBRHGP5D4bD4sWpmSwMn52FMfXEA",
    "firstSwapTimestamp": "2025-06-25T08:00:33+00:00",
    "firstSwapType": "buy",
    "firstBuyerOrSeller": "FWMVpoQYQGwi3kAddqHbSXesnmNtys1VqmsA3ZJoBcAQ",
    "firstTradeValueUsd": 1.467858218
}