{
    "label": 64,
    "mint": "2izauFK9GwKab63ZTT7WyBQKUuVzS9hM18CfcTjJpump",
    "name": "Fartshot",
    "symbol": "Fartshot",
    "decimals": "6",
    "totalSupply": "999984976841010",
    "totalSupplyFormatted": "999984976.84101",
    "sellerFeeBasisPoints": 0,
    "isMutable": true,
    "primarySaleHappened": 0,
    "updateAuthority": "6ZGCSwVumzqZpTPWkASisVfeudLuKN729Qw4JDdtG2QJ",
    "usdPrice": 8.6357e-05,
    "nativePriceValue": "608",
    "exchangeName": "PumpSwap",
    "exchangeAddress": "pAMMBay6oceH9fJKBRHGP5D4bD4sWpmSwMn52FMfXEA",
    "firstSwapTimestamp": "2025-06-28T01:17:56+00:00",
    "firstSwapType": "buy",
    "firstBuyerOrSeller": "2ZQBGAtAWREWYrmTfXscxeGcKC7VyxQ4eF4Bj7TWeQZ6",
    "firstTradeValueUsd": 1.905773473
}