{
    "label": 63,
    "mint": "3yWrWSz9trHX6Lx9LcWNWKPzwSU2KMbAKTXNWLnCpump",
    "name": "bork",
    "symbol": "bork",
    "decimals": "6",
    "totalSupply": "999883640263612",
    "totalSupplyFormatted": "999883640.263612",
    "sellerFeeBasisPoints": 0,
    "isMutable": true,
    "primarySaleHappened": 0,
    "updateAuthority": "Gsoo6rYKuDMJieyhzcfg7mXg8kebiqW6dMPiRDdN7uVK",
    "usdPrice": 4.4257e-05,
    "nativePriceValue": "333",
    "exchangeName": "PumpSwap",
    "exchangeAddress": "pAMMBay6oceH9fJKBRHGP5D4bD4sWpmSwMn52FMfXEA",
    "firstSwapTimestamp": "2025-06-23T02:53:54+00:00",
    "firstSwapType": "buy",
    "firstBuyerOrSeller": "5VM944Jny2LEhuzLckLfrg4iga9RAseBmZzKaSiRZAEk",
    "firstTradeValueUsd": 1.653331562
}