{
    "label": 67,
    "mint": "3efTK8xVU7B5To7TGebX5ZmgPBdDkYKZ8QfGLjNSpump",
    "name": "FREE",
    "symbol": "FREE",
    "decimals": "6",
    "totalSupply": "999872145401621",
    "totalSupplyFormatted": "999872145.401621",
    "sellerFeeBasisPoints": 0,
    "isMutable": true,
    "primarySaleHappened": 0,
    "updateAuthority": "ktFMaaZ7wdqGxfJG5FsB88gJ9vig6ez9XBvHjZEXMAW",
    "usdPrice": 119768.035997958,
    "nativePriceValue": "656250031250",
    "exchangeName": "PumpSwap",
    "exchangeAddress": "pAMMBay6oceH9fJKBRHGP5D4bD4sWpmSwMn52FMfXEA",
    "firstSwapTimestamp": "2025-07-03T19:00:26+00:00",
    "firstSwapType": "buy",
    "firstBuyerOrSeller": "FE8W9kNjRr21Fkg41feu1AoaRzfTn2pJ8S83VawLsayk",
    "firstTradeValueUsd": 1.514531102
}