{
    "label": 63,
    "mint": "2L1vBJARvcLiQN2XrKukbjogQJ3ZYHNzvJTY6n3wpump",
    "name": "CEO of Vibes",
    "symbol": "SEAL",
    "decimals": "6",
    "totalSupply": "529952219149",
    "totalSupplyFormatted": "529952.219149",
    "sellerFeeBasisPoints": 0,
    "isMutable": false,
    "primarySaleHappened": 0,
    "updateAuthority": "H5knk8XYtAcsUHsxx8szd2KZVNdT2dauVgypmcnhhjXh",
    "usdPrice": 9.46e-06,
    "nativePriceValue": "64.1277",
    "exchangeName": "PumpSwap",
    "exchangeAddress": "pAMMBay6oceH9fJKBRHGP5D4bD4sWpmSwMn52FMfXEA",
    "firstSwapTimestamp": "2025-06-28T11:12:01+00:00",
    "firstSwapType": "buy",
    "firstBuyerOrSeller": "H5knk8XYtAcsUHsxx8szd2KZVNdT2dauVgypmcnhhjXh",
    "firstTradeValueUsd": 1.46e-07
}