{
    "label": 63,
    "mint": "2SCb9VmjRqfjftQYKaUN27FKwJucExASq3kQ3Yp9pump",
    "name": "McDonalds Official",
    "symbol": "MCDONALDS",
    "decimals": "6",
    "totalSupply": "999541570847869",
    "totalSupplyFormatted": "999541570.847869",
    "sellerFeeBasisPoints": 0,
    "isMutable": true,
    "primarySaleHappened": 0,
    "updateAuthority": "GDENFPBVrtgf9r3jzJywvYQWFNxeA1Vep3yJrCBD54jT",
    "usdPrice": 4.2583e-05,
    "nativePriceValue": "279",
    "exchangeName": "PumpSwap",
    "exchangeAddress": "pAMMBay6oceH9fJKBRHGP5D4bD4sWpmSwMn52FMfXEA",
    "firstSwapTimestamp": "2025-07-03T12:48:56+00:00",
    "firstSwapType": "buy",
    "firstBuyerOrSeller": "9bHBfnrJ2gro41BqdKx6ebPD5Cf74UyWf3kfD5FceJi1",
    "firstTradeValueUsd": 1.519723714
}