{
    "label": 78,
    "mint": "2SLiB7z5hNKdfM43g65XcWt12bqnjAAK7D5WDoGwpump",
    "name": "Intern's Coin",
    "symbol": "Intern",
    "decimals": "6",
    "totalSupply": "999826826210978",
    "totalSupplyFormatted": "999826826.210978",
    "sellerFeeBasisPoints": 0,
    "isMutable": true,
    "primarySaleHappened": 0,
    "updateAuthority": "ShKwYAJ64PRyG2ps4c9z4XBcnSXsogtE4Wg2aEYFg26",
    "usdPrice": 4.6947e-05,
    "nativePriceValue": "297",
    "exchangeName": "PumpSwap",
    "exchangeAddress": "pAMMBay6oceH9fJKBRHGP5D4bD4sWpmSwMn52FMfXEA",
    "firstSwapTimestamp": "2025-06-16T18:43:15+00:00",
    "firstSwapType": "buy",
    "firstBuyerOrSeller": "Cd3UHZDauHCQGKycM5uQAhWWGauf66SGBNoaqYy64Na8",
    "firstTradeValueUsd": 15.72606464
}