{
    "label": 63,
    "mint": "3ruQWDRVZR16LCLkT2M97Niz2X54RRKSBKA5mKUCpump",
    "name": "the only thing green rn",
    "symbol": "greencoin",
    "decimals": "6",
    "totalSupply": "999997838267546",
    "totalSupplyFormatted": "999997838.267546",
    "sellerFeeBasisPoints": 0,
    "isMutable": true,
    "primarySaleHappened": 0,
    "updateAuthority": "EyAx5QXzQp4ppP6yzGJoyn5V3h3AzWwM8PMWhPP7PuY5",
    "usdPrice": 0.000101765,
    "nativePriceValue": "791",
    "exchangeName": "PumpSwap",
    "exchangeAddress": "pAMMBay6oceH9fJKBRHGP5D4bD4sWpmSwMn52FMfXEA",
    "firstSwapTimestamp": "2025-06-22T16:16:22+00:00",
    "firstSwapType": "buy",
    "firstBuyerOrSeller": "2JUU74qA5BCWSjBfggLcxMfypbzEeawqMpuhWpqV3zZn",
    "firstTradeValueUsd": 1.284159354
}