{
    "label": 63,
    "mint": "3grVE6rXL437FTAZrGRMzBci5CE9CKR6K8CKRgwUpump",
    "name": "CRAZY",
    "symbol": "CRAZY",
    "decimals": "6",
    "totalSupply": "2950171076339",
    "totalSupplyFormatted": "2950171.076339",
    "sellerFeeBasisPoints": 0,
    "isMutable": false,
    "primarySaleHappened": 0,
    "updateAuthority": "4TdYLJKUVwzQZD8M9dFsjVi5smaA2nDwTRAG6fwkjRfL",
    "usdPrice": 4.371e-06,
    "nativePriceValue": "28.3707",
    "exchangeName": "PumpSwap",
    "exchangeAddress": "pAMMBay6oceH9fJKBRHGP5D4bD4sWpmSwMn52FMfXEA",
    "firstSwapTimestamp": "2025-07-01T02:14:21+00:00",
    "firstSwapType": "buy",
    "firstBuyerOrSeller": "4TdYLJKUVwzQZD8M9dFsjVi5smaA2nDwTRAG6fwkjRfL",
    "firstTradeValueUsd": 1.53e-07
}