{
    "label": 63,
    "mint": "3LLHUUtYt47jALN4zLPdp5zmVoFJpfCHL6FFGNMKpump",
    "name": "PORNHUB OFFICIAL",
    "symbol": "PORNHUB",
    "decimals": "6",
    "totalSupply": "999998463408510",
    "totalSupplyFormatted": "999998463.40851",
    "sellerFeeBasisPoints": 0,
    "isMutable": true,
    "primarySaleHappened": 0,
    "updateAuthority": "94vnZ1jUCyY7qeV2iSSD95WsZV5K4urrWtHLPaFfHoHd",
    "usdPrice": 8.5573e-05,
    "nativePriceValue": "561",
    "exchangeName": "PumpSwap",
    "exchangeAddress": "pAMMBay6oceH9fJKBRHGP5D4bD4sWpmSwMn52FMfXEA",
    "firstSwapTimestamp": "2025-07-03T23:38:42+00:00",
    "firstSwapType": "buy",
    "firstBuyerOrSeller": "9bHBfnrJ2gro41BqdKx6ebPD5Cf74UyWf3kfD5FceJi1",
    "firstTradeValueUsd": 1.522617981
}