{
    "label": 63,
    "mint": "25jcBdCx7pGsPLfE8tT4c2v1p6869wuooBj7yK28pump",
    "name": "PET",
    "symbol": "PetStar",
    "decimals": "6",
    "totalSupply": "999627809453692",
    "totalSupplyFormatted": "999627809.453692",
    "sellerFeeBasisPoints": 0,
    "isMutable": true,
    "primarySaleHappened": 0,
    "updateAuthority": "HPNwJ9RnWdYLMZ6Lx4gudukMGrGa77pBr2z4q33G14Nv",
    "usdPrice": 0.000581981,
    "nativePriceValue": "4305",
    "exchangeName": "PumpSwap",
    "exchangeAddress": "pAMMBay6oceH9fJKBRHGP5D4bD4sWpmSwMn52FMfXEA",
    "firstSwapTimestamp": "2025-06-20T11:20:02+00:00",
    "firstSwapType": "buy",
    "firstBuyerOrSeller": "5M1ogcHpMJPWwcuKmrmZB2Z4UtbTnSFyBtv7bgRkm2pv",
    "firstTradeValueUsd": 14.779713
}