{
    "label": 36,
    "mint": "1De41k4sHKjXmGaCeuE1eyVadseUjBJgNoa6KCUpump",
    "name": "MOONCAT",
    "symbol": "MCAT",
    "decimals": "6",
    "totalSupply": "749717885497",
    "totalSupplyFormatted": "749717.885497",
    "sellerFeeBasisPoints": 0,
    "isMutable": false,
    "primarySaleHappened": 0,
    "updateAuthority": "7ppojHQQV1LmaMWF27JmzpquRWE2ir77DSUeVXR5b9oJ",
    "usdPrice": 1.1739e-09,
    "nativePriceValue": "0.00726952",
    "exchangeName": "PumpSwap",
    "exchangeAddress": "pAMMBay6oceH9fJKBRHGP5D4bD4sWpmSwMn52FMfXEA",
    "firstSwapTimestamp": "2025-06-21T03:08:14+00:00",
    "firstSwapType": "buy",
    "firstBuyerOrSeller": "cakewAiZcEFuE3YjRd6KzBVqdpykNCZupJxdft7u5vW",
    "firstTradeValueUsd": 0.00898198
}