{
    "label": 63,
    "mint": "4TpLaXPjdxb5dEECnJZVGcNgs7arZHxXENjvPNNNpump",
    "name": "jerboa",
    "symbol": "jerboa",
    "decimals": "6",
    "totalSupply": "999848868155114",
    "totalSupplyFormatted": "999848868.155114",
    "sellerFeeBasisPoints": 0,
    "isMutable": true,
    "primarySaleHappened": 0,
    "updateAuthority": "8mzzX1ZNPDMEFb6EYYgeaq6dSNTmbpFM3dc7psHCxY9b",
    "usdPrice": 3.9817e-05,
    "nativePriceValue": "270",
    "exchangeName": "PumpSwap",
    "exchangeAddress": "pAMMBay6oceH9fJKBRHGP5D4bD4sWpmSwMn52FMfXEA",
    "firstSwapTimestamp": "2025-06-15T05:43:57+00:00",
    "firstSwapType": "buy",
    "firstBuyerOrSeller": "Gd4w6EZcbYRC9K8ofXqpeagNCAKYdQLfsNPeRnH1wR3C",
    "firstTradeValueUsd": 14.637857302
}