{
    "label": 63,
    "mint": "3evC9B5uQ16qyvipPnh2fdvVATHDtcrr264DFwcupump",
    "name": "Newklear Wur",
    "symbol": "NEWK",
    "decimals": "6",
    "totalSupply": "999889757541950",
    "totalSupplyFormatted": "999889757.54195",
    "sellerFeeBasisPoints": 0,
    "isMutable": true,
    "primarySaleHappened": 0,
    "updateAuthority": "eiW3xcGK4bTVJZrzS7wwU7Jc2F5kN6HLrNWXokDexTc",
    "usdPrice": 4.9161e-05,
    "nativePriceValue": "361",
    "exchangeName": "PumpSwap",
    "exchangeAddress": "pAMMBay6oceH9fJKBRHGP5D4bD4sWpmSwMn52FMfXEA",
    "firstSwapTimestamp": "2025-06-22T04:29:07+00:00",
    "firstSwapType": "buy",
    "firstBuyerOrSeller": "8wTiHrCJVVgo9j6VUoSiRUV4cQBnXHT7GG2TKAhvJWWK",
    "firstTradeValueUsd": 46.215755975
}