{
    "label": 29,
    "mint": "2CA9F5GLR8bKz5t3GFgfs22upjKbfS6N6Py7nBgWpump",
    "name": "CyberKoi",
    "symbol": "CKOI",
    "decimals": "6",
    "totalSupply": "1000000000000000",
    "totalSupplyFormatted": "1000000000",
    "sellerFeeBasisPoints": 0,
    "isMutable": false,
    "primarySaleHappened": 0,
    "updateAuthority": "WLHv2UAZm6z4KyaaELi5pjdbJh6RESMva1Rnn8pJVVh",
    "usdPrice": 4.41e-06,
    "nativePriceValue": "27.6655",
    "exchangeName": "Raydium",
    "exchangeAddress": "LanMV9sAd7wArD4vJFi2qDdfnVhFxYSUg6eADduJ3uj",
    "firstSwapTimestamp": "2025-07-10T18:28:00+00:00",
    "firstSwapType": "buy",
    "firstBuyerOrSeller": "CFdzuZUd2kQ2MgTrDebNkBxZULiHG8S6WzyyuohJguQ5",
    "firstTradeValueUsd": 103.754413403
}