{
    "label": 62,
    "mint": "4jsSyu3SU8pyM6oYAL6UxyZRJBFV9yYt4ptWu2vupump",
    "name": "DOLLO ALL IN",
    "symbol": "dollo",
    "decimals": "6",
    "totalSupply": "242457162741",
    "totalSupplyFormatted": "242457.162741",
    "sellerFeeBasisPoints": 0,
    "isMutable": false,
    "primarySaleHappened": 0,
    "updateAuthority": "ETmAfCQGzzanVnB9dZ6dTyhbb2E51FZ2bEVgvdC251mo",
    "usdPrice": 1.3393e-05,
    "nativePriceValue": "82.6443",
    "exchangeName": "PumpSwap",
    "exchangeAddress": "pAMMBay6oceH9fJKBRHGP5D4bD4sWpmSwMn52FMfXEA",
    "firstSwapTimestamp": "2025-07-11T21:37:43+00:00",
    "firstSwapType": "buy",
    "firstBuyerOrSeller": "ETmAfCQGzzanVnB9dZ6dTyhbb2E51FZ2bEVgvdC251mo",
    "firstTradeValueUsd": 1.62e-07
}