{
    "label": 63,
    "mint": "2HG1nrfHCJaucQ3Cy4Jk7qRVijHnL1u3GbSdy2qgpump",
    "name": "Robotaxi",
    "symbol": "Robotaxi",
    "decimals": "6",
    "totalSupply": "999689739218115",
    "totalSupplyFormatted": "999689739.218115",
    "sellerFeeBasisPoints": 0,
    "isMutable": true,
    "primarySaleHappened": 0,
    "updateAuthority": "BeGYb5PKCZ3gv57CoGZuSn6NPgV8FoEBfRBnD9tzy7FJ",
    "usdPrice": 0.003288672,
    "nativePriceValue": "23147",
    "exchangeName": "PumpSwap",
    "exchangeAddress": "pAMMBay6oceH9fJKBRHGP5D4bD4sWpmSwMn52FMfXEA",
    "firstSwapTimestamp": "2025-06-21T11:59:30+00:00",
    "firstSwapType": "buy",
    "firstBuyerOrSeller": "FWMVpoQYQGwi3kAddqHbSXesnmNtys1VqmsA3ZJoBcAQ",
    "firstTradeValueUsd": 1.417029404
}