{
    "label": 63,
    "mint": "25KwFChjVyMaMvLhChw6ctad5zGttouqiujQsFZfpump",
    "name": "The Housecoin Alternative",
    "symbol": "Rentcoin",
    "decimals": "6",
    "totalSupply": "999768403182609",
    "totalSupplyFormatted": "999768403.182609",
    "sellerFeeBasisPoints": 0,
    "isMutable": true,
    "primarySaleHappened": 0,
    "updateAuthority": "3ZYQjBcqftgJU3Hh7DGbSfKki3KBXbHajkunvR9siQV3",
    "usdPrice": 2.0933e-05,
    "nativePriceValue": "144",
    "exchangeName": "PumpSwap",
    "exchangeAddress": "pAMMBay6oceH9fJKBRHGP5D4bD4sWpmSwMn52FMfXEA",
    "firstSwapTimestamp": "2025-06-26T06:21:58+00:00",
    "firstSwapType": "buy",
    "firstBuyerOrSeller": "3joKYvUT7hRFNUBdX1e1TfGhJrGMtWYWs147TnUTQeh3",
    "firstTradeValueUsd": 1.443584263
}