{
    "label": 62,
    "mint": "2eNACkXVcMDh7pYbGJxJR7XXVZB34EGKPLyHdNi1pump",
    "name": "solmon",
    "symbol": "solmon",
    "decimals": "6",
    "totalSupply": "999998736943008",
    "totalSupplyFormatted": "999998736.943008",
    "sellerFeeBasisPoints": 0,
    "isMutable": true,
    "primarySaleHappened": 0,
    "updateAuthority": "2PQapfT6AKSj9kPCgSCesEEXEDajmQ6MXPcBZGhjMNuo",
    "usdPrice": 7.4142e-05,
    "nativePriceValue": "510",
    "exchangeName": "PumpSwap",
    "exchangeAddress": "pAMMBay6oceH9fJKBRHGP5D4bD4sWpmSwMn52FMfXEA",
    "firstSwapTimestamp": "2025-06-25T04:08:57+00:00",
    "firstSwapType": "buy",
    "firstBuyerOrSeller": "3vmYPBawthRwNBUGjbKYxqbdPN3YUgfcaoiqbSydEUrh",
    "firstTradeValueUsd": 14.491061115
}