{
    "label": 80,
    "mint": "4B5LR3GLnEVfMoPzskbDg8MhkpZZt1LcWXhshjaSpump",
    "name": "dak",
    "symbol": "dak",
    "decimals": "6",
    "totalSupply": "999999182006891",
    "totalSupplyFormatted": "999999182.006891",
    "sellerFeeBasisPoints": 0,
    "isMutable": true,
    "primarySaleHappened": 0,
    "updateAuthority": "H6Sv1N2uUAJTrAPKYJXxCajxQeAVvVa9pWTLzG2uNuMV",
    "usdPrice": 0.000152856,
    "nativePriceValue": "1011",
    "exchangeName": "PumpSwap",
    "exchangeAddress": "pAMMBay6oceH9fJKBRHGP5D4bD4sWpmSwMn52FMfXEA",
    "firstSwapTimestamp": "2025-06-29T17:29:34+00:00",
    "firstSwapType": "buy",
    "firstBuyerOrSeller": "G8J9iRQUDJggxipJtSjgGPYMe1SzvS4N3pyuXAr5Ymse",
    "firstTradeValueUsd": 811.502506248
}