{
    "label": 36,
    "mint": "13bPTA4aSx2TxMLK1nuMap8SUhF63sxJH9Jr9jw8pump",
    "name": "Straight of Hummus",
    "symbol": "HUM",
    "decimals": "6",
    "totalSupply": "1052545472644",
    "totalSupplyFormatted": "1052545.472644",
    "sellerFeeBasisPoints": 0,
    "isMutable": false,
    "primarySaleHappened": 0,
    "updateAuthority": "Fxoies8k2pXfBy6MLPtwjDmigd7QqKw7AMPiQZdmwszW",
    "usdPrice": 6.816e-10,
    "nativePriceValue": "0.00421527",
    "exchangeName": "PumpSwap",
    "exchangeAddress": "pAMMBay6oceH9fJKBRHGP5D4bD4sWpmSwMn52FMfXEA",
    "firstSwapTimestamp": "2025-06-22T13:07:29+00:00",
    "firstSwapType": "buy",
    "firstBuyerOrSeller": "cakewAiZcEFuE3YjRd6KzBVqdpykNCZupJxdft7u5vW",
    "firstTradeValueUsd": 0.008523834
}