{
    "label": 63,
    "mint": "3yr1uBDwDfgj4xh2DjgFgCNJTvYbXJTt5rWvN1qPpump",
    "name": "Fartcoin for girlies",
    "symbol": "Queefcoin",
    "decimals": "6",
    "totalSupply": "999653971508708",
    "totalSupplyFormatted": "999653971.508708",
    "sellerFeeBasisPoints": 0,
    "isMutable": true,
    "primarySaleHappened": 0,
    "updateAuthority": "7EgX1CuEA3qdgGhjQLioi8r9HtyA3keqXaXgK3EofXo7",
    "usdPrice": 3.3967e-05,
    "nativePriceValue": "239",
    "exchangeName": "PumpSwap",
    "exchangeAddress": "pAMMBay6oceH9fJKBRHGP5D4bD4sWpmSwMn52FMfXEA",
    "firstSwapTimestamp": "2025-06-27T11:47:46+00:00",
    "firstSwapType": "buy",
    "firstBuyerOrSeller": "2JUU74qA5BCWSjBfggLcxMfypbzEeawqMpuhWpqV3zZn",
    "firstTradeValueUsd": 1.4162347
}