{
    "label": 36,
    "mint": "13d5myuLDhA3HbWzjU7rfCvNKRTSPk5b9kNKroAxpump",
    "name": "All Time High",
    "symbol": "PETS",
    "decimals": "6",
    "totalSupply": "4738626680",
    "totalSupplyFormatted": "4738.62668",
    "sellerFeeBasisPoints": 0,
    "isMutable": false,
    "primarySaleHappened": 0,
    "updateAuthority": "8yVUY7tkXh5o591xkpqGYS6XPRFdAP8Veyf5Q6sKNV6N",
    "usdPrice": 2.437e-06,
    "nativePriceValue": "15.0426",
    "exchangeName": "PumpSwap",
    "exchangeAddress": "pAMMBay6oceH9fJKBRHGP5D4bD4sWpmSwMn52FMfXEA",
    "firstSwapTimestamp": "2025-06-16T18:00:34+00:00",
    "firstSwapType": "buy",
    "firstBuyerOrSeller": "4woXzDiykf2ykiWw4jTeK5ce3rcMBNm9z5FqQwoReFTg",
    "firstTradeValueUsd": 0.012541246
}