{
    "label": 78,
    "mint": "4C7gmR7NAji2PP73v62WHdUpFmPNExe5oPE1h7TLpump",
    "name": "fish+duck",
    "symbol": "fuck",
    "decimals": "6",
    "totalSupply": "999996842707729",
    "totalSupplyFormatted": "999996842.707729",
    "sellerFeeBasisPoints": 0,
    "isMutable": true,
    "primarySaleHappened": 0,
    "updateAuthority": "CYR1C6z2cCW3FcrFepQLAme8SxyB8So4EDdtdYg3QU1z",
    "usdPrice": 9.3166e-05,
    "nativePriceValue": "661",
    "exchangeName": "PumpSwap",
    "exchangeAddress": "pAMMBay6oceH9fJKBRHGP5D4bD4sWpmSwMn52FMfXEA",
    "firstSwapTimestamp": "2025-06-27T05:34:14+00:00",
    "firstSwapType": "buy",
    "firstBuyerOrSeller": "bpDk4nZxqCN7iXtgKYppNcWoK3HZ1w1X5Q2rfoU8EHj",
    "firstTradeValueUsd": 2.441983854
}