{
    "label": 80,
    "mint": "33h5hvjsYYfr7mKbKe1dwTWHDPpcRvMiMk73aQkapump",
    "name": "PORKY PIG PARTY",
    "symbol": "PPP",
    "decimals": "6",
    "totalSupply": "999997312832074",
    "totalSupplyFormatted": "999997312.832074",
    "sellerFeeBasisPoints": 0,
    "isMutable": true,
    "primarySaleHappened": 0,
    "updateAuthority": "Qq6sqMsM84cuxBroAEyw2iYnmJh2t7MP4aCU9AVWvH8",
    "usdPrice": 9.5845e-05,
    "nativePriceValue": "611",
    "exchangeName": "PumpSwap",
    "exchangeAddress": "pAMMBay6oceH9fJKBRHGP5D4bD4sWpmSwMn52FMfXEA",
    "firstSwapTimestamp": "2025-06-30T20:33:18+00:00",
    "firstSwapType": "buy",
    "firstBuyerOrSeller": "F3v46kynBTFPhfsdBaErzAhWMspAAGQgB1hF5SGEKcSR",
    "firstTradeValueUsd": 48.874475035
}