{
    "label": 65,
    "mint": "4fwk4dYQnkZVBvTtHGdw1YFvhefm171fkdQpandfpump",
    "name": "economycoin",
    "symbol": "economy",
    "decimals": "6",
    "totalSupply": "999775512834093",
    "totalSupplyFormatted": "999775512.834093",
    "sellerFeeBasisPoints": 0,
    "isMutable": true,
    "primarySaleHappened": 0,
    "updateAuthority": "wsCHXFsCkzQAD8bLs8ZAtzL1iZhsdMkzJZ7iZjTajdP",
    "usdPrice": 4.4802e-05,
    "nativePriceValue": "295",
    "exchangeName": "PumpSwap",
    "exchangeAddress": "pAMMBay6oceH9fJKBRHGP5D4bD4sWpmSwMn52FMfXEA",
    "firstSwapTimestamp": "2025-07-03T17:18:48+00:00",
    "firstSwapType": "buy",
    "firstBuyerOrSeller": "76NMKsKmTf4p93tik1rjsFZY8LTRbD6zwsbMqZhKZDAP",
    "firstTradeValueUsd": 1.507318606
}