{
    "label": 65,
    "mint": "3EqbHhW3G3NPs2rwE3onYG5u418Lxw9hvSTQmykSpump",
    "name": "FCK School",
    "symbol": "FCK",
    "decimals": "6",
    "totalSupply": "1273062146793",
    "totalSupplyFormatted": "1273062.146793",
    "sellerFeeBasisPoints": 0,
    "isMutable": false,
    "primarySaleHappened": 0,
    "updateAuthority": "CHuifqJgrdJ51D92GkjkbkS5eG1kTxKTZbiy2RaWJca5",
    "usdPrice": 1.0503e-05,
    "nativePriceValue": "63.3924",
    "exchangeName": "PumpSwap",
    "exchangeAddress": "pAMMBay6oceH9fJKBRHGP5D4bD4sWpmSwMn52FMfXEA",
    "firstSwapTimestamp": "2025-07-11T06:13:45+00:00",
    "firstSwapType": "buy",
    "firstBuyerOrSeller": "CHuifqJgrdJ51D92GkjkbkS5eG1kTxKTZbiy2RaWJca5",
    "firstTradeValueUsd": 1.64e-07
}