{
    "label": 67,
    "mint": "4qHYVo7RaXrr2fHSmMoNbSfwLPzsxkUAwLyPBMfvpump",
    "name": "HELIO AI",
    "symbol": "HELIO",
    "decimals": "6",
    "totalSupply": "999939552159730",
    "totalSupplyFormatted": "999939552.15973",
    "sellerFeeBasisPoints": 0,
    "isMutable": false,
    "primarySaleHappened": 0,
    "updateAuthority": "G7XWNE3cFfyC1bvVwL3TXfgL1XEL9EoaQLNc2FXr5pWi",
    "usdPrice": 8.09821e-08,
    "nativePriceValue": "0.5005",
    "exchangeName": "PumpSwap",
    "exchangeAddress": "pAMMBay6oceH9fJKBRHGP5D4bD4sWpmSwMn52FMfXEA",
    "firstSwapTimestamp": "2025-06-18T21:55:32+00:00",
    "firstSwapType": "buy",
    "firstBuyerOrSeller": "7Ro3sej5QzDN3XaLQ3F227enhxbLhem7mVbVeXjJCx5v",
    "firstTradeValueUsd": 3809.742248296
}