{
    "label": 63,
    "mint": "4Ema129j4qdN2WXVcCQtDSngEmrdpmuq7En1AxHUpump",
    "name": "China",
    "symbol": "China",
    "decimals": "6",
    "totalSupply": "999714169950459",
    "totalSupplyFormatted": "999714169.950459",
    "sellerFeeBasisPoints": 0,
    "isMutable": true,
    "primarySaleHappened": 0,
    "updateAuthority": "7h7LA3CUUB8ucNLJQwhSyuehuRX1dNzotqxZfFpdh8v6",
    "usdPrice": 3.3534e-05,
    "nativePriceValue": "229",
    "exchangeName": "PumpSwap",
    "exchangeAddress": "pAMMBay6oceH9fJKBRHGP5D4bD4sWpmSwMn52FMfXEA",
    "firstSwapTimestamp": "2025-06-14T11:14:46+00:00",
    "firstSwapType": "buy",
    "firstBuyerOrSeller": "Cd3UHZDauHCQGKycM5uQAhWWGauf66SGBNoaqYy64Na8",
    "firstTradeValueUsd": 14.524142177
}