{
    "label": 29,
    "mint": "3B6NxDED9BmXEPvSGfPwFcVTpTzfT7H37ZSHRz58pump",
    "name": "Challenge Accepted",
    "symbol": "CA",
    "decimals": "6",
    "totalSupply": "1000000000000000",
    "totalSupplyFormatted": "1000000000",
    "sellerFeeBasisPoints": 0,
    "isMutable": false,
    "primarySaleHappened": 0,
    "updateAuthority": "WLHv2UAZm6z4KyaaELi5pjdbJh6RESMva1Rnn8pJVVh",
    "usdPrice": 4.196e-06,
    "nativePriceValue": "27.7705",
    "exchangeName": "Raydium",
    "exchangeAddress": "LanMV9sAd7wArD4vJFi2qDdfnVhFxYSUg6eADduJ3uj",
    "firstSwapTimestamp": "2025-07-08T10:33:12+00:00",
    "firstSwapType": "buy",
    "firstBuyerOrSeller": "2xSsWaA6FkS1qv7xmB586TLBif7TYLPhkVLeNVbm21mm",
    "firstTradeValueUsd": 287.08343496
}