{
    "label": 64,
    "mint": "4o6KzPBVt5phcTGSUGwojtfS8sPmYm8Eb2Efjk5Wpump",
    "name": "Venus",
    "symbol": "Venus",
    "decimals": "6",
    "totalSupply": "845012531106392",
    "totalSupplyFormatted": "845012531.106392",
    "sellerFeeBasisPoints": 0,
    "isMutable": false,
    "primarySaleHappened": 0,
    "updateAuthority": "DRbP99hwkmWL4E51Kk5nyrMxfDvYQYfhYif32TSBLDCX",
    "usdPrice": 2.1179e-09,
    "nativePriceValue": "0.0117",
    "exchangeName": "PumpSwap",
    "exchangeAddress": "pAMMBay6oceH9fJKBRHGP5D4bD4sWpmSwMn52FMfXEA",
    "firstSwapTimestamp": "2025-07-10T03:40:42+00:00",
    "firstSwapType": "buy",
    "firstBuyerOrSeller": "cakewAiZcEFuE3YjRd6KzBVqdpykNCZupJxdft7u5vW",
    "firstTradeValueUsd": 0.010083075
}