{
    "label": 80,
    "mint": "4rx7RB23ufcvYDYENeGvb17Ger4eu6MkTBQcgjMWpump",
    "name": "GoPulse",
    "symbol": "GO",
    "decimals": "6",
    "totalSupply": "990994176097417",
    "totalSupplyFormatted": "990994176.097417",
    "sellerFeeBasisPoints": 0,
    "isMutable": true,
    "primarySaleHappened": 0,
    "updateAuthority": "Qq6sqMsM84cuxBroAEyw2iYnmJh2t7MP4aCU9AVWvH8",
    "usdPrice": 4.8867e-05,
    "nativePriceValue": "337",
    "exchangeName": "PumpSwap",
    "exchangeAddress": "pAMMBay6oceH9fJKBRHGP5D4bD4sWpmSwMn52FMfXEA",
    "firstSwapTimestamp": "2025-06-24T15:15:53+00:00",
    "firstSwapType": "buy",
    "firstBuyerOrSeller": "89FuDMzqFbUC4QHvvgARXXRkVdbjdKM3Fd9xKFYqAD5Q",
    "firstTradeValueUsd": 14.423062339
}