{
    "label": 63,
    "mint": "2sNqsrs9UpuY2GpWjpoiB68R7hEpuuksd952GXhMpump",
    "name": "Smile Dog",
    "symbol": "SMILE",
    "decimals": "6",
    "totalSupply": "999716209246142",
    "totalSupplyFormatted": "999716209.246142",
    "sellerFeeBasisPoints": 0,
    "isMutable": true,
    "primarySaleHappened": 0,
    "updateAuthority": "4C9BMRbDELkuQYmkbgiQuK5c8Kk9emQpjqZm7CNBWg2d",
    "usdPrice": 4.4779e-05,
    "nativePriceValue": "293",
    "exchangeName": "PumpSwap",
    "exchangeAddress": "pAMMBay6oceH9fJKBRHGP5D4bD4sWpmSwMn52FMfXEA",
    "firstSwapTimestamp": "2025-06-15T18:51:26+00:00",
    "firstSwapType": "buy",
    "firstBuyerOrSeller": "2JUU74qA5BCWSjBfggLcxMfypbzEeawqMpuhWpqV3zZn",
    "firstTradeValueUsd": 1.520521678
}