{
    "label": 48,
    "mint": "12BihgGzh7pjpVZXVdbR7y8LvPJxGHyMnmhE94Kkpump",
    "name": "Just a dad",
    "symbol": "DAD",
    "decimals": "6",
    "totalSupply": "4822809419757",
    "totalSupplyFormatted": "4822809.419757",
    "sellerFeeBasisPoints": 0,
    "isMutable": false,
    "primarySaleHappened": 0,
    "updateAuthority": "12e4viBS1HR9U4yFdKdPTerpSefLSGDzwhxvrhWazMqr",
    "usdPrice": 1.837e-10,
    "nativePriceValue": "0.00113751",
    "exchangeName": "PumpSwap",
    "exchangeAddress": "pAMMBay6oceH9fJKBRHGP5D4bD4sWpmSwMn52FMfXEA",
    "firstSwapTimestamp": "2025-06-14T04:03:59+00:00",
    "firstSwapType": "buy",
    "firstBuyerOrSeller": "cakewAiZcEFuE3YjRd6KzBVqdpykNCZupJxdft7u5vW",
    "firstTradeValueUsd": 0.011740559
}