{
    "label": 63,
    "mint": "39J7KHMM6W5ZNQndyjUmAGyX9aNHhFACg2R7kcYxpump",
    "name": "dumb money",
    "symbol": "dumb",
    "decimals": "6",
    "totalSupply": "999999537187473",
    "totalSupplyFormatted": "999999537.187473",
    "sellerFeeBasisPoints": 0,
    "isMutable": true,
    "primarySaleHappened": 0,
    "updateAuthority": "B5CEwQcd6DJKU97aA5f15NmR3AraYE2TMeqgcTd6NfT6",
    "usdPrice": 0.000120779,
    "nativePriceValue": "776",
    "exchangeName": "PumpSwap",
    "exchangeAddress": "pAMMBay6oceH9fJKBRHGP5D4bD4sWpmSwMn52FMfXEA",
    "firstSwapTimestamp": "2025-07-03T07:52:52+00:00",
    "firstSwapType": "buy",
    "firstBuyerOrSeller": "9bHBfnrJ2gro41BqdKx6ebPD5Cf74UyWf3kfD5FceJi1",
    "firstTradeValueUsd": 1.547673574
}