{
    "label": 63,
    "mint": "3Dp9aH6HjFYwkgtdNdAJnMvcAN9RxRZczX7bpQFQpump",
    "name": "The pill was empty",
    "symbol": "Placebo",
    "decimals": "6",
    "totalSupply": "501364349056",
    "totalSupplyFormatted": "501364.349056",
    "sellerFeeBasisPoints": 0,
    "isMutable": false,
    "primarySaleHappened": 0,
    "updateAuthority": "4hSDsR5bgT8tjvdy5XSSPxxMgKTqueoThc39mUG89Tg4",
    "usdPrice": 9.111e-06,
    "nativePriceValue": "59.7527",
    "exchangeName": "PumpSwap",
    "exchangeAddress": "pAMMBay6oceH9fJKBRHGP5D4bD4sWpmSwMn52FMfXEA",
    "firstSwapTimestamp": "2025-07-07T08:53:35+00:00",
    "firstSwapType": "buy",
    "firstBuyerOrSeller": "uUwXoLe7nLsGZ6SEjrajzsrDvqhfcyq16YkWLBo9wCx",
    "firstTradeValueUsd": 0.380503752
}