{
    "label": 70,
    "mint": "3P55rnwWRAWQKdQmXT8bBAr3zCaNQSnA2yDQh3cDpump",
    "name": "Trump Mobile",
    "symbol": "T1",
    "decimals": "6",
    "totalSupply": "999308310539774",
    "totalSupplyFormatted": "999308310.539774",
    "sellerFeeBasisPoints": 0,
    "isMutable": true,
    "primarySaleHappened": 0,
    "updateAuthority": "DJzttDqp3f9Rz1nDKycv4bijkFvLXnuX4mp4RmxQmi7T",
    "usdPrice": 7.3332e-05,
    "nativePriceValue": "473",
    "exchangeName": "PumpSwap",
    "exchangeAddress": "pAMMBay6oceH9fJKBRHGP5D4bD4sWpmSwMn52FMfXEA",
    "firstSwapTimestamp": "2025-06-16T12:57:28+00:00",
    "firstSwapType": "buy",
    "firstBuyerOrSeller": "2jYSccZUuXM4TY2y2641PB5zV65BSqjkfshWukL8QPkP",
    "firstTradeValueUsd": 1.548099168
}