{
    "label": 64,
    "mint": "471rDv4uBGo12BUkhhLMN57QgmANWkwBP3JhK3Dapump",
    "name": "Launch Coin on Believe",
    "symbol": "LAUNCHCOIN",
    "decimals": "6",
    "totalSupply": "999999278572477",
    "totalSupplyFormatted": "999999278.572477",
    "sellerFeeBasisPoints": 0,
    "isMutable": true,
    "primarySaleHappened": 0,
    "updateAuthority": "9saKWyTShuEsyoG2sybYF3BuesJWmDAdVnpiDgCxivCX",
    "usdPrice": 1.38e-07,
    "nativePriceValue": "0.9504",
    "exchangeName": "PumpSwap",
    "exchangeAddress": "pAMMBay6oceH9fJKBRHGP5D4bD4sWpmSwMn52FMfXEA",
    "firstSwapTimestamp": "2025-06-19T02:56:59+00:00",
    "firstSwapType": "buy",
    "firstBuyerOrSeller": "97TjdjQr6vQZ6YTFZ4Ux5wPsCPGjNHTbURmJGsJdxdry",
    "firstTradeValueUsd": 14.530915496
}