{
    "label": 62,
    "mint": "3wiKxRm7rgggu7S7oGAjhcdi2t3SAHJnL2x92SPxpump",
    "name": "infopunks",
    "symbol": "infopunks",
    "decimals": "6",
    "totalSupply": "993703327958",
    "totalSupplyFormatted": "993703.327958",
    "sellerFeeBasisPoints": 0,
    "isMutable": true,
    "primarySaleHappened": 0,
    "updateAuthority": "BcoUvPakdewbG7rKRU6s3VAZtVGVUgL5qQjmkYgD6Pm6",
    "usdPrice": 0.000113502,
    "nativePriceValue": "747",
    "exchangeName": "PumpSwap",
    "exchangeAddress": "pAMMBay6oceH9fJKBRHGP5D4bD4sWpmSwMn52FMfXEA",
    "firstSwapTimestamp": "2025-06-16T01:24:46+00:00",
    "firstSwapType": "buy",
    "firstBuyerOrSeller": "5ZqyG8MB5TZFbT4pzBnKCwALZkppuQEFvjxmniWzq7zN",
    "firstTradeValueUsd": 29.832293213
}