{
    "label": 62,
    "mint": "45BJRKuK3E5SeSUaxf3zFeEvoZUBS29ceYXaQwSVpump",
    "name": "The Chosen Bonk Monkey",
    "symbol": "LaoLiu",
    "decimals": "6",
    "totalSupply": "2248498564602",
    "totalSupplyFormatted": "2248498.564602",
    "sellerFeeBasisPoints": 0,
    "isMutable": false,
    "primarySaleHappened": 0,
    "updateAuthority": "D8j68PNo52jY2oo7XFMCdQPPHkkxqQZfmRRfRLMmXDSD",
    "usdPrice": 6.46e-06,
    "nativePriceValue": "43.8703",
    "exchangeName": "PumpSwap",
    "exchangeAddress": "pAMMBay6oceH9fJKBRHGP5D4bD4sWpmSwMn52FMfXEA",
    "firstSwapTimestamp": "2025-07-06T05:33:48+00:00",
    "firstSwapType": "buy",
    "firstBuyerOrSeller": "D8j68PNo52jY2oo7XFMCdQPPHkkxqQZfmRRfRLMmXDSD",
    "firstTradeValueUsd": 1.46e-07
}