{
    "label": 36,
    "mint": "19REaFdyUDnNND3x8h5Y9M66UUffp7UNEqDWMMGpump",
    "name": "Punk Lad",
    "symbol": "LAD",
    "decimals": "6",
    "totalSupply": "3995840890",
    "totalSupplyFormatted": "3995.84089",
    "sellerFeeBasisPoints": 0,
    "isMutable": false,
    "primarySaleHappened": 0,
    "updateAuthority": "36kkudDEsYspweod5zzi5rMGZUuvZDpnpnWG9r3Pc64M",
    "usdPrice": 4.687e-06,
    "nativePriceValue": "28.9772",
    "exchangeName": "PumpSwap",
    "exchangeAddress": "pAMMBay6oceH9fJKBRHGP5D4bD4sWpmSwMn52FMfXEA",
    "firstSwapTimestamp": "2025-06-24T23:00:14+00:00",
    "firstSwapType": "buy",
    "firstBuyerOrSeller": "27HFmP7ccLadGswvQfvea4o3juLw75cPF4V6jWpHM3MX",
    "firstTradeValueUsd": 0.015231129
}