{
    "label": 63,
    "mint": "2gXjKU8DHcXhFQCn8uf3umgNRUmH3nMYpAT9CM3Npump",
    "name": "SpaceX",
    "symbol": "SpaceX",
    "decimals": "6",
    "totalSupply": "999864601263397",
    "totalSupplyFormatted": "999864601.263397",
    "sellerFeeBasisPoints": 0,
    "isMutable": true,
    "primarySaleHappened": 0,
    "updateAuthority": "ANB3LtRkWFGUu5UK87NqdftFkQ2X895LVEKPicVVy7BL",
    "usdPrice": 5.4177e-05,
    "nativePriceValue": "377",
    "exchangeName": "PumpSwap",
    "exchangeAddress": "pAMMBay6oceH9fJKBRHGP5D4bD4sWpmSwMn52FMfXEA",
    "firstSwapTimestamp": "2025-06-24T03:31:04+00:00",
    "firstSwapType": "buy",
    "firstBuyerOrSeller": "4x5Uj5iyWvwJ92XFNeE5bEkFLQ3Q5i5rAK1P779VMPHj",
    "firstTradeValueUsd": 1.718190944
}