{
    "label": 63,
    "mint": "3raSf3TeHZCPGxForpLPP78gquGbVhnZvEttZba9pump",
    "name": "Acid AI",
    "symbol": "ACID",
    "decimals": "6",
    "totalSupply": "999311583070696",
    "totalSupplyFormatted": "999311583.070696",
    "sellerFeeBasisPoints": 0,
    "isMutable": true,
    "primarySaleHappened": 0,
    "updateAuthority": "J9DXuQzXgtPK7GUCi5AmY3EJEV31KDNmH8UuSPQhjSzY",
    "usdPrice": 3.6626e-05,
    "nativePriceValue": "251",
    "exchangeName": "PumpSwap",
    "exchangeAddress": "pAMMBay6oceH9fJKBRHGP5D4bD4sWpmSwMn52FMfXEA",
    "firstSwapTimestamp": "2025-06-25T04:07:17+00:00",
    "firstSwapType": "buy",
    "firstBuyerOrSeller": "8g5ZUSMEZ8D913go2JK1Sq3jR8syWME5MNegTbvxL4Ny",
    "firstTradeValueUsd": 14.495123567
}