{
    "label": 63,
    "mint": "2G2iL4MEjUaYgaYxrUZYw731yxLEJKcevQ21yBJXpump",
    "name": "KNOB",
    "symbol": "$KNOB",
    "decimals": "6",
    "totalSupply": "522002434115",
    "totalSupplyFormatted": "522002.434115",
    "sellerFeeBasisPoints": 0,
    "isMutable": false,
    "primarySaleHappened": 0,
    "updateAuthority": "DY1LXsUi7p2uuzsvo9MbCR6H9kZD2XrS4VuJBAamv8QA",
    "usdPrice": 8.891e-06,
    "nativePriceValue": "58.495",
    "exchangeName": "PumpSwap",
    "exchangeAddress": "pAMMBay6oceH9fJKBRHGP5D4bD4sWpmSwMn52FMfXEA",
    "firstSwapTimestamp": "2025-07-07T04:21:29+00:00",
    "firstSwapType": "buy",
    "firstBuyerOrSeller": "djf3wZtw6i6kKi3VzjiJzhafE3wuQWcwvMhsLBacQvv",
    "firstTradeValueUsd": 0.379009023
}