{
    "label": 67,
    "mint": "41sfUXdXGgUiTeFcW2173he6Z4LB6ro4MEVWC8vApump",
    "name": "blockstalk",
    "symbol": "blockstalk",
    "decimals": "6",
    "totalSupply": "999846816834329",
    "totalSupplyFormatted": "999846816.834329",
    "sellerFeeBasisPoints": 0,
    "isMutable": true,
    "primarySaleHappened": 0,
    "updateAuthority": "EN24oau6kduFzUP9Ts67RBc7RFF3TzewJGv484ww2yD9",
    "usdPrice": 9.704250912,
    "nativePriceValue": "48184210",
    "exchangeName": "PumpSwap",
    "exchangeAddress": "pAMMBay6oceH9fJKBRHGP5D4bD4sWpmSwMn52FMfXEA",
    "firstSwapTimestamp": "2025-06-14T13:40:14+00:00",
    "firstSwapType": "buy",
    "firstBuyerOrSeller": "4XnZG3R38x8SYTPU3TQJeFzbu8N5MW8GuJQTe464cb5A",
    "firstTradeValueUsd": 1.453646015
}