{
    "label": 80,
    "mint": "4vBoizmrbxTPxj7dto2gCwGwJLKu6yxXRjnNt9EXpump",
    "name": "GoPulse",
    "symbol": "GO",
    "decimals": "6",
    "totalSupply": "999584195720153",
    "totalSupplyFormatted": "999584195.720153",
    "sellerFeeBasisPoints": 0,
    "isMutable": true,
    "primarySaleHappened": 0,
    "updateAuthority": "3oSP3nimwT2U9gte5JpP6juEcQbw1GVhtkRfzGZt3gqw",
    "usdPrice": 1.3073e-05,
    "nativePriceValue": "91.9955",
    "exchangeName": "PumpSwap",
    "exchangeAddress": "pAMMBay6oceH9fJKBRHGP5D4bD4sWpmSwMn52FMfXEA",
    "firstSwapTimestamp": "2025-06-26T17:54:51+00:00",
    "firstSwapType": "buy",
    "firstBuyerOrSeller": "5dnFxM648UQpBTonstiBE1HWZaVG49Cv3yuNhX6Y1nFU",
    "firstTradeValueUsd": 14.153223603
}