{
    "label": 63,
    "mint": "3DwSTTtHpUU9g4fdW5LNt1sKTn5CVE8xGSjrSiyRpump",
    "name": "Just A Chill Guy Who Got Bombed",
    "symbol": "Dead Guy",
    "decimals": "6",
    "totalSupply": "999659984227137",
    "totalSupplyFormatted": "999659984.227137",
    "sellerFeeBasisPoints": 0,
    "isMutable": true,
    "primarySaleHappened": 0,
    "updateAuthority": "G1SJnAiYawd3joLE2Du1VSW7pcj8PMP83Awis9in655f",
    "usdPrice": 0.000289624,
    "nativePriceValue": "1996",
    "exchangeName": "PumpSwap",
    "exchangeAddress": "pAMMBay6oceH9fJKBRHGP5D4bD4sWpmSwMn52FMfXEA",
    "firstSwapTimestamp": "2025-06-13T19:56:05+00:00",
    "firstSwapType": "buy",
    "firstBuyerOrSeller": "EnmFaUeYsXUSYvuFegvWzGYNbeUJiQ5w5gjyW4mJAQnj",
    "firstTradeValueUsd": 1.301482725
}