{
    "label": 64,
    "mint": "26ioCF8s7croMQFkxY3uDxNPFHBJEFzMrKhLJuhLpump",
    "name": "memestock",
    "symbol": "memestock",
    "decimals": "6",
    "totalSupply": "999938881321689",
    "totalSupplyFormatted": "999938881.321689",
    "sellerFeeBasisPoints": 0,
    "isMutable": true,
    "primarySaleHappened": 0,
    "updateAuthority": "Akg8Ss6v5F5HutFXyb536j1v4oaUNch1qzTkBbJQcC4p",
    "usdPrice": 0.000123281,
    "nativePriceValue": "794",
    "exchangeName": "PumpSwap",
    "exchangeAddress": "pAMMBay6oceH9fJKBRHGP5D4bD4sWpmSwMn52FMfXEA",
    "firstSwapTimestamp": "2025-06-30T22:50:29+00:00",
    "firstSwapType": "buy",
    "firstBuyerOrSeller": "4K1mRxrnV7t5ZHMs5x4QDzZJgh3QL4LZwcKfna4ydBZc",
    "firstTradeValueUsd": 0.929176646
}