{
    "label": 63,
    "mint": "3yrESYjR1Ja77Skv2BVy7AvQMw7wKQXAkzpu9dT3pump",
    "name": "Cooro",
    "symbol": "Cooro",
    "decimals": "6",
    "totalSupply": "999603999377484",
    "totalSupplyFormatted": "999603999.377484",
    "sellerFeeBasisPoints": 0,
    "isMutable": true,
    "primarySaleHappened": 0,
    "updateAuthority": "BrzFryZQ8WSyE3zfQpWgkYkHqMY2AjD4tHwS2vBZa5K3",
    "usdPrice": 3.906e-05,
    "nativePriceValue": "248",
    "exchangeName": "PumpSwap",
    "exchangeAddress": "pAMMBay6oceH9fJKBRHGP5D4bD4sWpmSwMn52FMfXEA",
    "firstSwapTimestamp": "2025-06-30T16:43:42+00:00",
    "firstSwapType": "buy",
    "firstBuyerOrSeller": "FE8W9kNjRr21Fkg41feu1AoaRzfTn2pJ8S83VawLsayk",
    "firstTradeValueUsd": 1.565590158
}