{
    "label": 51,
    "mint": "12sUqZmPn7jt9jwpWbBQRcchfxaxBRK87e1ii5MApump",
    "name": "Fartsolana",
    "symbol": "Fartsolana",
    "decimals": "6",
    "totalSupply": "1657587737775",
    "totalSupplyFormatted": "1657587.737775",
    "sellerFeeBasisPoints": 0,
    "isMutable": false,
    "primarySaleHappened": 0,
    "updateAuthority": "DhR9wudvuB9Uh3zoXVqTYjj9tHcNWG9mJPTojjzLBw6Z",
    "usdPrice": 4.9893e-09,
    "nativePriceValue": "0.0308",
    "exchangeName": "PumpSwap",
    "exchangeAddress": "pAMMBay6oceH9fJKBRHGP5D4bD4sWpmSwMn52FMfXEA",
    "firstSwapTimestamp": "2025-06-29T07:00:40+00:00",
    "firstSwapType": "buy",
    "firstBuyerOrSeller": "cakewAiZcEFuE3YjRd6KzBVqdpykNCZupJxdft7u5vW",
    "firstTradeValueUsd": 0.00958158
}