{
    "label": 65,
    "mint": "3UrWkPguPXVzZqWunVKPLD2uVxFp461qihE3BLzypump",
    "name": "First Truth Terminal Cat",
    "symbol": "MOONCAT",
    "decimals": "6",
    "totalSupply": "999712811533450",
    "totalSupplyFormatted": "999712811.53345",
    "sellerFeeBasisPoints": 0,
    "isMutable": true,
    "primarySaleHappened": 0,
    "updateAuthority": "CD7odjcEKvNNT1nAJmgC5SrVbWfNjF3MEX9fYtZxyu7c",
    "usdPrice": 2.3216e-05,
    "nativePriceValue": "147",
    "exchangeName": "PumpSwap",
    "exchangeAddress": "pAMMBay6oceH9fJKBRHGP5D4bD4sWpmSwMn52FMfXEA",
    "firstSwapTimestamp": "2025-06-30T20:05:37+00:00",
    "firstSwapType": "buy",
    "firstBuyerOrSeller": "J193Bbyb9myKA4B3XDYuxXMEqT7TE6dfDv3WVn2Nt1gK",
    "firstTradeValueUsd": 0.940956261
}