{
    "label": 62,
    "mint": "1mQMKJaoY29RdrQFEi83f7QnMZmRirDRLDQKiMjpump",
    "name": "Cheaply Made Coin",
    "symbol": "CMC",
    "decimals": "6",
    "totalSupply": "134026839897",
    "totalSupplyFormatted": "134026.839897",
    "sellerFeeBasisPoints": 0,
    "isMutable": false,
    "primarySaleHappened": 0,
    "updateAuthority": "7JYa2SokMkMaW5fKSjStnnd6RPXHDMsG4wCcfisgjnJE",
    "usdPrice": 2.8178e-05,
    "nativePriceValue": "173",
    "exchangeName": "PumpSwap",
    "exchangeAddress": "pAMMBay6oceH9fJKBRHGP5D4bD4sWpmSwMn52FMfXEA",
    "firstSwapTimestamp": "2025-06-26T03:06:58+00:00",
    "firstSwapType": "buy",
    "firstBuyerOrSeller": "cakewAiZcEFuE3YjRd6KzBVqdpykNCZupJxdft7u5vW",
    "firstTradeValueUsd": 0.009436318
}