{
    "label": 62,
    "mint": "1sertNHLwez3aY8SvGhwAxtf6hKRx6iu9SLZhCapump",
    "name": "Oscar the Bullrun Grouch",
    "symbol": "OSCAR",
    "decimals": "6",
    "totalSupply": "525632492560",
    "totalSupplyFormatted": "525632.49256",
    "sellerFeeBasisPoints": 0,
    "isMutable": false,
    "primarySaleHappened": 0,
    "updateAuthority": "3dHkbNakaewNjq6X8mFitdv5FS1mmCTU81tEA2G9Nb2t",
    "usdPrice": 4.137e-05,
    "nativePriceValue": "255",
    "exchangeName": "PumpSwap",
    "exchangeAddress": "pAMMBay6oceH9fJKBRHGP5D4bD4sWpmSwMn52FMfXEA",
    "firstSwapTimestamp": "2025-06-19T10:33:04+00:00",
    "firstSwapType": "buy",
    "firstBuyerOrSeller": "27HFmP7ccLadGswvQfvea4o3juLw75cPF4V6jWpHM3MX",
    "firstTradeValueUsd": 0.015365343
}