{
    "label": 63,
    "mint": "4pcw93MqNDNcxevNmedCsreJz5UFYS4fyjA4jiMppump",
    "name": "Men Used To Go To War",
    "symbol": "WAR",
    "decimals": "6",
    "totalSupply": "999661560804122",
    "totalSupplyFormatted": "999661560.804122",
    "sellerFeeBasisPoints": 0,
    "isMutable": true,
    "primarySaleHappened": 0,
    "updateAuthority": "7t3DhxnpTCB7bCjrWVUW9JfiUTr8dCChg7PDCmMcBgRR",
    "usdPrice": 4.5883e-05,
    "nativePriceValue": "345",
    "exchangeName": "PumpSwap",
    "exchangeAddress": "pAMMBay6oceH9fJKBRHGP5D4bD4sWpmSwMn52FMfXEA",
    "firstSwapTimestamp": "2025-06-23T02:15:38+00:00",
    "firstSwapType": "buy",
    "firstBuyerOrSeller": "6EZw5npSkYtQpD2Q98zrxyBV5ahPDXkUFRuDfLPPtEtA",
    "firstTradeValueUsd": 1.723963703
}