{
    "label": 62,
    "mint": "2L5aQ259EuoAZAKEj2HYRrk3wmFL9KgKHNS8YZGXpump",
    "name": "The Original Singularity",
    "symbol": "Tos",
    "decimals": "6",
    "totalSupply": "999999398484596",
    "totalSupplyFormatted": "999999398.484596",
    "sellerFeeBasisPoints": 0,
    "isMutable": true,
    "primarySaleHappened": 0,
    "updateAuthority": "7C9AwgoGuWenDyz5UvTqY1tYacyPrQTy6doPNFDup3ge",
    "usdPrice": 7.535e-05,
    "nativePriceValue": "499",
    "exchangeName": "PumpSwap",
    "exchangeAddress": "pAMMBay6oceH9fJKBRHGP5D4bD4sWpmSwMn52FMfXEA",
    "firstSwapTimestamp": "2025-06-29T20:01:24+00:00",
    "firstSwapType": "buy",
    "firstBuyerOrSeller": "BUq41XLEwdxB5VGk8ko8Mk7F2RMGEzSoct8Gf8MqeFXg",
    "firstTradeValueUsd": 1.09026953
}