{
    "label": 43,
    "mint": "13QYQJDRkxzFdE7GPPR2p3rDwGkWCyp718xp4Puypump",
    "name": "BananaCat",
    "symbol": "JUJU",
    "decimals": "6",
    "totalSupply": "3970024200",
    "totalSupplyFormatted": "3970.0242",
    "sellerFeeBasisPoints": 0,
    "isMutable": false,
    "primarySaleHappened": 0,
    "updateAuthority": "8bzLndMw4JX6MWyMVHZzzZKUrHQz2Xw1iyqZPYuXE2fS",
    "usdPrice": 6.16e-06,
    "nativePriceValue": "38.1818",
    "exchangeName": "PumpSwap",
    "exchangeAddress": "pAMMBay6oceH9fJKBRHGP5D4bD4sWpmSwMn52FMfXEA",
    "firstSwapTimestamp": "2025-06-17T02:02:57+00:00",
    "firstSwapType": "buy",
    "firstBuyerOrSeller": "4woXzDiykf2ykiWw4jTeK5ce3rcMBNm9z5FqQwoReFTg",
    "firstTradeValueUsd": 0.01208869
}