{
    "label": 67,
    "mint": "2kc8T3rC76jV3br6VavY2ioRkJLUaaTFCfXwo7Kzpump",
    "name": "Shh Dog",
    "symbol": "Shh",
    "decimals": "6",
    "totalSupply": "999998354322272",
    "totalSupplyFormatted": "999998354.322272",
    "sellerFeeBasisPoints": 0,
    "isMutable": true,
    "primarySaleHappened": 0,
    "updateAuthority": "HSsamfNduSEFtcFUFfc6jTKs95NDXEqNryjF92eZYy2Y",
    "usdPrice": 193.850537426,
    "nativePriceValue": "1268282077",
    "exchangeName": "PumpSwap",
    "exchangeAddress": "pAMMBay6oceH9fJKBRHGP5D4bD4sWpmSwMn52FMfXEA",
    "firstSwapTimestamp": "2025-06-28T21:19:14+00:00",
    "firstSwapType": "buy",
    "firstBuyerOrSeller": "DRv6TMMngRdKy8FjJnUtyjj9XxVuV6vFk4zfzGJnmPuQ",
    "firstTradeValueUsd": 3311.872958665
}