{
    "label": 66,
    "mint": "2Kvzyss9amVpMbzwHbniTsBX1ZktDUAKBDXdRagjpump",
    "name": "America Party",
    "symbol": "AMP",
    "decimals": "6",
    "totalSupply": "1560646013261",
    "totalSupplyFormatted": "1560646.013261",
    "sellerFeeBasisPoints": 0,
    "isMutable": false,
    "primarySaleHappened": 0,
    "updateAuthority": "8vEwAuxWHz9q9kfhfvuA25xDw4AWZGUsrbKaXj3w1cCi",
    "usdPrice": 9.193e-06,
    "nativePriceValue": "60.8198",
    "exchangeName": "PumpSwap",
    "exchangeAddress": "pAMMBay6oceH9fJKBRHGP5D4bD4sWpmSwMn52FMfXEA",
    "firstSwapTimestamp": "2025-07-07T00:29:45+00:00",
    "firstSwapType": "buy",
    "firstBuyerOrSeller": "uUwXoLe7nLsGZ6SEjrajzsrDvqhfcyq16YkWLBo9wCx",
    "firstTradeValueUsd": 0.377340037
}