{
    "label": 62,
    "mint": "3NigjfXsyHR3FdvSMnFc75o6hCi5szhi3mHmqtvZpump",
    "name": "special coin",
    "symbol": "special",
    "decimals": "6",
    "totalSupply": "999999381800370",
    "totalSupplyFormatted": "999999381.80037",
    "sellerFeeBasisPoints": 0,
    "isMutable": true,
    "primarySaleHappened": 0,
    "updateAuthority": "BTf7Jr8ybff8LDLpCbrCeJ9P78ePhodX8zZSc1VE6ywW",
    "usdPrice": 7.343e-06,
    "nativePriceValue": "49.7636",
    "exchangeName": "PumpSwap",
    "exchangeAddress": "pAMMBay6oceH9fJKBRHGP5D4bD4sWpmSwMn52FMfXEA",
    "firstSwapTimestamp": "2025-06-18T21:05:47+00:00",
    "firstSwapType": "buy",
    "firstBuyerOrSeller": "FLMusxh9if28hiUonuGSr1JyuGj4ZBoABxUyXjdnehjQ",
    "firstTradeValueUsd": 2.056453218
}