{
    "label": 62,
    "mint": "2CvG7R64QoVXwPb7ag3dk2auNzLX1RYMNyH5JsZQpump",
    "name": "CHINESE DOGECOIN",
    "symbol": "\u72d7\u72d7\u5e01",
    "decimals": "6",
    "totalSupply": "2891551295717",
    "totalSupplyFormatted": "2891551.295717",
    "sellerFeeBasisPoints": 0,
    "isMutable": false,
    "primarySaleHappened": 0,
    "updateAuthority": "DcCXa1K5hMLCexCPbck45hHxanvjyt2fxaUBuUvmbufa",
    "usdPrice": 8.465e-06,
    "nativePriceValue": "55.315",
    "exchangeName": "PumpSwap",
    "exchangeAddress": "pAMMBay6oceH9fJKBRHGP5D4bD4sWpmSwMn52FMfXEA",
    "firstSwapTimestamp": "2025-07-04T05:55:34+00:00",
    "firstSwapType": "buy",
    "firstBuyerOrSeller": "DcCXa1K5hMLCexCPbck45hHxanvjyt2fxaUBuUvmbufa",
    "firstTradeValueUsd": 1.52e-07
}