{
    "label": 63,
    "mint": "2smDURyjqyzupdqU54eaS5XZAbpidNEvG2SPbDgCpump",
    "name": "Putty Cat",
    "symbol": "PUTTY",
    "decimals": "6",
    "totalSupply": "999630474382442",
    "totalSupplyFormatted": "999630474.382442",
    "sellerFeeBasisPoints": 0,
    "isMutable": true,
    "primarySaleHappened": 0,
    "updateAuthority": "4Yvkp8DWKcUVhWjkVuXCyNtUrLWCgW63RZyuttveF9Xs",
    "usdPrice": 9.45678203,
    "nativePriceValue": "68750000",
    "exchangeName": "PumpSwap",
    "exchangeAddress": "pAMMBay6oceH9fJKBRHGP5D4bD4sWpmSwMn52FMfXEA",
    "firstSwapTimestamp": "2025-06-20T17:51:38+00:00",
    "firstSwapType": "buy",
    "firstBuyerOrSeller": "CFgZuRgFDhCgEoFiSsYiSPq26BZ8exuxhvz7V9pqSjwb",
    "firstTradeValueUsd": 1.53788493
}