{
    "label": 67,
    "mint": "3Q3TUHougdCFq3Qc8PWUiNv6G1fJnGS96GMbPwmBpump",
    "name": "Immigrant",
    "symbol": "Amerimutt",
    "decimals": "6",
    "totalSupply": "999980993377124",
    "totalSupplyFormatted": "999980993.377124",
    "sellerFeeBasisPoints": 0,
    "isMutable": true,
    "primarySaleHappened": 0,
    "updateAuthority": "H5mZscYzsrsVqB8oYpxqs2Vh4eqvKJnDBAGNL39doRz1",
    "usdPrice": 5.0017e-05,
    "nativePriceValue": "319",
    "exchangeName": "PumpSwap",
    "exchangeAddress": "pAMMBay6oceH9fJKBRHGP5D4bD4sWpmSwMn52FMfXEA",
    "firstSwapTimestamp": "2025-06-16T08:57:31+00:00",
    "firstSwapType": "buy",
    "firstBuyerOrSeller": "2jYSccZUuXM4TY2y2641PB5zV65BSqjkfshWukL8QPkP",
    "firstTradeValueUsd": 1.565502327
}