{
    "label": 67,
    "mint": "42ZiJ3DJk5fk98mZ1m2wRaiHdN4HsPr8D6DHD4Nmpump",
    "name": "Chinese Beauty Club",
    "symbol": "CBC",
    "decimals": "6",
    "totalSupply": "999969844919885",
    "totalSupplyFormatted": "999969844.919885",
    "sellerFeeBasisPoints": 0,
    "isMutable": true,
    "primarySaleHappened": 0,
    "updateAuthority": "2Y6EdaHfwHgDYc79Lym6Dg3vXXsYhrSWC7knfmXBYLmL",
    "usdPrice": 1.171e-10,
    "nativePriceValue": "0.00082506",
    "exchangeName": "PumpSwap",
    "exchangeAddress": "pAMMBay6oceH9fJKBRHGP5D4bD4sWpmSwMn52FMfXEA",
    "firstSwapTimestamp": "2025-06-21T13:13:45+00:00",
    "firstSwapType": "buy",
    "firstBuyerOrSeller": "DmN3yTNR7TLZBuWroLegxkAZmExAuhQLzj6mX38xyrxJ",
    "firstTradeValueUsd": 0.848784107
}