{
    "label": 36,
    "mint": "14N2YxhxaqFVY6J7YtQHVkrZzHfUFigDYoNmD3rPpump",
    "name": "In The Zone",
    "symbol": "ZONE",
    "decimals": "6",
    "totalSupply": "495926355781",
    "totalSupplyFormatted": "495926.355781",
    "sellerFeeBasisPoints": 0,
    "isMutable": false,
    "primarySaleHappened": 0,
    "updateAuthority": "aNr7iyKfuoMesPZZtwV6iR6vtRSxooFgqVDYYEUjJHL",
    "usdPrice": 2.0727e-09,
    "nativePriceValue": "0.0127",
    "exchangeName": "PumpSwap",
    "exchangeAddress": "pAMMBay6oceH9fJKBRHGP5D4bD4sWpmSwMn52FMfXEA",
    "firstSwapTimestamp": "2025-06-16T02:03:36+00:00",
    "firstSwapType": "buy",
    "firstBuyerOrSeller": "5iywveQKkidqPDKt2CExJcWKex2EXz9kbGcYiZvhuXWs",
    "firstTradeValueUsd": 0.015600694
}