{
    "label": 63,
    "mint": "4HqX1uTAsFBR32ABYb3AuJmMUjGw5KYGFQ9kUtvhpump",
    "name": "Cat in vest",
    "symbol": "invest",
    "decimals": "6",
    "totalSupply": "999496781910159",
    "totalSupplyFormatted": "999496781.910159",
    "sellerFeeBasisPoints": 0,
    "isMutable": true,
    "primarySaleHappened": 0,
    "updateAuthority": "CAAEgRhHGJn6ej21geGmidG4uCDbkRsSpRFsSRhU6Dyd",
    "usdPrice": 4.012e-05,
    "nativePriceValue": "262",
    "exchangeName": "PumpSwap",
    "exchangeAddress": "pAMMBay6oceH9fJKBRHGP5D4bD4sWpmSwMn52FMfXEA",
    "firstSwapTimestamp": "2025-07-03T00:58:32+00:00",
    "firstSwapType": "buy",
    "firstBuyerOrSeller": "9bHBfnrJ2gro41BqdKx6ebPD5Cf74UyWf3kfD5FceJi1",
    "firstTradeValueUsd": 1.526233326
}