{
    "label": 63,
    "mint": "4a1zHtkZFHNwp5Q5DeRFG2BrySjbSEdsCTmuscArpump",
    "name": "Moonicorn",
    "symbol": "UNI",
    "decimals": "6",
    "totalSupply": "999969421562433",
    "totalSupplyFormatted": "999969421.562433",
    "sellerFeeBasisPoints": 0,
    "isMutable": true,
    "primarySaleHappened": 0,
    "updateAuthority": "YV5mcjyiMxveH7uja7k8W3o5epNo27w3J7Q9e7iJ7kN",
    "usdPrice": 4.1339e-05,
    "nativePriceValue": "289",
    "exchangeName": "PumpSwap",
    "exchangeAddress": "pAMMBay6oceH9fJKBRHGP5D4bD4sWpmSwMn52FMfXEA",
    "firstSwapTimestamp": "2025-06-28T02:10:47+00:00",
    "firstSwapType": "buy",
    "firstBuyerOrSeller": "3joKYvUT7hRFNUBdX1e1TfGhJrGMtWYWs147TnUTQeh3",
    "firstTradeValueUsd": 1.42055776
}