{
    "label": 67,
    "mint": "3F4vS2K3Bg16AnQxgUp9QFzdE2xcWTcpeEsDPRyrpump",
    "name": "sticknation",
    "symbol": "stick",
    "decimals": "6",
    "totalSupply": "999835562201888",
    "totalSupplyFormatted": "999835562.201888",
    "sellerFeeBasisPoints": 0,
    "isMutable": true,
    "primarySaleHappened": 0,
    "updateAuthority": "FrhibwK675aavF66TAxLRGNHRiJf4gpQ7y5KvmrSMW3c",
    "usdPrice": 0.05831842,
    "nativePriceValue": "400360",
    "exchangeName": "PumpSwap",
    "exchangeAddress": "pAMMBay6oceH9fJKBRHGP5D4bD4sWpmSwMn52FMfXEA",
    "firstSwapTimestamp": "2025-06-16T09:34:35+00:00",
    "firstSwapType": "buy",
    "firstBuyerOrSeller": "2jYSccZUuXM4TY2y2641PB5zV65BSqjkfshWukL8QPkP",
    "firstTradeValueUsd": 1.559249155
}