{
    "label": 62,
    "mint": "2fzDyAsTtnRDbYP9n1zruoTfVPcm5qL5N9rs6a1Gpump",
    "name": "Catat.AI",
    "symbol": "CATAT",
    "decimals": "6",
    "totalSupply": "999979449938866",
    "totalSupplyFormatted": "999979449.938866",
    "sellerFeeBasisPoints": 0,
    "isMutable": true,
    "primarySaleHappened": 0,
    "updateAuthority": "E1jvH8ZLK7uYCyCzGQnD1SENwGjJDrPGCHUggyGiL645",
    "usdPrice": 0.000125363,
    "nativePriceValue": "893",
    "exchangeName": "PumpSwap",
    "exchangeAddress": "pAMMBay6oceH9fJKBRHGP5D4bD4sWpmSwMn52FMfXEA",
    "firstSwapTimestamp": "2025-06-21T01:07:30+00:00",
    "firstSwapType": "buy",
    "firstBuyerOrSeller": "5thk3N8NGXVVYh7Vq9sK4tHWf77WorBUQ863piXzkjor",
    "firstTradeValueUsd": 2.095082441
}