{
    "label": 36,
    "mint": "132dzdRxggBPN2KUSP9Fj2DABNvBRCx9RTr6J9oupump",
    "name": "Strategic Shit Reserve",
    "symbol": "RECTUM",
    "decimals": "6",
    "totalSupply": "3828313463",
    "totalSupplyFormatted": "3828.313463",
    "sellerFeeBasisPoints": 0,
    "isMutable": false,
    "primarySaleHappened": 0,
    "updateAuthority": "Du27k9bT7gUfrmwzo5ZA36p75G4yzhWVtYMnx4cKjav5",
    "usdPrice": 5.23e-06,
    "nativePriceValue": "32.3231",
    "exchangeName": "PumpSwap",
    "exchangeAddress": "pAMMBay6oceH9fJKBRHGP5D4bD4sWpmSwMn52FMfXEA",
    "firstSwapTimestamp": "2025-06-29T03:00:57+00:00",
    "firstSwapType": "buy",
    "firstBuyerOrSeller": "5iywveQKkidqPDKt2CExJcWKex2EXz9kbGcYiZvhuXWs",
    "firstTradeValueUsd": 0.014944182
}