{
    "label": 63,
    "mint": "43FEvSXmFj5D1zScqVeoM2LLjyKe1K27CJz6hXLnpump",
    "name": "CRAZY FROG",
    "symbol": "\u795e\u7ecf\u86d9",
    "decimals": "6",
    "totalSupply": "999949709868490",
    "totalSupplyFormatted": "999949709.86849",
    "sellerFeeBasisPoints": 0,
    "isMutable": true,
    "primarySaleHappened": 0,
    "updateAuthority": "DUpkXtKrtrYWGJbqdcApEZfvjZYGdWCYhg5w4xnBRSp4",
    "usdPrice": 6.3219e-05,
    "nativePriceValue": "448",
    "exchangeName": "PumpSwap",
    "exchangeAddress": "pAMMBay6oceH9fJKBRHGP5D4bD4sWpmSwMn52FMfXEA",
    "firstSwapTimestamp": "2025-06-27T02:41:15+00:00",
    "firstSwapType": "buy",
    "firstBuyerOrSeller": "5Cgqp2bxiBfa5K4oE2U9CAfTKjrnYwY6TMjgwRpMgJfK",
    "firstTradeValueUsd": 2.058955763
}