{
    "label": 63,
    "mint": "3LeVqvxfvSsTuWvtGcZts5JRpPg19cSMw7p3uY8Bpump",
    "name": "doom",
    "symbol": "DOOM",
    "decimals": "6",
    "totalSupply": "999795368909014",
    "totalSupplyFormatted": "999795368.909014",
    "sellerFeeBasisPoints": 0,
    "isMutable": true,
    "primarySaleHappened": 0,
    "updateAuthority": "7CSMrZpMGfvrHmWG4wDjvSDQKp4iB3zCLeHUsLBUzQaP",
    "usdPrice": 3.028e-05,
    "nativePriceValue": "207",
    "exchangeName": "PumpSwap",
    "exchangeAddress": "pAMMBay6oceH9fJKBRHGP5D4bD4sWpmSwMn52FMfXEA",
    "firstSwapTimestamp": "2025-06-25T02:53:08+00:00",
    "firstSwapType": "buy",
    "firstBuyerOrSeller": "BzQPrs33w1CxYoVNaSgahCC4N2TyHAVbWfy4v6WT3vCa",
    "firstTradeValueUsd": 14.553927939
}