{
    "label": 63,
    "mint": "2y9AJ3q4QGdGtbF3trHR84vFmhuQbCeeBb5y7NWvpump",
    "name": "chillhouseaura",
    "symbol": "cha",
    "decimals": "6",
    "totalSupply": "999855860667761",
    "totalSupplyFormatted": "999855860.667761",
    "sellerFeeBasisPoints": 0,
    "isMutable": true,
    "primarySaleHappened": 0,
    "updateAuthority": "BQtVGd7FXvQ7AjTJnF6C3Yvw5n2G5q1yqYRbbFCDqfHd",
    "usdPrice": 4.4575e-05,
    "nativePriceValue": "305",
    "exchangeName": "PumpSwap",
    "exchangeAddress": "pAMMBay6oceH9fJKBRHGP5D4bD4sWpmSwMn52FMfXEA",
    "firstSwapTimestamp": "2025-06-15T04:13:18+00:00",
    "firstSwapType": "buy",
    "firstBuyerOrSeller": "Cd3UHZDauHCQGKycM5uQAhWWGauf66SGBNoaqYy64Na8",
    "firstTradeValueUsd": 14.543944334
}