{
    "label": 63,
    "mint": "3y5TbV789YXt6qEvSdyrKoGzoyBJp2rQf6fv5UrWpump",
    "name": "YC talk with",
    "symbol": "YC",
    "decimals": "6",
    "totalSupply": "999866756122201",
    "totalSupplyFormatted": "999866756.122201",
    "sellerFeeBasisPoints": 0,
    "isMutable": true,
    "primarySaleHappened": 0,
    "updateAuthority": "HLfYRAYz2VUP4cQzeFUnX2KjRAXYbtMh7NzELh26fKwR",
    "usdPrice": 3.7915e-13,
    "nativePriceValue": "0.00000259",
    "exchangeName": "PumpSwap",
    "exchangeAddress": "pAMMBay6oceH9fJKBRHGP5D4bD4sWpmSwMn52FMfXEA",
    "firstSwapTimestamp": "2025-06-20T01:20:56+00:00",
    "firstSwapType": "buy",
    "firstBuyerOrSeller": "AggQeMYVRbBLRBirFMZ14bzy5Y8A5qSrnGkSvPUK6Aoe",
    "firstTradeValueUsd": 1.461815596
}