{
    "label": 62,
    "mint": "3sMyFe8NKH4HyZv5N5wd7fWTssPDk216PEUkUSY1pump",
    "name": "BlackRock",
    "symbol": "BlackRock",
    "decimals": "6",
    "totalSupply": "601771154443",
    "totalSupplyFormatted": "601771.154443",
    "sellerFeeBasisPoints": 0,
    "isMutable": false,
    "primarySaleHappened": 0,
    "updateAuthority": "12B1T5RroBGtxz3fjs159kVfyfiQfQmj8uBZEh3tq6zu",
    "usdPrice": 9.927e-06,
    "nativePriceValue": "66.0741",
    "exchangeName": "PumpSwap",
    "exchangeAddress": "pAMMBay6oceH9fJKBRHGP5D4bD4sWpmSwMn52FMfXEA",
    "firstSwapTimestamp": "2025-07-07T17:28:25+00:00",
    "firstSwapType": "buy",
    "firstBuyerOrSeller": "djf3wZtw6i6kKi3VzjiJzhafE3wuQWcwvMhsLBacQvv",
    "firstTradeValueUsd": 0.37329899
}