{
    "label": 82,
    "mint": "3cM1JrmN7UpBgJ4eRGkFRc7T5ZB11x7hKvAQY5MNpump",
    "name": "DON'T",
    "symbol": "DON'T",
    "decimals": "6",
    "totalSupply": "999896689580758",
    "totalSupplyFormatted": "999896689.580758",
    "sellerFeeBasisPoints": 0,
    "isMutable": true,
    "primarySaleHappened": 0,
    "updateAuthority": "CU6LrxqZax8wcXw9FCRTNevhkq2LrJoDGzTRSZicPFq6",
    "usdPrice": 2.6335e-05,
    "nativePriceValue": "177",
    "exchangeName": "PumpSwap",
    "exchangeAddress": "pAMMBay6oceH9fJKBRHGP5D4bD4sWpmSwMn52FMfXEA",
    "firstSwapTimestamp": "2025-06-17T19:10:54+00:00",
    "firstSwapType": "buy",
    "firstBuyerOrSeller": "2uav5q4X6T4MaWRtH5ysVYffTe33kHVFkz5zChKvvc4D",
    "firstTradeValueUsd": 2.006483526
}