{
    "label": 63,
    "mint": "2Rj6KBxHrzTh1AqZSQW5Ako6WsjUCd3hSpdrLG6fpump",
    "name": "Shitty Exchange",
    "symbol": "SEX",
    "decimals": "6",
    "totalSupply": "999999265632215",
    "totalSupplyFormatted": "999999265.632215",
    "sellerFeeBasisPoints": 0,
    "isMutable": true,
    "primarySaleHappened": 0,
    "updateAuthority": "AVHhQaFzQ8cT8PYGpYBBfZPR246wnfttTe2qwveFPW96",
    "usdPrice": 6.502e-05,
    "nativePriceValue": "453",
    "exchangeName": "PumpSwap",
    "exchangeAddress": "pAMMBay6oceH9fJKBRHGP5D4bD4sWpmSwMn52FMfXEA",
    "firstSwapTimestamp": "2025-06-24T00:48:03+00:00",
    "firstSwapType": "buy",
    "firstBuyerOrSeller": "EUop4QiMiQwX2cqa2kpUp49MjMKFY7sYTQBJfVqiesZC",
    "firstTradeValueUsd": 1.145953937
}