{
    "label": 63,
    "mint": "4SyFroW8VCu4tsf4fEp8Pf5afWEFwmCZE3VS8ttopump",
    "name": "PORNHUB OFFICIAL",
    "symbol": "PORNHUB",
    "decimals": "6",
    "totalSupply": "999807971796089",
    "totalSupplyFormatted": "999807971.796089",
    "sellerFeeBasisPoints": 0,
    "isMutable": true,
    "primarySaleHappened": 0,
    "updateAuthority": "DGSfFJrrgo8WAWnYGe6UMxo8t4rgWVFeR8rx9VvoGAVu",
    "usdPrice": 4.689e-05,
    "nativePriceValue": "311",
    "exchangeName": "PumpSwap",
    "exchangeAddress": "pAMMBay6oceH9fJKBRHGP5D4bD4sWpmSwMn52FMfXEA",
    "firstSwapTimestamp": "2025-06-17T12:25:04+00:00",
    "firstSwapType": "buy",
    "firstBuyerOrSeller": "Bo5zd1Ns6q3dhqher9rtSBVcDTKpSagdxBvy1ApRSBkb",
    "firstTradeValueUsd": 15.039609986
}