{
    "label": 67,
    "mint": "2Fd58y4xaSmoRDb6xUtoKdM8dVvF4XBtGPUHuckcpump",
    "name": "Amazon",
    "symbol": "Amazon",
    "decimals": "6",
    "totalSupply": "999798783707644",
    "totalSupplyFormatted": "999798783.707644",
    "sellerFeeBasisPoints": 0,
    "isMutable": true,
    "primarySaleHappened": 0,
    "updateAuthority": "HBXd2F3P9Qo7ys4dqQZneEstkuA3V8XzLCoEwpZfQmjq",
    "usdPrice": 6.69334e-12,
    "nativePriceValue": "0.00004252",
    "exchangeName": "PumpSwap",
    "exchangeAddress": "pAMMBay6oceH9fJKBRHGP5D4bD4sWpmSwMn52FMfXEA",
    "firstSwapTimestamp": "2025-06-16T18:10:47+00:00",
    "firstSwapType": "buy",
    "firstBuyerOrSeller": "BzQPrs33w1CxYoVNaSgahCC4N2TyHAVbWfy4v6WT3vCa",
    "firstTradeValueUsd": 15.700611908
}