{
    "label": 63,
    "mint": "2NeMj4UsZu6Q5TD17Qy9PAeZhdWfmtVT85WX3y49pump",
    "name": "Zippy! \ud83d\udca8",
    "symbol": "Zippy\ud83d\udca8",
    "decimals": "6",
    "totalSupply": "999994222755035",
    "totalSupplyFormatted": "999994222.755035",
    "sellerFeeBasisPoints": 0,
    "isMutable": true,
    "primarySaleHappened": 0,
    "updateAuthority": "2F9Xe1wmVbSKjyxo7UVHFFs9UthrXizFniTzz6MvMjkr",
    "usdPrice": 3.3997e-05,
    "nativePriceValue": "238",
    "exchangeName": "PumpSwap",
    "exchangeAddress": "pAMMBay6oceH9fJKBRHGP5D4bD4sWpmSwMn52FMfXEA",
    "firstSwapTimestamp": "2025-06-27T20:01:55+00:00",
    "firstSwapType": "buy",
    "firstBuyerOrSeller": "Bwp44pGzbCiCYpz4N2pQLxrGNrakqnbp4p95sJofowpw",
    "firstTradeValueUsd": 1.415867808
}