{
    "label": 63,
    "mint": "2WdQ3ikuotYY1w3s9RAtePhyg7QB5GBQPvjjikgapump",
    "name": "workcoin",
    "symbol": "workcoin",
    "decimals": "6",
    "totalSupply": "999939214558348",
    "totalSupplyFormatted": "999939214.558348",
    "sellerFeeBasisPoints": 0,
    "isMutable": true,
    "primarySaleHappened": 0,
    "updateAuthority": "6Myc38Hj1uQj64pmkMSnPfECWAF8UiNwpdSxRk2fyk2X",
    "usdPrice": 0.000116857,
    "nativePriceValue": "774",
    "exchangeName": "PumpSwap",
    "exchangeAddress": "pAMMBay6oceH9fJKBRHGP5D4bD4sWpmSwMn52FMfXEA",
    "firstSwapTimestamp": "2025-07-03T16:18:47+00:00",
    "firstSwapType": "buy",
    "firstBuyerOrSeller": "1bTm9gMu4JPCUDFXhz1HAEdhiFVtinAL5g8U4k4mhhB",
    "firstTradeValueUsd": 1.49725714
}