{
    "label": 29,
    "mint": "32xCAqMJ4ZFJfLigazu8JVSJvGe1phKqMzjgrYJCpump",
    "name": "PUMP",
    "symbol": "pump.fun",
    "decimals": "6",
    "totalSupply": "1000000000000000",
    "totalSupplyFormatted": "1000000000",
    "sellerFeeBasisPoints": 0,
    "isMutable": false,
    "primarySaleHappened": 0,
    "updateAuthority": "WLHv2UAZm6z4KyaaELi5pjdbJh6RESMva1Rnn8pJVVh",
    "usdPrice": 4.437e-06,
    "nativePriceValue": "27.6235",
    "exchangeName": "Raydium",
    "exchangeAddress": "LanMV9sAd7wArD4vJFi2qDdfnVhFxYSUg6eADduJ3uj",
    "firstSwapTimestamp": "2025-07-12T11:29:46+00:00",
    "firstSwapType": "buy",
    "firstBuyerOrSeller": "7LJsBanR6Dw62vbyeX2yVCphyEsneKk3zzS6bLYYtSUq",
    "firstTradeValueUsd": 162.831200099
}