{
    "label": 68,
    "mint": "4JKEBCSgR8hpxstETh2cBCPTk4fJjUHxhML6usBGpump",
    "name": "Borders",
    "symbol": "BORDRES",
    "decimals": "6",
    "totalSupply": "99909306431972639",
    "totalSupplyFormatted": "99909306431.972639",
    "sellerFeeBasisPoints": 0,
    "isMutable": false,
    "primarySaleHappened": 0,
    "updateAuthority": "4MqUQk6eDbC6T212haWHkjirAVgRtWc5wZYZS5xH9gbX",
    "usdPrice": 0.00098,
    "nativePriceValue": "6575.7",
    "exchangeName": "Raydium",
    "exchangeAddress": "CAMMCzo5YL8w4VFF8KVHrK22GGUsp5VTaW7grrKgrWqK",
    "firstSwapTimestamp": "2025-06-14T07:23:43+00:00",
    "firstSwapType": "buy",
    "firstBuyerOrSeller": "4MqUQk6eDbC6T212haWHkjirAVgRtWc5wZYZS5xH9gbX",
    "firstTradeValueUsd": 6665.333966
}