{
    "label": 62,
    "mint": "3XpU87LX7x1YyWxX2NN2BEaEaT9YLz9fZAW33wXkpump",
    "name": "Solana is my Purpose",
    "symbol": "SIMP",
    "decimals": "6",
    "totalSupply": "2891986874713",
    "totalSupplyFormatted": "2891986.874713",
    "sellerFeeBasisPoints": 0,
    "isMutable": false,
    "primarySaleHappened": 0,
    "updateAuthority": "8vEwAuxWHz9q9kfhfvuA25xDw4AWZGUsrbKaXj3w1cCi",
    "usdPrice": 5.679e-06,
    "nativePriceValue": "38.8946",
    "exchangeName": "PumpSwap",
    "exchangeAddress": "pAMMBay6oceH9fJKBRHGP5D4bD4sWpmSwMn52FMfXEA",
    "firstSwapTimestamp": "2025-06-25T06:19:10+00:00",
    "firstSwapType": "buy",
    "firstBuyerOrSeller": "8vEwAuxWHz9q9kfhfvuA25xDw4AWZGUsrbKaXj3w1cCi",
    "firstTradeValueUsd": 1.45e-07
}