{
    "label": 63,
    "mint": "49vNLj7U9SjpUXaKsh5MRhH3J5tquy4U5ckpKa89pump",
    "name": "GALAXY DESTROYER",
    "symbol": "BUTTER",
    "decimals": "6",
    "totalSupply": "555500445200",
    "totalSupplyFormatted": "555500.4452",
    "sellerFeeBasisPoints": 0,
    "isMutable": false,
    "primarySaleHappened": 0,
    "updateAuthority": "8hb47PWYKeQpYZRfKAsAc4MziAVVe71HBcbBVTHrpk9y",
    "usdPrice": 8.15e-06,
    "nativePriceValue": "57.2237",
    "exchangeName": "PumpSwap",
    "exchangeAddress": "pAMMBay6oceH9fJKBRHGP5D4bD4sWpmSwMn52FMfXEA",
    "firstSwapTimestamp": "2025-06-26T20:14:26+00:00",
    "firstSwapType": "buy",
    "firstBuyerOrSeller": "8hb47PWYKeQpYZRfKAsAc4MziAVVe71HBcbBVTHrpk9y",
    "firstTradeValueUsd": 1.42e-07
}