{
    "label": 80,
    "mint": "3QUCahiEhsE6QNZNitGaUt1phVxn5RHNio5MPsfapump",
    "name": "DogWifHijab",
    "symbol": "HIJAB",
    "decimals": "6",
    "totalSupply": "999998474669676",
    "totalSupplyFormatted": "999998474.669676",
    "sellerFeeBasisPoints": 0,
    "isMutable": true,
    "primarySaleHappened": 0,
    "updateAuthority": "3oSP3nimwT2U9gte5JpP6juEcQbw1GVhtkRfzGZt3gqw",
    "usdPrice": 6.6755e-05,
    "nativePriceValue": "494",
    "exchangeName": "PumpSwap",
    "exchangeAddress": "pAMMBay6oceH9fJKBRHGP5D4bD4sWpmSwMn52FMfXEA",
    "firstSwapTimestamp": "2025-06-23T15:10:18+00:00",
    "firstSwapType": "buy",
    "firstBuyerOrSeller": "5dnFxM648UQpBTonstiBE1HWZaVG49Cv3yuNhX6Y1nFU",
    "firstTradeValueUsd": 13.485589946
}