{
    "label": 63,
    "mint": "2QJHNLn4FjffYD2vvMrPrMQRc3sQdDibWfvHvXZVpump",
    "name": "buy your mom a house",
    "symbol": "momhouse",
    "decimals": "6",
    "totalSupply": "999969222200529",
    "totalSupplyFormatted": "999969222.200529",
    "sellerFeeBasisPoints": 0,
    "isMutable": true,
    "primarySaleHappened": 0,
    "updateAuthority": "5oqGSUzUei1r64pMbhq4YJzZv5UDHPP27wRM7jzmWTHX",
    "usdPrice": 8.9032e-05,
    "nativePriceValue": "630",
    "exchangeName": "PumpSwap",
    "exchangeAddress": "pAMMBay6oceH9fJKBRHGP5D4bD4sWpmSwMn52FMfXEA",
    "firstSwapTimestamp": "2025-06-27T17:57:02+00:00",
    "firstSwapType": "buy",
    "firstBuyerOrSeller": "5Cgqp2bxiBfa5K4oE2U9CAfTKjrnYwY6TMjgwRpMgJfK",
    "firstTradeValueUsd": 0.843801465
}