{
    "label": 63,
    "mint": "4aMikKWxeKaYXwjo8HVMfeucBVv1sdqoHG7szb6Kpump",
    "name": "Panbubu",
    "symbol": "Panbubu",
    "decimals": "6",
    "totalSupply": "999638856561947",
    "totalSupplyFormatted": "999638856.561947",
    "sellerFeeBasisPoints": 0,
    "isMutable": true,
    "primarySaleHappened": 0,
    "updateAuthority": "BhjTY4vRjRdWiSHHhf4G3726fJsvT3TaS5pyLFGBAn7r",
    "usdPrice": 5.3408e-05,
    "nativePriceValue": "366",
    "exchangeName": "PumpSwap",
    "exchangeAddress": "pAMMBay6oceH9fJKBRHGP5D4bD4sWpmSwMn52FMfXEA",
    "firstSwapTimestamp": "2025-06-15T00:52:33+00:00",
    "firstSwapType": "buy",
    "firstBuyerOrSeller": "6TRWbMfNZNqvbuauPpWGsqy55ivna2GVHL4PSV3ufDHB",
    "firstTradeValueUsd": 1.453101784
}