{
    "label": 62,
    "mint": "2FcCx6dm7whV7MBdZBo6vovT1pcBFHVCYgW4rhMcpump",
    "name": "shartup",
    "symbol": "shartup",
    "decimals": "6",
    "totalSupply": "559449366390",
    "totalSupplyFormatted": "559449.36639",
    "sellerFeeBasisPoints": 0,
    "isMutable": false,
    "primarySaleHappened": 0,
    "updateAuthority": "Bd4cokC3QYrJZDQJy5Ze8nPEZ36YmCWuWVRkrGAsqy77",
    "usdPrice": 1.0244e-05,
    "nativePriceValue": "67.5379",
    "exchangeName": "PumpSwap",
    "exchangeAddress": "pAMMBay6oceH9fJKBRHGP5D4bD4sWpmSwMn52FMfXEA",
    "firstSwapTimestamp": "2025-07-04T02:06:18+00:00",
    "firstSwapType": "buy",
    "firstBuyerOrSeller": "Bd4cokC3QYrJZDQJy5Ze8nPEZ36YmCWuWVRkrGAsqy77",
    "firstTradeValueUsd": 1.52e-07
}