{
    "label": 63,
    "mint": "4EQQiHUNro4o4MJXycMa5yaknXdcvSRfHpJboyRPpump",
    "name": "\u20bfelieve",
    "symbol": "\u20bfelieve",
    "decimals": "6",
    "totalSupply": "999998974379990",
    "totalSupplyFormatted": "999998974.37999",
    "sellerFeeBasisPoints": 0,
    "isMutable": true,
    "primarySaleHappened": 0,
    "updateAuthority": "E8PQ4iw68fHkmKLcj216DfTJxSMSydDBAn3f8ajznWV8",
    "usdPrice": 8.7979e-05,
    "nativePriceValue": "573",
    "exchangeName": "PumpSwap",
    "exchangeAddress": "pAMMBay6oceH9fJKBRHGP5D4bD4sWpmSwMn52FMfXEA",
    "firstSwapTimestamp": "2025-07-02T16:28:47+00:00",
    "firstSwapType": "buy",
    "firstBuyerOrSeller": "Gd4w6EZcbYRC9K8ofXqpeagNCAKYdQLfsNPeRnH1wR3C",
    "firstTradeValueUsd": 1648.332693775
}