{
    "label": 63,
    "mint": "2WvXAFqju397ugv3zidXokpWAEJkwh9hTJYQcaUkpump",
    "name": "McWynn",
    "symbol": "MCWYNN",
    "decimals": "6",
    "totalSupply": "999979916906223",
    "totalSupplyFormatted": "999979916.906223",
    "sellerFeeBasisPoints": 0,
    "isMutable": true,
    "primarySaleHappened": 0,
    "updateAuthority": "EqBeFE6EyGCYWU7i5A8LXMfvxXDKUNynESVKfgwKhTJu",
    "usdPrice": 7.3384e-05,
    "nativePriceValue": "522",
    "exchangeName": "PumpSwap",
    "exchangeAddress": "pAMMBay6oceH9fJKBRHGP5D4bD4sWpmSwMn52FMfXEA",
    "firstSwapTimestamp": "2025-06-21T06:44:29+00:00",
    "firstSwapType": "buy",
    "firstBuyerOrSeller": "DmN3yTNR7TLZBuWroLegxkAZmExAuhQLzj6mX38xyrxJ",
    "firstTradeValueUsd": 0.853981474
}