{
    "label": 82,
    "mint": "4ac26dKDqSHNRjmmceQ5j4YYDcsnXtKbC7kdpVm1pump",
    "name": "HOUSE OF MEMES",
    "symbol": "HOME",
    "decimals": "6",
    "totalSupply": "999770998559949",
    "totalSupplyFormatted": "999770998.559949",
    "sellerFeeBasisPoints": 0,
    "isMutable": true,
    "primarySaleHappened": 0,
    "updateAuthority": "CU6LrxqZax8wcXw9FCRTNevhkq2LrJoDGzTRSZicPFq6",
    "usdPrice": 9.162e-06,
    "nativePriceValue": "62.8298",
    "exchangeName": "PumpSwap",
    "exchangeAddress": "pAMMBay6oceH9fJKBRHGP5D4bD4sWpmSwMn52FMfXEA",
    "firstSwapTimestamp": "2025-06-19T08:43:49+00:00",
    "firstSwapType": "buy",
    "firstBuyerOrSeller": "5dnFxM648UQpBTonstiBE1HWZaVG49Cv3yuNhX6Y1nFU",
    "firstTradeValueUsd": 14.53421299
}