{
    "label": 63,
    "mint": "4MPpTSDubVfnsTtEcLRT1m73QbDoRcHqf1KfP9AVpump",
    "name": "wallstreet",
    "symbol": "wallstreet",
    "decimals": "6",
    "totalSupply": "999999723237754",
    "totalSupplyFormatted": "999999723.237754",
    "sellerFeeBasisPoints": 0,
    "isMutable": true,
    "primarySaleHappened": 0,
    "updateAuthority": "Gdi6H4jU4oc6cRGbBaEzePLiYDXA2iUZFnLTuQAphkA7",
    "usdPrice": 0.000192337,
    "nativePriceValue": "1317",
    "exchangeName": "PumpSwap",
    "exchangeAddress": "pAMMBay6oceH9fJKBRHGP5D4bD4sWpmSwMn52FMfXEA",
    "firstSwapTimestamp": "2025-07-01T20:04:41+00:00",
    "firstSwapType": "buy",
    "firstBuyerOrSeller": "2jYSccZUuXM4TY2y2641PB5zV65BSqjkfshWukL8QPkP",
    "firstTradeValueUsd": 1.447709372
}