{
    "label": 63,
    "mint": "3Lbbp5GpeJcmujYrJrCKx7nu1EQnmwsq69si6dgVpump",
    "name": "Mooncoin",
    "symbol": "MOONCOIN",
    "decimals": "6",
    "totalSupply": "555072708423",
    "totalSupplyFormatted": "555072.708423",
    "sellerFeeBasisPoints": 0,
    "isMutable": false,
    "primarySaleHappened": 0,
    "updateAuthority": "A4VQJtgUc9cYYR4xu1Q583wjpHUYRxdUzvKFfG37Ak2h",
    "usdPrice": 8.653e-06,
    "nativePriceValue": "59.3975",
    "exchangeName": "PumpSwap",
    "exchangeAddress": "pAMMBay6oceH9fJKBRHGP5D4bD4sWpmSwMn52FMfXEA",
    "firstSwapTimestamp": "2025-06-28T07:39:30+00:00",
    "firstSwapType": "buy",
    "firstBuyerOrSeller": "A4VQJtgUc9cYYR4xu1Q583wjpHUYRxdUzvKFfG37Ak2h",
    "firstTradeValueUsd": 1.45e-07
}