{
    "label": 63,
    "mint": "3rvDpZyUZKKoe2BCxgJtoCKSbGTwzn4GkH5ZWXR7pump",
    "name": "This You?",
    "symbol": "This You?",
    "decimals": "6",
    "totalSupply": "999999706480486",
    "totalSupplyFormatted": "999999706.480486",
    "sellerFeeBasisPoints": 0,
    "isMutable": true,
    "primarySaleHappened": 0,
    "updateAuthority": "3bab9jUxprBcwgqKrjFyH7XBq41aargiRcPER1JKLWUK",
    "usdPrice": 7.6585e-05,
    "nativePriceValue": "512",
    "exchangeName": "PumpSwap",
    "exchangeAddress": "pAMMBay6oceH9fJKBRHGP5D4bD4sWpmSwMn52FMfXEA",
    "firstSwapTimestamp": "2025-07-02T08:14:35+00:00",
    "firstSwapType": "buy",
    "firstBuyerOrSeller": "9bHBfnrJ2gro41BqdKx6ebPD5Cf74UyWf3kfD5FceJi1",
    "firstTradeValueUsd": 1.490975277
}