{
    "label": 64,
    "mint": "3PGPyKv6Bt2FAzSJhbPz756UJP6SuAgCJKZoTzY8pump",
    "name": "Useless States of America",
    "symbol": "USA",
    "decimals": "6",
    "totalSupply": "999859622237868",
    "totalSupplyFormatted": "999859622.237868",
    "sellerFeeBasisPoints": 0,
    "isMutable": true,
    "primarySaleHappened": 0,
    "updateAuthority": "5AW5fcgykadnYjtGMKZ6RYZACAZPrd2rqQMD5bJVgNKs",
    "usdPrice": 4.0084e-05,
    "nativePriceValue": "262",
    "exchangeName": "PumpSwap",
    "exchangeAddress": "pAMMBay6oceH9fJKBRHGP5D4bD4sWpmSwMn52FMfXEA",
    "firstSwapTimestamp": "2025-07-03T21:34:47+00:00",
    "firstSwapType": "buy",
    "firstBuyerOrSeller": "1bTm9gMu4JPCUDFXhz1HAEdhiFVtinAL5g8U4k4mhhB",
    "firstTradeValueUsd": 1.377669801
}