{
    "label": 67,
    "mint": "3dfkwKFiMUC39M7GibmP6wy46BYRYTPp7PyhKx2Rpump",
    "name": "Refusing to Work",
    "symbol": "RTW",
    "decimals": "6",
    "totalSupply": "999864209195597",
    "totalSupplyFormatted": "999864209.195597",
    "sellerFeeBasisPoints": 0,
    "isMutable": true,
    "primarySaleHappened": 0,
    "updateAuthority": "6dFRH7RdA9o599Hmoefn3JCZA6ConAFSvGh2wLrmvLmk",
    "usdPrice": 3.8619e-05,
    "nativePriceValue": "254",
    "exchangeName": "PumpSwap",
    "exchangeAddress": "pAMMBay6oceH9fJKBRHGP5D4bD4sWpmSwMn52FMfXEA",
    "firstSwapTimestamp": "2025-06-29T19:10:12+00:00",
    "firstSwapType": "buy",
    "firstBuyerOrSeller": "3joKYvUT7hRFNUBdX1e1TfGhJrGMtWYWs147TnUTQeh3",
    "firstTradeValueUsd": 1.512003331
}