{
    "label": 82,
    "mint": "3cN8fa9KCXPfiAqkymZETF7tigLt7tT3inXf6YWVpump",
    "name": "HyperSol",
    "symbol": "HYS",
    "decimals": "6",
    "totalSupply": "999896698859217",
    "totalSupplyFormatted": "999896698.859217",
    "sellerFeeBasisPoints": 0,
    "isMutable": true,
    "primarySaleHappened": 0,
    "updateAuthority": "CU6LrxqZax8wcXw9FCRTNevhkq2LrJoDGzTRSZicPFq6",
    "usdPrice": 2.6484e-05,
    "nativePriceValue": "177",
    "exchangeName": "PumpSwap",
    "exchangeAddress": "pAMMBay6oceH9fJKBRHGP5D4bD4sWpmSwMn52FMfXEA",
    "firstSwapTimestamp": "2025-06-17T19:43:29+00:00",
    "firstSwapType": "buy",
    "firstBuyerOrSeller": "F2fNnc1aLLBuh5LFtMmnAMSLi39hfZZBwcbZ2XdpqV6f",
    "firstTradeValueUsd": 2.027609639
}