{
    "label": 62,
    "mint": "4ugb7ufWhnkWHJmH4ZutZmuQG7iDEhcV7qGQspgipump",
    "name": "MEMECYCLE",
    "symbol": "MEMECYCLE",
    "decimals": "6",
    "totalSupply": "999999821017847",
    "totalSupplyFormatted": "999999821.017847",
    "sellerFeeBasisPoints": 0,
    "isMutable": true,
    "primarySaleHappened": 0,
    "updateAuthority": "8SL7D6LbCLHGPJfMEAqhGmopoR21w2ZGQHVimksfMHj7",
    "usdPrice": 0.00023644,
    "nativePriceValue": "1750",
    "exchangeName": "PumpSwap",
    "exchangeAddress": "pAMMBay6oceH9fJKBRHGP5D4bD4sWpmSwMn52FMfXEA",
    "firstSwapTimestamp": "2025-06-22T02:00:44+00:00",
    "firstSwapType": "buy",
    "firstBuyerOrSeller": "pMbNzWqcxoxecC19G9qguCh3z6o5ZgoG58NQGnA6Kd4",
    "firstTradeValueUsd": 1.348092279
}