{
    "label": 82,
    "mint": "4oG9VbMFdRpML2uTK1C1LB8gwd9aq8DBU7YzNvVqpump",
    "name": "FARTHUB",
    "symbol": "FARTHUB",
    "decimals": "6",
    "totalSupply": "999849928532035",
    "totalSupplyFormatted": "999849928.532035",
    "sellerFeeBasisPoints": 0,
    "isMutable": true,
    "primarySaleHappened": 0,
    "updateAuthority": "CU6LrxqZax8wcXw9FCRTNevhkq2LrJoDGzTRSZicPFq6",
    "usdPrice": 2.566e-05,
    "nativePriceValue": "176",
    "exchangeName": "PumpSwap",
    "exchangeAddress": "pAMMBay6oceH9fJKBRHGP5D4bD4sWpmSwMn52FMfXEA",
    "firstSwapTimestamp": "2025-06-20T06:05:34+00:00",
    "firstSwapType": "buy",
    "firstBuyerOrSeller": "5dnFxM648UQpBTonstiBE1HWZaVG49Cv3yuNhX6Y1nFU",
    "firstTradeValueUsd": 14.517440455
}