{
    "label": 63,
    "mint": "36Tx7w7mY9oPa4tpGsqEYXWN1h6aTn95MCVLZXnKpump",
    "name": "WERE SO BACK",
    "symbol": "WSB",
    "decimals": "6",
    "totalSupply": "999999631716893",
    "totalSupplyFormatted": "999999631.716893",
    "sellerFeeBasisPoints": 0,
    "isMutable": true,
    "primarySaleHappened": 0,
    "updateAuthority": "G4NP8nBj7xoBn6m7XCAXAz9aECdHh5dN2UEzDDnWR5Vt",
    "usdPrice": 9.0864e-05,
    "nativePriceValue": "645",
    "exchangeName": "PumpSwap",
    "exchangeAddress": "pAMMBay6oceH9fJKBRHGP5D4bD4sWpmSwMn52FMfXEA",
    "firstSwapTimestamp": "2025-06-23T21:37:57+00:00",
    "firstSwapType": "buy",
    "firstBuyerOrSeller": "CvstV5B9Z6yfB38n6qy5rnZNJ41tCVFsM7FJpbyuwu8K",
    "firstTradeValueUsd": 1.324623736
}