{
    "label": 63,
    "mint": "4qg9mmGDKxMQn482cKVMtyj6zdMtME9dDrnNWCAJpump",
    "name": "Commodiddy",
    "symbol": "Commodiddy",
    "decimals": "6",
    "totalSupply": "999539312929833",
    "totalSupplyFormatted": "999539312.929833",
    "sellerFeeBasisPoints": 0,
    "isMutable": true,
    "primarySaleHappened": 0,
    "updateAuthority": "Brf2vtxoKHqu6WaGPJHkVxcz57CNhDtUjXTBN2G3m7Uj",
    "usdPrice": 2.5203e-05,
    "nativePriceValue": "166",
    "exchangeName": "PumpSwap",
    "exchangeAddress": "pAMMBay6oceH9fJKBRHGP5D4bD4sWpmSwMn52FMfXEA",
    "firstSwapTimestamp": "2025-07-02T18:31:52+00:00",
    "firstSwapType": "buy",
    "firstBuyerOrSeller": "C6SgCNiB62xmSCXjPc8uU3EMqv1yEoH6pwuuyE9b1xNx",
    "firstTradeValueUsd": 71.164282116
}