{
    "label": 36,
    "mint": "1CM38GJ7YwW3ugfdXfc8tWeRW4mWocYYoCt3C9qpump",
    "name": "AuraKat",
    "symbol": "AURAKAT",
    "decimals": "6",
    "totalSupply": "7807208500314",
    "totalSupplyFormatted": "7807208.500314",
    "sellerFeeBasisPoints": 0,
    "isMutable": false,
    "primarySaleHappened": 0,
    "updateAuthority": "EEoL7r1gHvpgV6iiyLdoTJVyZJqcXcwT5Mni1LNrHkFf",
    "usdPrice": 4.9244e-09,
    "nativePriceValue": "0.0303",
    "exchangeName": "PumpSwap",
    "exchangeAddress": "pAMMBay6oceH9fJKBRHGP5D4bD4sWpmSwMn52FMfXEA",
    "firstSwapTimestamp": "2025-06-27T15:03:38+00:00",
    "firstSwapType": "buy",
    "firstBuyerOrSeller": "cakewAiZcEFuE3YjRd6KzBVqdpykNCZupJxdft7u5vW",
    "firstTradeValueUsd": 0.009044695
}