{
    "label": 29,
    "mint": "3nLuSjqTSyswnUBSaAGGFxU5Cv9rdCyHgMRwcmafpump",
    "name": "CryptoFrog",
    "symbol": "CFROG",
    "decimals": "6",
    "totalSupply": "999999675372502",
    "totalSupplyFormatted": "999999675.372502",
    "sellerFeeBasisPoints": 0,
    "isMutable": false,
    "primarySaleHappened": 0,
    "updateAuthority": "WLHv2UAZm6z4KyaaELi5pjdbJh6RESMva1Rnn8pJVVh",
    "usdPrice": 5.432e-06,
    "nativePriceValue": "27.6111",
    "exchangeName": "Raydium",
    "exchangeAddress": "LanMV9sAd7wArD4vJFi2qDdfnVhFxYSUg6eADduJ3uj",
    "firstSwapTimestamp": "2025-07-11T19:19:31+00:00",
    "firstSwapType": "buy",
    "firstBuyerOrSeller": "FwkAXYhHYwqkeUCkU3GP3Pgbn6d1EUqcx7QpTLuMyZ7g",
    "firstTradeValueUsd": 144.447613131
}