{
    "label": 63,
    "mint": "3Y8b74GPBEm4tVHBreHJ4zuaoGX11Vw1CT1za9ompump",
    "name": "Trust In Trump",
    "symbol": "TIT",
    "decimals": "6",
    "totalSupply": "999728874900491",
    "totalSupplyFormatted": "999728874.900491",
    "sellerFeeBasisPoints": 0,
    "isMutable": true,
    "primarySaleHappened": 0,
    "updateAuthority": "GzFGjyNiQ8X1uoEqMjK6yem8XCS3qWfZUqScQr4mPTfX",
    "usdPrice": 4.2327e-05,
    "nativePriceValue": "289",
    "exchangeName": "PumpSwap",
    "exchangeAddress": "pAMMBay6oceH9fJKBRHGP5D4bD4sWpmSwMn52FMfXEA",
    "firstSwapTimestamp": "2025-06-25T01:43:18+00:00",
    "firstSwapType": "buy",
    "firstBuyerOrSeller": "BzQPrs33w1CxYoVNaSgahCC4N2TyHAVbWfy4v6WT3vCa",
    "firstTradeValueUsd": 14.56582791
}