{
    "label": 63,
    "mint": "3yqbCMxMEEfWLuSz2CJxN49i7CsEJoQZ27QvNF3Mpump",
    "name": "Booty Taker",
    "symbol": "Taker",
    "decimals": "6",
    "totalSupply": "999179792971464",
    "totalSupplyFormatted": "999179792.971464",
    "sellerFeeBasisPoints": 0,
    "isMutable": true,
    "primarySaleHappened": 0,
    "updateAuthority": "3HB9f9BG1UBMZmjgRwGtatpuxkayFrPRHU9avLifvS7Y",
    "usdPrice": 1.106e-05,
    "nativePriceValue": "75.5172",
    "exchangeName": "PumpSwap",
    "exchangeAddress": "pAMMBay6oceH9fJKBRHGP5D4bD4sWpmSwMn52FMfXEA",
    "firstSwapTimestamp": "2025-07-01T21:03:24+00:00",
    "firstSwapType": "buy",
    "firstBuyerOrSeller": "uUwXoLe7nLsGZ6SEjrajzsrDvqhfcyq16YkWLBo9wCx",
    "firstTradeValueUsd": 0.657159482
}