{
    "label": 75,
    "mint": "4FgaPWAMWhSbhCyR2vTUkMbL7bwnXrmzRY87o7s9pump",
    "name": "Proof Of REM",
    "symbol": "REM",
    "decimals": "6",
    "totalSupply": "999991372536309",
    "totalSupplyFormatted": "999991372.536309",
    "sellerFeeBasisPoints": 0,
    "isMutable": true,
    "primarySaleHappened": 0,
    "updateAuthority": "CpGpRNKZVfVwvWATu7M3aBd4vj1XveTCovFqE9bdN8CF",
    "usdPrice": 0.000264893,
    "nativePriceValue": "1831",
    "exchangeName": "PumpSwap",
    "exchangeAddress": "pAMMBay6oceH9fJKBRHGP5D4bD4sWpmSwMn52FMfXEA",
    "firstSwapTimestamp": "2025-06-25T21:33:18+00:00",
    "firstSwapType": "buy",
    "firstBuyerOrSeller": "2jYSccZUuXM4TY2y2641PB5zV65BSqjkfshWukL8QPkP",
    "firstTradeValueUsd": 1.4387383
}