{
    "label": 62,
    "mint": "3GHYWwCYvcEpyfDaxcHyAnqgUbhgrcPeucQGQuZQpump",
    "name": "The Roommates Show",
    "symbol": "ROOM",
    "decimals": "6",
    "totalSupply": "696055625687",
    "totalSupplyFormatted": "696055.625687",
    "sellerFeeBasisPoints": 0,
    "isMutable": false,
    "primarySaleHappened": 0,
    "updateAuthority": "93mvm6FxHGHxy8qD41i6pN5aFsfLybi9ighkszcijKi9",
    "usdPrice": 1.0647e-05,
    "nativePriceValue": "65.2712",
    "exchangeName": "PumpSwap",
    "exchangeAddress": "pAMMBay6oceH9fJKBRHGP5D4bD4sWpmSwMn52FMfXEA",
    "firstSwapTimestamp": "2025-07-12T03:45:02+00:00",
    "firstSwapType": "buy",
    "firstBuyerOrSeller": "93mvm6FxHGHxy8qD41i6pN5aFsfLybi9ighkszcijKi9",
    "firstTradeValueUsd": 1.63e-07
}