{
    "label": 63,
    "mint": "3d97rg5r9PLeGNrSbDcvybeu6XA7h63KP6igghcXpump",
    "name": "IRAN",
    "symbol": "IRAN",
    "decimals": "6",
    "totalSupply": "999992789344538",
    "totalSupplyFormatted": "999992789.344538",
    "sellerFeeBasisPoints": 0,
    "isMutable": true,
    "primarySaleHappened": 0,
    "updateAuthority": "9Db1YA8HSxUt7sGL1mWFsNQF7EdL8MkGKARkTyCMokx7",
    "usdPrice": 3.6531e-05,
    "nativePriceValue": "270",
    "exchangeName": "PumpSwap",
    "exchangeAddress": "pAMMBay6oceH9fJKBRHGP5D4bD4sWpmSwMn52FMfXEA",
    "firstSwapTimestamp": "2025-06-22T07:50:13+00:00",
    "firstSwapType": "buy",
    "firstBuyerOrSeller": "BzQPrs33w1CxYoVNaSgahCC4N2TyHAVbWfy4v6WT3vCa",
    "firstTradeValueUsd": 13.457188652
}