{
    "label": 80,
    "mint": "2ejcAsFq6nYKcYpNc2V4Koe8WZfUVvqRkJ9ZkYKbpump",
    "name": "Incentive",
    "symbol": "INC",
    "decimals": "6",
    "totalSupply": "999989214726361",
    "totalSupplyFormatted": "999989214.726361",
    "sellerFeeBasisPoints": 0,
    "isMutable": true,
    "primarySaleHappened": 0,
    "updateAuthority": "3oSP3nimwT2U9gte5JpP6juEcQbw1GVhtkRfzGZt3gqw",
    "usdPrice": 3.4743e-05,
    "nativePriceValue": "228",
    "exchangeName": "PumpSwap",
    "exchangeAddress": "pAMMBay6oceH9fJKBRHGP5D4bD4sWpmSwMn52FMfXEA",
    "firstSwapTimestamp": "2025-06-29T19:36:59+00:00",
    "firstSwapType": "buy",
    "firstBuyerOrSeller": "EzAEwmF4ouZLLpKkSmM8ewNZAPVEK5Z6GPKd5sE2UVkw",
    "firstTradeValueUsd": 41.593960924
}