{
    "label": 63,
    "mint": "4hmVr9PqZL3gReRBfGgz9RhTHdKM8xJdN4MwQsPKpump",
    "name": "diving in",
    "symbol": "dive",
    "decimals": "6",
    "totalSupply": "999831138717695",
    "totalSupplyFormatted": "999831138.717695",
    "sellerFeeBasisPoints": 0,
    "isMutable": true,
    "primarySaleHappened": 0,
    "updateAuthority": "6te17573u3y8UpsQYAYHibeLn5Rc63262kquT5eC66aV",
    "usdPrice": 3.0722e-05,
    "nativePriceValue": "202",
    "exchangeName": "PumpSwap",
    "exchangeAddress": "pAMMBay6oceH9fJKBRHGP5D4bD4sWpmSwMn52FMfXEA",
    "firstSwapTimestamp": "2025-06-29T21:54:30+00:00",
    "firstSwapType": "buy",
    "firstBuyerOrSeller": "2JUU74qA5BCWSjBfggLcxMfypbzEeawqMpuhWpqV3zZn",
    "firstTradeValueUsd": 1.511185606
}