{
    "label": 71,
    "mint": "3wnv3isGKtnr2rwTvCcxXLzpaMySkU85o8QDFBKZpump",
    "name": "Plutus",
    "symbol": "PLU",
    "decimals": "6",
    "totalSupply": "999999552768804",
    "totalSupplyFormatted": "999999552.768804",
    "sellerFeeBasisPoints": 0,
    "isMutable": true,
    "primarySaleHappened": 0,
    "updateAuthority": "Garra13pZVF1ShVUeaFtXM8NPtf575pXTc84GV9ApWK1",
    "usdPrice": 4.9316e-05,
    "nativePriceValue": "312",
    "exchangeName": "PumpSwap",
    "exchangeAddress": "pAMMBay6oceH9fJKBRHGP5D4bD4sWpmSwMn52FMfXEA",
    "firstSwapTimestamp": "2025-06-16T18:09:48+00:00",
    "firstSwapType": "buy",
    "firstBuyerOrSeller": "6ZSSbyWfDG4MSCV2Nzhzd5ZPj35hn2mgci5iMH1D2Xij",
    "firstTradeValueUsd": 2.199264901
}