{
    "label": 62,
    "mint": "4JAzzVR6Pkou6DU5WAwuG1p281wBwzzci3RSumBzpump",
    "name": "CatWifTurban",
    "symbol": "TURBAN",
    "decimals": "6",
    "totalSupply": "1401880036590",
    "totalSupplyFormatted": "1401880.03659",
    "sellerFeeBasisPoints": 0,
    "isMutable": true,
    "primarySaleHappened": 0,
    "updateAuthority": "BcoUvPakdewbG7rKRU6s3VAZtVGVUgL5qQjmkYgD6Pm6",
    "usdPrice": 7.6524e-05,
    "nativePriceValue": "570",
    "exchangeName": "PumpSwap",
    "exchangeAddress": "pAMMBay6oceH9fJKBRHGP5D4bD4sWpmSwMn52FMfXEA",
    "firstSwapTimestamp": "2025-06-23T09:37:20+00:00",
    "firstSwapType": "buy",
    "firstBuyerOrSeller": "KWq7esvBkhAh6TP6iDb1LtGPhQbTN76L6iN3p5Dd81E",
    "firstTradeValueUsd": 42.232658206
}