{
    "label": 67,
    "mint": "24CGAxSRUGzz6xm8tV5k3G29XQxirL3b9aGdEpcTpump",
    "name": "popfrog",
    "symbol": "popfrog",
    "decimals": "6",
    "totalSupply": "999819120780688",
    "totalSupplyFormatted": "999819120.780688",
    "sellerFeeBasisPoints": 0,
    "isMutable": true,
    "primarySaleHappened": 0,
    "updateAuthority": "FzDJdXNnsXnDF5rDGavSpUQV7FFNdXC6xV7vgPyy385U",
    "usdPrice": 1.87e-07,
    "nativePriceValue": "1.232",
    "exchangeName": "PumpSwap",
    "exchangeAddress": "pAMMBay6oceH9fJKBRHGP5D4bD4sWpmSwMn52FMfXEA",
    "firstSwapTimestamp": "2025-06-15T22:12:42+00:00",
    "firstSwapType": "buy",
    "firstBuyerOrSeller": "GMexXMCN3kiZ49GNvzydrXMCGc4jKcudxmm5KBNJ2aWB",
    "firstTradeValueUsd": 2.112161367
}