{
    "label": 63,
    "mint": "3hgwB8A6E9qm2mRGNCQDWdQjAD3JvMQtYjVnfUW9pump",
    "name": "GALAXY DESTROYER",
    "symbol": "BUTTER",
    "decimals": "6",
    "totalSupply": "999980186612876",
    "totalSupplyFormatted": "999980186.612876",
    "sellerFeeBasisPoints": 0,
    "isMutable": true,
    "primarySaleHappened": 0,
    "updateAuthority": "BCyLACxZ5FFdST7Tvf5yXzUdPJ3kSisT3FYaWtVEUvKb",
    "usdPrice": 0.000129956,
    "nativePriceValue": "906",
    "exchangeName": "PumpSwap",
    "exchangeAddress": "pAMMBay6oceH9fJKBRHGP5D4bD4sWpmSwMn52FMfXEA",
    "firstSwapTimestamp": "2025-06-26T20:16:40+00:00",
    "firstSwapType": "buy",
    "firstBuyerOrSeller": "2JUU74qA5BCWSjBfggLcxMfypbzEeawqMpuhWpqV3zZn",
    "firstTradeValueUsd": 1.421618331
}