{
    "label": 63,
    "mint": "31PbZzx7mP5jByUCvSQJeEXaLRAt2qZFmbgAvRTSpump",
    "name": "Chip solana",
    "symbol": "Chipsolana",
    "decimals": "6",
    "totalSupply": "999525110012791",
    "totalSupplyFormatted": "999525110.012791",
    "sellerFeeBasisPoints": 0,
    "isMutable": true,
    "primarySaleHappened": 0,
    "updateAuthority": "49PdydrsGEfuyhmuDdm5Q7ewAcfAUbkmzzggXsMb4GjY",
    "usdPrice": 4.08e-05,
    "nativePriceValue": "276",
    "exchangeName": "PumpSwap",
    "exchangeAddress": "pAMMBay6oceH9fJKBRHGP5D4bD4sWpmSwMn52FMfXEA",
    "firstSwapTimestamp": "2025-07-02T01:24:07+00:00",
    "firstSwapType": "buy",
    "firstBuyerOrSeller": "5XYFL7DXwAerreQqy2D34fEodpq1reSZymsoyoLFLwh1",
    "firstTradeValueUsd": 80.451098282
}