{
    "label": 62,
    "mint": "13bJeGiEpz774xXnffKoJoHz5cKPBKsjG44Kji9mpump",
    "name": "21st Century Art",
    "symbol": "MEMES",
    "decimals": "6",
    "totalSupply": "53348726563",
    "totalSupplyFormatted": "53348.726563",
    "sellerFeeBasisPoints": 0,
    "isMutable": false,
    "primarySaleHappened": 0,
    "updateAuthority": "6A3mc4RZS9GACJ4DRpxRCbJgAbHy66JTqh1BcHckfWa4",
    "usdPrice": 4.917e-06,
    "nativePriceValue": "30.4488",
    "exchangeName": "PumpSwap",
    "exchangeAddress": "pAMMBay6oceH9fJKBRHGP5D4bD4sWpmSwMn52FMfXEA",
    "firstSwapTimestamp": "2025-06-30T00:04:27+00:00",
    "firstSwapType": "buy",
    "firstBuyerOrSeller": "5iywveQKkidqPDKt2CExJcWKex2EXz9kbGcYiZvhuXWs",
    "firstTradeValueUsd": 0.015290601
}