{
    "label": 63,
    "mint": "3TJdkqHAoC57cZM2ATXxPradRKGD4FdNrj9bN8oPpump",
    "name": "The Stripper Index",
    "symbol": "SI6900",
    "decimals": "6",
    "totalSupply": "999999430718665",
    "totalSupplyFormatted": "999999430.718665",
    "sellerFeeBasisPoints": 0,
    "isMutable": true,
    "primarySaleHappened": 0,
    "updateAuthority": "7ZJLNhqkQBUK3qKLFBR4G7PxYDH8SAeqrdFBxV7sCoTa",
    "usdPrice": 7.3782e-05,
    "nativePriceValue": "502",
    "exchangeName": "PumpSwap",
    "exchangeAddress": "pAMMBay6oceH9fJKBRHGP5D4bD4sWpmSwMn52FMfXEA",
    "firstSwapTimestamp": "2025-06-14T04:05:52+00:00",
    "firstSwapType": "buy",
    "firstBuyerOrSeller": "97TjdjQr6vQZ6YTFZ4Ux5wPsCPGjNHTbURmJGsJdxdry",
    "firstTradeValueUsd": 14.642618864
}