{
    "label": 63,
    "mint": "26nLdBa4wPU7nkfu9aq3zdk9dt3KLsgDkz1NDuskpump",
    "name": "hella",
    "symbol": "hella",
    "decimals": "6",
    "totalSupply": "999894179103460",
    "totalSupplyFormatted": "999894179.10346",
    "sellerFeeBasisPoints": 0,
    "isMutable": true,
    "primarySaleHappened": 0,
    "updateAuthority": "Eri5N6evJ6zX43CV5F1Zs2uusbNoaMgASDxwMS9T5joS",
    "usdPrice": 8.5586e-05,
    "nativePriceValue": "614",
    "exchangeName": "PumpSwap",
    "exchangeAddress": "pAMMBay6oceH9fJKBRHGP5D4bD4sWpmSwMn52FMfXEA",
    "firstSwapTimestamp": "2025-06-20T23:06:53+00:00",
    "firstSwapType": "buy",
    "firstBuyerOrSeller": "YeKGpySEJSYmpBhaQVxp181nNEB44qqa4NQN49Vg2Cb",
    "firstTradeValueUsd": 13.888743661
}