{
    "label": 80,
    "mint": "4NHhsshgnx1scGN5nfPtsmnJ89iGxe8Jf9gscrzspump",
    "name": "cottagecoin",
    "symbol": "cottage",
    "decimals": "6",
    "totalSupply": "999999771197386",
    "totalSupplyFormatted": "999999771.197386",
    "sellerFeeBasisPoints": 0,
    "isMutable": true,
    "primarySaleHappened": 0,
    "updateAuthority": "H6Sv1N2uUAJTrAPKYJXxCajxQeAVvVa9pWTLzG2uNuMV",
    "usdPrice": 0.000148777,
    "nativePriceValue": "979",
    "exchangeName": "PumpSwap",
    "exchangeAddress": "pAMMBay6oceH9fJKBRHGP5D4bD4sWpmSwMn52FMfXEA",
    "firstSwapTimestamp": "2025-06-30T02:14:51+00:00",
    "firstSwapType": "buy",
    "firstBuyerOrSeller": "C6SgCNiB62xmSCXjPc8uU3EMqv1yEoH6pwuuyE9b1xNx",
    "firstTradeValueUsd": 877.804506742
}