{
    "label": 63,
    "mint": "2V7jm4Ud9MfckZaaN8peE1AXd4EG1eyKGSmmeDbApump",
    "name": "bubble dog",
    "symbol": "BD",
    "decimals": "6",
    "totalSupply": "564123187247",
    "totalSupplyFormatted": "564123.187247",
    "sellerFeeBasisPoints": 0,
    "isMutable": false,
    "primarySaleHappened": 0,
    "updateAuthority": "EGhj9RTbzqhkbrBo7UqpFmHrzDYbwj8nXLbWMUjrcEFz",
    "usdPrice": 8.24e-06,
    "nativePriceValue": "56.2411",
    "exchangeName": "PumpSwap",
    "exchangeAddress": "pAMMBay6oceH9fJKBRHGP5D4bD4sWpmSwMn52FMfXEA",
    "firstSwapTimestamp": "2025-07-06T10:56:08+00:00",
    "firstSwapType": "buy",
    "firstBuyerOrSeller": "EGhj9RTbzqhkbrBo7UqpFmHrzDYbwj8nXLbWMUjrcEFz",
    "firstTradeValueUsd": 1.46e-07
}