{
    "label": 63,
    "mint": "4vqPH1kL1bSgNbgFDcJZxs2ftjeBJk2FuCFNXtzepump",
    "name": "Poof the Fart",
    "symbol": "POOF",
    "decimals": "6",
    "totalSupply": "999742847114038",
    "totalSupplyFormatted": "999742847.114038",
    "sellerFeeBasisPoints": 0,
    "isMutable": true,
    "primarySaleHappened": 0,
    "updateAuthority": "6jvvrPpp5adW1kcQpK4RLmagJbTtdNrgboPVEUe3TJrx",
    "usdPrice": 4.3059e-05,
    "nativePriceValue": "302",
    "exchangeName": "PumpSwap",
    "exchangeAddress": "pAMMBay6oceH9fJKBRHGP5D4bD4sWpmSwMn52FMfXEA",
    "firstSwapTimestamp": "2025-06-27T12:06:32+00:00",
    "firstSwapType": "buy",
    "firstBuyerOrSeller": "Bo5zd1Ns6q3dhqher9rtSBVcDTKpSagdxBvy1ApRSBkb",
    "firstTradeValueUsd": 14.163856086
}