{
    "label": 63,
    "mint": "3tfv4XR73WvNWxB8GMU6GWFwsiWFmHEFi34Tx8WSpump",
    "name": "In search of the Jungle Jeet",
    "symbol": "JUNGLE",
    "decimals": "6",
    "totalSupply": "999993660673815",
    "totalSupplyFormatted": "999993660.673815",
    "sellerFeeBasisPoints": 0,
    "isMutable": true,
    "primarySaleHappened": 0,
    "updateAuthority": "ArLUaCMsSZawDHXK9jc9H2m2PnEmrfT2ZBwmYB8YXKwa",
    "usdPrice": 7.8197e-05,
    "nativePriceValue": "534",
    "exchangeName": "PumpSwap",
    "exchangeAddress": "pAMMBay6oceH9fJKBRHGP5D4bD4sWpmSwMn52FMfXEA",
    "firstSwapTimestamp": "2025-06-28T13:02:42+00:00",
    "firstSwapType": "buy",
    "firstBuyerOrSeller": "8jVZekyY2ZK3HzTfqkN8s5Z7F34DMbjqnHFMBLSTuAg",
    "firstTradeValueUsd": 57.255420116
}