{
    "label": 62,
    "mint": "2NVe2369TJKDtW1hoUkoBMCNLW4WzwCBiTybhPiLpump",
    "name": "XChat",
    "symbol": "XChat",
    "decimals": "6",
    "totalSupply": "999999113531615",
    "totalSupplyFormatted": "999999113.531615",
    "sellerFeeBasisPoints": 0,
    "isMutable": true,
    "primarySaleHappened": 0,
    "updateAuthority": "CsEoYHqTKA2MTUM878d4qXKthFRHcwwuiAUJEnmqwgVn",
    "usdPrice": 9.8481e-05,
    "nativePriceValue": "679",
    "exchangeName": "PumpSwap",
    "exchangeAddress": "pAMMBay6oceH9fJKBRHGP5D4bD4sWpmSwMn52FMfXEA",
    "firstSwapTimestamp": "2025-06-14T14:55:02+00:00",
    "firstSwapType": "buy",
    "firstBuyerOrSeller": "6VdDWwbbSHs7RqViYJ3A6dzf8WWnHnaArhDZYJdGPUQN",
    "firstTradeValueUsd": 14.483686601
}