{
    "label": 63,
    "mint": "2mtDXanSBk4FsaCVyMovzsTKxu2DFxmTgQMZCn3ppump",
    "name": "MAKE IRAN GREAT AGAIN",
    "symbol": "MIGA",
    "decimals": "6",
    "totalSupply": "999969309996974",
    "totalSupplyFormatted": "999969309.996974",
    "sellerFeeBasisPoints": 0,
    "isMutable": true,
    "primarySaleHappened": 0,
    "updateAuthority": "2nhRM6L2xC46WUvYuevrNCdZjTA6hCznrz3Py1VRsq5u",
    "usdPrice": 6.2071e-05,
    "nativePriceValue": "469",
    "exchangeName": "PumpSwap",
    "exchangeAddress": "pAMMBay6oceH9fJKBRHGP5D4bD4sWpmSwMn52FMfXEA",
    "firstSwapTimestamp": "2025-06-22T22:56:07+00:00",
    "firstSwapType": "buy",
    "firstBuyerOrSeller": "J6ZyN57cSTtBpY8RfTPjPbeJuRba1E6CNWcKqPDAnwp5",
    "firstTradeValueUsd": 1.258336916
}