{
    "label": 64,
    "mint": "46xtfymkFMQVHqyXWWyPV52qqSF93i5eAcPAWsVJpump",
    "name": "surecoin",
    "symbol": "sure",
    "decimals": "6",
    "totalSupply": "999771883404497",
    "totalSupplyFormatted": "999771883.404497",
    "sellerFeeBasisPoints": 0,
    "isMutable": true,
    "primarySaleHappened": 0,
    "updateAuthority": "96DCvXo5TgJbJNb5WPC2vwb9WXd92L7Xn2vd2exsx5dE",
    "usdPrice": 0.001311902,
    "nativePriceValue": "8989",
    "exchangeName": "PumpSwap",
    "exchangeAddress": "pAMMBay6oceH9fJKBRHGP5D4bD4sWpmSwMn52FMfXEA",
    "firstSwapTimestamp": "2025-06-19T20:16:40+00:00",
    "firstSwapType": "buy",
    "firstBuyerOrSeller": "CFgZuRgFDhCgEoFiSsYiSPq26BZ8exuxhvz7V9pqSjwb",
    "firstTradeValueUsd": 2.21593009
}