{
    "label": 63,
    "mint": "3hsw1xcHhc3Z8dpLCqHvd9zBtZgosceapZdMtsuLpump",
    "name": "\u849c\u9e1f",
    "symbol": "\u849c\u9e1f",
    "decimals": "6",
    "totalSupply": "999968967821694",
    "totalSupplyFormatted": "999968967.821694",
    "sellerFeeBasisPoints": 0,
    "isMutable": true,
    "primarySaleHappened": 0,
    "updateAuthority": "4QNSEbYMK4d4eq9PhqfDcy2EHW9AHt8vqd1oVzbYX643",
    "usdPrice": 9.8475e-05,
    "nativePriceValue": "652",
    "exchangeName": "PumpSwap",
    "exchangeAddress": "pAMMBay6oceH9fJKBRHGP5D4bD4sWpmSwMn52FMfXEA",
    "firstSwapTimestamp": "2025-06-30T11:24:40+00:00",
    "firstSwapType": "buy",
    "firstBuyerOrSeller": "J193Bbyb9myKA4B3XDYuxXMEqT7TE6dfDv3WVn2Nt1gK",
    "firstTradeValueUsd": 0.903147518
}