{
    "label": 63,
    "mint": "3dmoq6aCvWbKuuTsN5JYhXDRxEs78W9jFxPuXQgppump",
    "name": "Nyquora",
    "symbol": "Nyquora",
    "decimals": "6",
    "totalSupply": "1000000000000000",
    "totalSupplyFormatted": "1000000000",
    "sellerFeeBasisPoints": 0,
    "isMutable": true,
    "primarySaleHappened": 0,
    "updateAuthority": "5gPPDoWa5LyoTMgaU5ZxcRZ1GEmBHDiGuVoQbSaFXL4S",
    "usdPrice": 8.8624e-05,
    "nativePriceValue": "624",
    "exchangeName": "PumpSwap",
    "exchangeAddress": "pAMMBay6oceH9fJKBRHGP5D4bD4sWpmSwMn52FMfXEA",
    "firstSwapTimestamp": "2025-06-27T23:47:00+00:00",
    "firstSwapType": "buy",
    "firstBuyerOrSeller": "DLwcHXEgXZ39TtfrofTAY4RN1zy2qfDp6qakZyqtVQxw",
    "firstTradeValueUsd": 43.690715177
}