{
    "label": 63,
    "mint": "4WmD8wcopZTrstWoXUAdxJdyXiZaMC1ZxEpFgM5bpump",
    "name": "Regencell Bioscience Holdings",
    "symbol": "RGC",
    "decimals": "6",
    "totalSupply": "999998883797997",
    "totalSupplyFormatted": "999998883.797997",
    "sellerFeeBasisPoints": 0,
    "isMutable": true,
    "primarySaleHappened": 0,
    "updateAuthority": "CkgDZbfoQ4RHwBfL6311oVoSz6MXjSz9YdeNrmVQVghP",
    "usdPrice": 9.899e-06,
    "nativePriceValue": "67.1817",
    "exchangeName": "PumpSwap",
    "exchangeAddress": "pAMMBay6oceH9fJKBRHGP5D4bD4sWpmSwMn52FMfXEA",
    "firstSwapTimestamp": "2025-06-18T06:34:34+00:00",
    "firstSwapType": "buy",
    "firstBuyerOrSeller": "FLMusxh9if28hiUonuGSr1JyuGj4ZBoABxUyXjdnehjQ",
    "firstTradeValueUsd": 2.837614785
}