{
    "label": 63,
    "mint": "2qwKBZb9sNcRHrVRXbCWdBJGHmrdedbrA6LFn2J6pump",
    "name": "No Kings",
    "symbol": "NOKINGS",
    "decimals": "6",
    "totalSupply": "999856597433834",
    "totalSupplyFormatted": "999856597.433834",
    "sellerFeeBasisPoints": 0,
    "isMutable": true,
    "primarySaleHappened": 0,
    "updateAuthority": "5Sx3CnLQvka9Tmafs7vCHTr9KLJKrWqaazMhs21SNfHJ",
    "usdPrice": 5.5465e-05,
    "nativePriceValue": "379",
    "exchangeName": "PumpSwap",
    "exchangeAddress": "pAMMBay6oceH9fJKBRHGP5D4bD4sWpmSwMn52FMfXEA",
    "firstSwapTimestamp": "2025-06-15T04:55:52+00:00",
    "firstSwapType": "buy",
    "firstBuyerOrSeller": "2jYSccZUuXM4TY2y2641PB5zV65BSqjkfshWukL8QPkP",
    "firstTradeValueUsd": 1.458019297
}