{
    "label": 42,
    "mint": "14tobw8GHmiKvZDB8cmTmrVmmV9AHekPJVWYfGZwpump",
    "name": "Blue Cat",
    "symbol": "BCAT",
    "decimals": "6",
    "totalSupply": "4102048084",
    "totalSupplyFormatted": "4102.048084",
    "sellerFeeBasisPoints": 0,
    "isMutable": false,
    "primarySaleHappened": 0,
    "updateAuthority": "Ebmy2Lbcqabm9aFMdpaa5Q2uFR1g9pXrSvu67DmQx9WQ",
    "usdPrice": 4.945e-06,
    "nativePriceValue": "30.5152",
    "exchangeName": "PumpSwap",
    "exchangeAddress": "pAMMBay6oceH9fJKBRHGP5D4bD4sWpmSwMn52FMfXEA",
    "firstSwapTimestamp": "2025-06-16T10:07:45+00:00",
    "firstSwapType": "buy",
    "firstBuyerOrSeller": "4woXzDiykf2ykiWw4jTeK5ce3rcMBNm9z5FqQwoReFTg",
    "firstTradeValueUsd": 0.015651835
}