{
    "label": 63,
    "mint": "3TC3jZcpQRyBAqzLZseyZpzJTtGSDpBWN2rPkBDVpump",
    "name": "Tesla AI",
    "symbol": "Tesla",
    "decimals": "6",
    "totalSupply": "999999997003333",
    "totalSupplyFormatted": "999999997.003333",
    "sellerFeeBasisPoints": 0,
    "isMutable": true,
    "primarySaleHappened": 0,
    "updateAuthority": "GBnMiiDNuVubsdTkabR1u3pV5RjHHWyRggyU8tFtAohe",
    "usdPrice": 7.9332e-05,
    "nativePriceValue": "542",
    "exchangeName": "PumpSwap",
    "exchangeAddress": "pAMMBay6oceH9fJKBRHGP5D4bD4sWpmSwMn52FMfXEA",
    "firstSwapTimestamp": "2025-06-13T07:31:01+00:00",
    "firstSwapType": "buy",
    "firstBuyerOrSeller": "9trcrXEStBQ1xuxryCkpoKHamy4Y7pgmLskSDAUAdCxr",
    "firstTradeValueUsd": 4.256754294
}