{
    "label": 80,
    "mint": "4pSRvRpFkK7wPQYs952giN7exEm66LduEyj37rz4pump",
    "name": "COINBASE BOMBER",
    "symbol": "COINBASE",
    "decimals": "6",
    "totalSupply": "999999176258891",
    "totalSupplyFormatted": "999999176.258891",
    "sellerFeeBasisPoints": 0,
    "isMutable": true,
    "primarySaleHappened": 0,
    "updateAuthority": "3oSP3nimwT2U9gte5JpP6juEcQbw1GVhtkRfzGZt3gqw",
    "usdPrice": 0.000124133,
    "nativePriceValue": "915",
    "exchangeName": "PumpSwap",
    "exchangeAddress": "pAMMBay6oceH9fJKBRHGP5D4bD4sWpmSwMn52FMfXEA",
    "firstSwapTimestamp": "2025-06-22T03:55:29+00:00",
    "firstSwapType": "buy",
    "firstBuyerOrSeller": "5dnFxM648UQpBTonstiBE1HWZaVG49Cv3yuNhX6Y1nFU",
    "firstTradeValueUsd": 13.405215272
}