{
    "label": 62,
    "mint": "2fNhBJzkM89WQ4ffqc88UJmTGssR3GEXT9dNX3espump",
    "name": "Robotaxi",
    "symbol": "Robotaxi",
    "decimals": "6",
    "totalSupply": "999965138819129",
    "totalSupplyFormatted": "999965138.819129",
    "sellerFeeBasisPoints": 0,
    "isMutable": true,
    "primarySaleHappened": 0,
    "updateAuthority": "8D3VBACMh5Sn8GbgnKr8vfDnvbof9svS8mXDyvES1hwj",
    "usdPrice": 0.0001379,
    "nativePriceValue": "981",
    "exchangeName": "PumpSwap",
    "exchangeAddress": "pAMMBay6oceH9fJKBRHGP5D4bD4sWpmSwMn52FMfXEA",
    "firstSwapTimestamp": "2025-06-21T03:57:28+00:00",
    "firstSwapType": "buy",
    "firstBuyerOrSeller": "FWMVpoQYQGwi3kAddqHbSXesnmNtys1VqmsA3ZJoBcAQ",
    "firstTradeValueUsd": 1.404725386
}