{
    "label": 63,
    "mint": "2xB3vrvxUkvr4R5w6P9Am7o9DikGYFfrQgHe6ujfpump",
    "name": "This will make ur monthly salary",
    "symbol": "Salary",
    "decimals": "6",
    "totalSupply": "999998650036003",
    "totalSupplyFormatted": "999998650.036003",
    "sellerFeeBasisPoints": 0,
    "isMutable": true,
    "primarySaleHappened": 0,
    "updateAuthority": "C67StnHk4Hx1tcaNKPnpooommeXDWuPTbunBUamj3Kkf",
    "usdPrice": 9.4833e-05,
    "nativePriceValue": "728",
    "exchangeName": "PumpSwap",
    "exchangeAddress": "pAMMBay6oceH9fJKBRHGP5D4bD4sWpmSwMn52FMfXEA",
    "firstSwapTimestamp": "2025-06-22T17:28:02+00:00",
    "firstSwapType": "buy",
    "firstBuyerOrSeller": "97TjdjQr6vQZ6YTFZ4Ux5wPsCPGjNHTbURmJGsJdxdry",
    "firstTradeValueUsd": 12.908381905
}