{
    "label": 63,
    "mint": "4uupUMDfLuZqHtbSvxnKdtbnCckswmz5zVRL85gNpump",
    "name": "mao",
    "symbol": "mao",
    "decimals": "6",
    "totalSupply": "999864112249258",
    "totalSupplyFormatted": "999864112.249258",
    "sellerFeeBasisPoints": 0,
    "isMutable": true,
    "primarySaleHappened": 0,
    "updateAuthority": "ACq9JSuKqsSQ9GxJ4U5usc1A9BNx46meCmgwtLM5SrVn",
    "usdPrice": 4.1852e-05,
    "nativePriceValue": "266",
    "exchangeName": "PumpSwap",
    "exchangeAddress": "pAMMBay6oceH9fJKBRHGP5D4bD4sWpmSwMn52FMfXEA",
    "firstSwapTimestamp": "2025-06-16T15:28:28+00:00",
    "firstSwapType": "buy",
    "firstBuyerOrSeller": "FWMVpoQYQGwi3kAddqHbSXesnmNtys1VqmsA3ZJoBcAQ",
    "firstTradeValueUsd": 1.567123874
}