{
    "label": 36,
    "mint": "1X4MuQ9hTNn8gXeX8ZJFeuwdW9nhvH2eYMnm8L1pump",
    "name": "GENIUSCOINSOL",
    "symbol": "GENIUSCOIN",
    "decimals": "6",
    "totalSupply": "3906930229",
    "totalSupplyFormatted": "3906.930229",
    "sellerFeeBasisPoints": 0,
    "isMutable": false,
    "primarySaleHappened": 0,
    "updateAuthority": "4YzdWQZMZDwgpnAbaSLfpX23h9ukHdayZcqjRsABqXmv",
    "usdPrice": 4.97e-06,
    "nativePriceValue": "30.778",
    "exchangeName": "PumpSwap",
    "exchangeAddress": "pAMMBay6oceH9fJKBRHGP5D4bD4sWpmSwMn52FMfXEA",
    "firstSwapTimestamp": "2025-06-29T05:10:53+00:00",
    "firstSwapType": "buy",
    "firstBuyerOrSeller": "5iywveQKkidqPDKt2CExJcWKex2EXz9kbGcYiZvhuXWs",
    "firstTradeValueUsd": 0.01499985
}