{
    "label": 66,
    "mint": "33ZBYSKy1WWEWkdHKnREVY6ymBoFCnpodPB7ptwgpump",
    "name": "money doesn't grow on trees",
    "symbol": "tree",
    "decimals": "6",
    "totalSupply": "712820590225",
    "totalSupplyFormatted": "712820.590225",
    "sellerFeeBasisPoints": 0,
    "isMutable": false,
    "primarySaleHappened": 0,
    "updateAuthority": "3EnZ1H1FbsrgA8WS6THUopRLthCTYfpCCtqpcGgt5teW",
    "usdPrice": 1.0264e-05,
    "nativePriceValue": "69.1877",
    "exchangeName": "PumpSwap",
    "exchangeAddress": "pAMMBay6oceH9fJKBRHGP5D4bD4sWpmSwMn52FMfXEA",
    "firstSwapTimestamp": "2025-07-04T22:43:43+00:00",
    "firstSwapType": "buy",
    "firstBuyerOrSeller": "3EnZ1H1FbsrgA8WS6THUopRLthCTYfpCCtqpcGgt5teW",
    "firstTradeValueUsd": 1.47e-07
}