{
    "label": 62,
    "mint": "4h1u4SDkwQexonA7X2HWQ7fwffJstkoNLnHLMZpbpump",
    "name": "Laser Eyes",
    "symbol": "LASER",
    "decimals": "6",
    "totalSupply": "999963233745810",
    "totalSupplyFormatted": "999963233.74581",
    "sellerFeeBasisPoints": 0,
    "isMutable": true,
    "primarySaleHappened": 0,
    "updateAuthority": "2VEjdpQZXx4HZeizKdN6FNh9ZiX4G8SmuVc2M84g498z",
    "usdPrice": 6.861e-06,
    "nativePriceValue": "47.2737",
    "exchangeName": "PumpSwap",
    "exchangeAddress": "pAMMBay6oceH9fJKBRHGP5D4bD4sWpmSwMn52FMfXEA",
    "firstSwapTimestamp": "2025-06-13T02:02:51+00:00",
    "firstSwapType": "buy",
    "firstBuyerOrSeller": "5e2btkPzjk4UBi2cQpLRe5TvmsvMxgf3QzhKVcB3xYQv",
    "firstTradeValueUsd": 1.284663839
}