{
    "label": 64,
    "mint": "4Dcq9zvwLFJH7G6gQAxjCywmy8NUE7V57YvPTk8mpump",
    "name": "babu",
    "symbol": "babu",
    "decimals": "6",
    "totalSupply": "999734121782042",
    "totalSupplyFormatted": "999734121.782042",
    "sellerFeeBasisPoints": 0,
    "isMutable": true,
    "primarySaleHappened": 0,
    "updateAuthority": "BjztD1NakmnPmCcfR2wjhnFoi6XhvD6kqSKibg1yk7pj",
    "usdPrice": 3.0798e-05,
    "nativePriceValue": "206",
    "exchangeName": "PumpSwap",
    "exchangeAddress": "pAMMBay6oceH9fJKBRHGP5D4bD4sWpmSwMn52FMfXEA",
    "firstSwapTimestamp": "2025-07-02T07:35:36+00:00",
    "firstSwapType": "buy",
    "firstBuyerOrSeller": "9bHBfnrJ2gro41BqdKx6ebPD5Cf74UyWf3kfD5FceJi1",
    "firstTradeValueUsd": 1.487785162
}