{
    "label": 75,
    "mint": "4FAPyUyHkWfS9V6LyPJDgmqYRAEyBX3iwzKPEt4dpump",
    "name": "2 Weeks",
    "symbol": "2Weeks",
    "decimals": "6",
    "totalSupply": "999931911399892",
    "totalSupplyFormatted": "999931911.399892",
    "sellerFeeBasisPoints": 0,
    "isMutable": true,
    "primarySaleHappened": 0,
    "updateAuthority": "uvD16bGfmj8P5HTShEoYrJerHQgho9xYViGik2TsLjb",
    "usdPrice": 8.6461e-05,
    "nativePriceValue": "621",
    "exchangeName": "PumpSwap",
    "exchangeAddress": "pAMMBay6oceH9fJKBRHGP5D4bD4sWpmSwMn52FMfXEA",
    "firstSwapTimestamp": "2025-06-20T18:28:37+00:00",
    "firstSwapType": "buy",
    "firstBuyerOrSeller": "Cd3UHZDauHCQGKycM5uQAhWWGauf66SGBNoaqYy64Na8",
    "firstTradeValueUsd": 13.821645502
}