{
    "label": 67,
    "mint": "49TKC9NSgQm1MobhcCYSay5CJ9UvD5By2WS4JTRjpump",
    "name": "Farting Autistic Gorilla Shark",
    "symbol": "FAGS",
    "decimals": "6",
    "totalSupply": "999999391020415",
    "totalSupplyFormatted": "999999391.020415",
    "sellerFeeBasisPoints": 0,
    "isMutable": false,
    "primarySaleHappened": 0,
    "updateAuthority": "3Yj2pC8w2HXyU3gMrdDzQjczU2HQCgyVi3tWfVDssmwQ",
    "usdPrice": 0.000111028,
    "nativePriceValue": "686",
    "exchangeName": "PumpSwap",
    "exchangeAddress": "pAMMBay6oceH9fJKBRHGP5D4bD4sWpmSwMn52FMfXEA",
    "firstSwapTimestamp": "2025-06-16T22:29:49+00:00",
    "firstSwapType": "buy",
    "firstBuyerOrSeller": "FnSadJ9tKVNt7Qmh4NndGdVW4gDADfc8rdFqfgMr8Muc",
    "firstTradeValueUsd": 5343.745034772
}