{
    "label": 71,
    "mint": "3wdTHMj3irs2S9KT9ysNaieWQVbqkXomvXx4NEXnpump",
    "name": "SPACEX CAT",
    "symbol": "WYATT",
    "decimals": "6",
    "totalSupply": "481681659414",
    "totalSupplyFormatted": "481681.659414",
    "sellerFeeBasisPoints": 0,
    "isMutable": true,
    "primarySaleHappened": 0,
    "updateAuthority": "BcoUvPakdewbG7rKRU6s3VAZtVGVUgL5qQjmkYgD6Pm6",
    "usdPrice": 10962.621008408,
    "nativePriceValue": "59943022792",
    "exchangeName": "PumpSwap",
    "exchangeAddress": "pAMMBay6oceH9fJKBRHGP5D4bD4sWpmSwMn52FMfXEA",
    "firstSwapTimestamp": "2025-06-20T10:06:29+00:00",
    "firstSwapType": "buy",
    "firstBuyerOrSeller": "KWq7esvBkhAh6TP6iDb1LtGPhQbTN76L6iN3p5Dd81E",
    "firstTradeValueUsd": 46.438523644
}