{
    "label": 82,
    "mint": "2o7yC3JEuj1HcaSXjUSix8tdjfJcT2WkSFZ644N2pump",
    "name": "HOUSE OF MEMES",
    "symbol": "HOME",
    "decimals": "6",
    "totalSupply": "999856903772293",
    "totalSupplyFormatted": "999856903.772293",
    "sellerFeeBasisPoints": 0,
    "isMutable": true,
    "primarySaleHappened": 0,
    "updateAuthority": "CU6LrxqZax8wcXw9FCRTNevhkq2LrJoDGzTRSZicPFq6",
    "usdPrice": 2.6046e-05,
    "nativePriceValue": "177",
    "exchangeName": "PumpSwap",
    "exchangeAddress": "pAMMBay6oceH9fJKBRHGP5D4bD4sWpmSwMn52FMfXEA",
    "firstSwapTimestamp": "2025-06-19T05:54:09+00:00",
    "firstSwapType": "buy",
    "firstBuyerOrSeller": "5dnFxM648UQpBTonstiBE1HWZaVG49Cv3yuNhX6Y1nFU",
    "firstTradeValueUsd": 14.597659201
}