{
    "label": 50,
    "mint": "12GdK9vgE9UjoV7dyg6ePRLLJpH3suydH9CC4ZYnpump",
    "name": "Tenna's boyfriend",
    "symbol": "TENNO",
    "decimals": "6",
    "totalSupply": "3712324544",
    "totalSupplyFormatted": "3712.324544",
    "sellerFeeBasisPoints": 0,
    "isMutable": false,
    "primarySaleHappened": 0,
    "updateAuthority": "ECFF1112uWVQUMypsRWngUxYs2v84FMx1GKoZo15ZvZj",
    "usdPrice": 4.1974e-05,
    "nativePriceValue": "259",
    "exchangeName": "PumpSwap",
    "exchangeAddress": "pAMMBay6oceH9fJKBRHGP5D4bD4sWpmSwMn52FMfXEA",
    "firstSwapTimestamp": "2025-06-19T10:12:52+00:00",
    "firstSwapType": "buy",
    "firstBuyerOrSeller": "4woXzDiykf2ykiWw4jTeK5ce3rcMBNm9z5FqQwoReFTg",
    "firstTradeValueUsd": 0.011658629
}