{
    "label": 59,
    "mint": "14T5DBdESRCcmai5ZAnCaSpoDgNBW8opWvpjbq3spump",
    "name": "OKC World Chmps",
    "symbol": "OKC",
    "decimals": "6",
    "totalSupply": "1002083647755",
    "totalSupplyFormatted": "1002083.647755",
    "sellerFeeBasisPoints": 0,
    "isMutable": false,
    "primarySaleHappened": 0,
    "updateAuthority": "AZyvPKp7AQvAoPNRjoPzkfdyZpEfJmRWvwwhcApoYaij",
    "usdPrice": 1.65407e-08,
    "nativePriceValue": "0.1022",
    "exchangeName": "PumpSwap",
    "exchangeAddress": "pAMMBay6oceH9fJKBRHGP5D4bD4sWpmSwMn52FMfXEA",
    "firstSwapTimestamp": "2025-06-23T06:00:53+00:00",
    "firstSwapType": "buy",
    "firstBuyerOrSeller": "cakewAiZcEFuE3YjRd6KzBVqdpykNCZupJxdft7u5vW",
    "firstTradeValueUsd": 0.008606337
}