{
    "label": 63,
    "mint": "2nByEtjtA3FiRg35L3eVXt6nWZy5P4KXsnivRsqJpump",
    "name": "chicken butts",
    "symbol": "CB",
    "decimals": "6",
    "totalSupply": "999999594989843",
    "totalSupplyFormatted": "999999594.989843",
    "sellerFeeBasisPoints": 0,
    "isMutable": true,
    "primarySaleHappened": 0,
    "updateAuthority": "FeAE2rXGn66Ku9KA4rX1pCXK6utDWcoikbNe4F859HTf",
    "usdPrice": 8.681e-06,
    "nativePriceValue": "61.5536",
    "exchangeName": "PumpSwap",
    "exchangeAddress": "pAMMBay6oceH9fJKBRHGP5D4bD4sWpmSwMn52FMfXEA",
    "firstSwapTimestamp": "2025-06-27T17:12:30+00:00",
    "firstSwapType": "buy",
    "firstBuyerOrSeller": "8g5ZUSMEZ8D913go2JK1Sq3jR8syWME5MNegTbvxL4Ny",
    "firstTradeValueUsd": 14.254669411
}