{
    "label": 63,
    "mint": "4gsDoWBTdAhw5iGe3R5Ya7v2C37zhLUFcUaepFRspump",
    "name": "merika parti",
    "symbol": "merika",
    "decimals": "6",
    "totalSupply": "552066790331",
    "totalSupplyFormatted": "552066.790331",
    "sellerFeeBasisPoints": 0,
    "isMutable": false,
    "primarySaleHappened": 0,
    "updateAuthority": "4MoP96iH9autPw3r7vLc6DU2uHzwc74dnUuL6HotzUEq",
    "usdPrice": 8.924e-06,
    "nativePriceValue": "60.5401",
    "exchangeName": "PumpSwap",
    "exchangeAddress": "pAMMBay6oceH9fJKBRHGP5D4bD4sWpmSwMn52FMfXEA",
    "firstSwapTimestamp": "2025-07-06T00:09:07+00:00",
    "firstSwapType": "buy",
    "firstBuyerOrSeller": "4K1mRxrnV7t5ZHMs5x4QDzZJgh3QL4LZwcKfna4ydBZc",
    "firstTradeValueUsd": 0.183806652
}