{
    "label": 67,
    "mint": "2DEvCezTY5dnBuwx43JmCH1Vz6uhe4m48RMZjoG9pump",
    "name": "Maverick",
    "symbol": "MAVERICK",
    "decimals": "6",
    "totalSupply": "999959600619251",
    "totalSupplyFormatted": "999959600.619251",
    "sellerFeeBasisPoints": 0,
    "isMutable": true,
    "primarySaleHappened": 0,
    "updateAuthority": "4KBa7pCqBeBYZJJ5S9iMuZUJrs2ndpLHTpWvnHxUGRXD",
    "usdPrice": 6.4863e-05,
    "nativePriceValue": "436",
    "exchangeName": "PumpSwap",
    "exchangeAddress": "pAMMBay6oceH9fJKBRHGP5D4bD4sWpmSwMn52FMfXEA",
    "firstSwapTimestamp": "2025-06-13T23:47:22+00:00",
    "firstSwapType": "buy",
    "firstBuyerOrSeller": "DRv6TMMngRdKy8FjJnUtyjj9XxVuV6vFk4zfzGJnmPuQ",
    "firstTradeValueUsd": 14.837530298
}