{
    "label": 80,
    "mint": "3L7KJHSVx8FS7v1d6RYfHzjkGgFW9pzobj9iiTYmpump",
    "name": "UNICORN",
    "symbol": "UNICORN",
    "decimals": "6",
    "totalSupply": "999779247309198",
    "totalSupplyFormatted": "999779247.309198",
    "sellerFeeBasisPoints": 0,
    "isMutable": true,
    "primarySaleHappened": 0,
    "updateAuthority": "3oSP3nimwT2U9gte5JpP6juEcQbw1GVhtkRfzGZt3gqw",
    "usdPrice": 1.8665e-05,
    "nativePriceValue": "129",
    "exchangeName": "PumpSwap",
    "exchangeAddress": "pAMMBay6oceH9fJKBRHGP5D4bD4sWpmSwMn52FMfXEA",
    "firstSwapTimestamp": "2025-06-25T20:01:32+00:00",
    "firstSwapType": "buy",
    "firstBuyerOrSeller": "5dnFxM648UQpBTonstiBE1HWZaVG49Cv3yuNhX6Y1nFU",
    "firstTradeValueUsd": 14.384265548
}