{
    "label": 63,
    "mint": "3itifFHGsC9g8tAeH2PBJbqDmn9kCzE7Dom3sSDMpump",
    "name": "GROK420",
    "symbol": "GROK420",
    "decimals": "6",
    "totalSupply": "999835098177512",
    "totalSupplyFormatted": "999835098.177512",
    "sellerFeeBasisPoints": 0,
    "isMutable": true,
    "primarySaleHappened": 0,
    "updateAuthority": "9zLooTi2hBiifHC7VoBFjtfZeyz8QZcYWjR4MELjdVww",
    "usdPrice": 5.4491e-05,
    "nativePriceValue": "380",
    "exchangeName": "PumpSwap",
    "exchangeAddress": "pAMMBay6oceH9fJKBRHGP5D4bD4sWpmSwMn52FMfXEA",
    "firstSwapTimestamp": "2025-06-26T14:29:33+00:00",
    "firstSwapType": "buy",
    "firstBuyerOrSeller": "8g5ZUSMEZ8D913go2JK1Sq3jR8syWME5MNegTbvxL4Ny",
    "firstTradeValueUsd": 14.239538029
}