{
    "label": 63,
    "mint": "3dMiEHbRsTigCNozFaZviyb42jdPq94ZuYxXAPCapump",
    "name": "HUMANITY 2.0",
    "symbol": "HUMANITY",
    "decimals": "6",
    "totalSupply": "999993871455962",
    "totalSupplyFormatted": "999993871.455962",
    "sellerFeeBasisPoints": 0,
    "isMutable": true,
    "primarySaleHappened": 0,
    "updateAuthority": "3UDYb2Vvp5SQMMFAysL1A3y3S45oCf3t3AHGvsAQivP9",
    "usdPrice": 1.2468e-05,
    "nativePriceValue": "84.7601",
    "exchangeName": "PumpSwap",
    "exchangeAddress": "pAMMBay6oceH9fJKBRHGP5D4bD4sWpmSwMn52FMfXEA",
    "firstSwapTimestamp": "2025-06-28T08:06:40+00:00",
    "firstSwapType": "buy",
    "firstBuyerOrSeller": "FE8W9kNjRr21Fkg41feu1AoaRzfTn2pJ8S83VawLsayk",
    "firstTradeValueUsd": 1.462719091
}