{
    "label": 63,
    "mint": "3cGYj8EFBdHvN8CAZuhp5HtoqGsEPQxZ9SCKzh1gpump",
    "name": "Grok69",
    "symbol": "Grok69",
    "decimals": "6",
    "totalSupply": "999608198344955",
    "totalSupplyFormatted": "999608198.344955",
    "sellerFeeBasisPoints": 0,
    "isMutable": true,
    "primarySaleHappened": 0,
    "updateAuthority": "FYiytPw38zrPVuxDJ2uAZzv6QTiMnstxgRTdJcNPvzw1",
    "usdPrice": 0.000151438,
    "nativePriceValue": "1038",
    "exchangeName": "PumpSwap",
    "exchangeAddress": "pAMMBay6oceH9fJKBRHGP5D4bD4sWpmSwMn52FMfXEA",
    "firstSwapTimestamp": "2025-06-25T03:40:49+00:00",
    "firstSwapType": "buy",
    "firstBuyerOrSeller": "pMbNzWqcxoxecC19G9qguCh3z6o5ZgoG58NQGnA6Kd4",
    "firstTradeValueUsd": 1.457224937
}