{
    "label": 62,
    "mint": "491JXQX5F2R31FBFw4Zs1wwwfNYgP1i8rWnPdNR3pump",
    "name": "big beautiful bombs",
    "symbol": "BBB",
    "decimals": "6",
    "totalSupply": "253131968254",
    "totalSupplyFormatted": "253131.968254",
    "sellerFeeBasisPoints": 0,
    "isMutable": true,
    "primarySaleHappened": 0,
    "updateAuthority": "BcoUvPakdewbG7rKRU6s3VAZtVGVUgL5qQjmkYgD6Pm6",
    "usdPrice": 0.000186468,
    "nativePriceValue": "1379",
    "exchangeName": "PumpSwap",
    "exchangeAddress": "pAMMBay6oceH9fJKBRHGP5D4bD4sWpmSwMn52FMfXEA",
    "firstSwapTimestamp": "2025-06-22T01:57:34+00:00",
    "firstSwapType": "buy",
    "firstBuyerOrSeller": "KWq7esvBkhAh6TP6iDb1LtGPhQbTN76L6iN3p5Dd81E",
    "firstTradeValueUsd": 42.4625076
}