{
    "label": 63,
    "mint": "299Pr5JcAVWYXz1b2eBMHgpVBswydKELjBQkywFQpump",
    "name": "memestock",
    "symbol": "memestock",
    "decimals": "6",
    "totalSupply": "547685857127",
    "totalSupplyFormatted": "547685.857127",
    "sellerFeeBasisPoints": 0,
    "isMutable": false,
    "primarySaleHappened": 0,
    "updateAuthority": "3EnZ1H1FbsrgA8WS6THUopRLthCTYfpCCtqpcGgt5teW",
    "usdPrice": 9.934e-06,
    "nativePriceValue": "67.8118",
    "exchangeName": "PumpSwap",
    "exchangeAddress": "pAMMBay6oceH9fJKBRHGP5D4bD4sWpmSwMn52FMfXEA",
    "firstSwapTimestamp": "2025-07-01T20:27:17+00:00",
    "firstSwapType": "buy",
    "firstBuyerOrSeller": "3EnZ1H1FbsrgA8WS6THUopRLthCTYfpCCtqpcGgt5teW",
    "firstTradeValueUsd": 1.45e-07
}