{
    "label": 63,
    "mint": "2eJ3n9AAS9apkz7tCzuwpn3eHLfPh1jYJjQGfkbqpump",
    "name": "DONAKD J. TRUMP",
    "symbol": "DONAKD",
    "decimals": "6",
    "totalSupply": "999999767233987",
    "totalSupplyFormatted": "999999767.233987",
    "sellerFeeBasisPoints": 0,
    "isMutable": true,
    "primarySaleHappened": 0,
    "updateAuthority": "6sejNwUwYmx3Sqp8Th8vfCKxXHpKfWCq8b1WERW6H8Ut",
    "usdPrice": 6.8901e-05,
    "nativePriceValue": "519",
    "exchangeName": "PumpSwap",
    "exchangeAddress": "pAMMBay6oceH9fJKBRHGP5D4bD4sWpmSwMn52FMfXEA",
    "firstSwapTimestamp": "2025-06-23T03:39:08+00:00",
    "firstSwapType": "buy",
    "firstBuyerOrSeller": "EAmpzgwiivcvWHwZmt9L3KdD6aBD2vP9KXNfggX1XsRv",
    "firstTradeValueUsd": 1.228716777
}