{
    "label": 66,
    "mint": "4KH2wbAE32gy6D3qpDM9eLH4uE7ChxUxhTVjT7cLpump",
    "name": "y2kat",
    "symbol": "y2kat",
    "decimals": "6",
    "totalSupply": "999812300926327",
    "totalSupplyFormatted": "999812300.926327",
    "sellerFeeBasisPoints": 0,
    "isMutable": true,
    "primarySaleHappened": 0,
    "updateAuthority": "4HLfw4ra4ctWUvqtP1JoQfoAUp2W9vWtKLDtt7sHCvvu",
    "usdPrice": 3.935e-06,
    "nativePriceValue": "27.2027",
    "exchangeName": "PumpSwap",
    "exchangeAddress": "pAMMBay6oceH9fJKBRHGP5D4bD4sWpmSwMn52FMfXEA",
    "firstSwapTimestamp": "2025-06-24T21:10:12+00:00",
    "firstSwapType": "buy",
    "firstBuyerOrSeller": "6wCyjjcaRjYWQZcgtqD4qZ1KgoMMfxNCt1opDBGXPHvi",
    "firstTradeValueUsd": 1.804617428
}