{
    "label": 63,
    "mint": "4fEqZMzv2Pd72D8y2qP4WxyYS3kkdrqSm91G43o6pump",
    "name": "RIP PUMPFUN COIN",
    "symbol": "RIP PUMP",
    "decimals": "6",
    "totalSupply": "537464295123",
    "totalSupplyFormatted": "537464.295123",
    "sellerFeeBasisPoints": 0,
    "isMutable": false,
    "primarySaleHappened": 0,
    "updateAuthority": "A5MRj7gHbg9eeiHg7pvXp46c5QET78sxtLZCgLG5yhy8",
    "usdPrice": 8.704e-06,
    "nativePriceValue": "58.7546",
    "exchangeName": "PumpSwap",
    "exchangeAddress": "pAMMBay6oceH9fJKBRHGP5D4bD4sWpmSwMn52FMfXEA",
    "firstSwapTimestamp": "2025-07-07T21:05:17+00:00",
    "firstSwapType": "buy",
    "firstBuyerOrSeller": "DHWQyuY3sUfNnucLziaQpKfbpFxN1tdbj3XTPQ7ghBrw",
    "firstTradeValueUsd": 0.370318676
}