{
    "label": 63,
    "mint": "3zaG4mYzaWV4jA9U8ExTTYn5Y9yvPX4gUPnZZbHJpump",
    "name": "who's this guy",
    "symbol": "pfft",
    "decimals": "6",
    "totalSupply": "540724034359",
    "totalSupplyFormatted": "540724.034359",
    "sellerFeeBasisPoints": 0,
    "isMutable": false,
    "primarySaleHappened": 0,
    "updateAuthority": "G9wGo77xow1XftfRbr5g2FqGhFHDC2ykyx9uYGj2Hhd",
    "usdPrice": 1.0733e-05,
    "nativePriceValue": "72.6772",
    "exchangeName": "PumpSwap",
    "exchangeAddress": "pAMMBay6oceH9fJKBRHGP5D4bD4sWpmSwMn52FMfXEA",
    "firstSwapTimestamp": "2025-07-04T23:41:25+00:00",
    "firstSwapType": "buy",
    "firstBuyerOrSeller": "G9wGo77xow1XftfRbr5g2FqGhFHDC2ykyx9uYGj2Hhd",
    "firstTradeValueUsd": 1.47e-07
}