{
    "label": 63,
    "mint": "2vyPXzftMGjbCM2SdfvdJF8VGxSYUmV1TMJQnU7Ppump",
    "name": "Zen Dog",
    "symbol": "HIRO",
    "decimals": "6",
    "totalSupply": "999999247349662",
    "totalSupplyFormatted": "999999247.349662",
    "sellerFeeBasisPoints": 0,
    "isMutable": true,
    "primarySaleHappened": 0,
    "updateAuthority": "DztJfdgGx6pzfmc5o75bjPm7TxCgX4RbsFP5AgsNJUfZ",
    "usdPrice": 0.000170084,
    "nativePriceValue": "1169",
    "exchangeName": "PumpSwap",
    "exchangeAddress": "pAMMBay6oceH9fJKBRHGP5D4bD4sWpmSwMn52FMfXEA",
    "firstSwapTimestamp": "2025-06-26T08:18:49+00:00",
    "firstSwapType": "buy",
    "firstBuyerOrSeller": "2JUU74qA5BCWSjBfggLcxMfypbzEeawqMpuhWpqV3zZn",
    "firstTradeValueUsd": 1.451862797
}