{
    "label": 63,
    "mint": "4NUWfmYgNJVjT7UzEMWv3EXtzSwMG86U1xxKqosopump",
    "name": "The New 1% (",
    "symbol": "TN1P",
    "decimals": "6",
    "totalSupply": "999688839015706",
    "totalSupplyFormatted": "999688839.015706",
    "sellerFeeBasisPoints": 0,
    "isMutable": true,
    "primarySaleHappened": 0,
    "updateAuthority": "GwTz7AS4gorneqZgirVoij2YnrSGH7URhLgTXseQJ5XD",
    "usdPrice": 3.729e-05,
    "nativePriceValue": "239",
    "exchangeName": "PumpSwap",
    "exchangeAddress": "pAMMBay6oceH9fJKBRHGP5D4bD4sWpmSwMn52FMfXEA",
    "firstSwapTimestamp": "2025-07-03T09:39:24+00:00",
    "firstSwapType": "buy",
    "firstBuyerOrSeller": "2jYSccZUuXM4TY2y2641PB5zV65BSqjkfshWukL8QPkP",
    "firstTradeValueUsd": 1.553715941
}