{
    "label": 42,
    "mint": "13pS2gk4RZxGZbj2VQoH7MCMKPbDe9NKmEGdKP6rpump",
    "name": "post-trade sidelined disorder",
    "symbol": "PTSD",
    "decimals": "6",
    "totalSupply": "5260638737",
    "totalSupplyFormatted": "5260.638737",
    "sellerFeeBasisPoints": 0,
    "isMutable": false,
    "primarySaleHappened": 0,
    "updateAuthority": "BMm4abjYjsnhJmSpYpNpGiRSMoYP5EWkVym4xPxcHvvL",
    "usdPrice": 4.569e-06,
    "nativePriceValue": "28.2923",
    "exchangeName": "PumpSwap",
    "exchangeAddress": "pAMMBay6oceH9fJKBRHGP5D4bD4sWpmSwMn52FMfXEA",
    "firstSwapTimestamp": "2025-06-23T03:04:48+00:00",
    "firstSwapType": "buy",
    "firstBuyerOrSeller": "5iywveQKkidqPDKt2CExJcWKex2EXz9kbGcYiZvhuXWs",
    "firstTradeValueUsd": 0.013256786
}