{
    "label": 67,
    "mint": "4iE6hKJynWxtMfxqZmp7UAWEEQNo6E39H4d5QxxQpump",
    "name": "Bulls",
    "symbol": "Bulls",
    "decimals": "6",
    "totalSupply": "999788096850067",
    "totalSupplyFormatted": "999788096.850067",
    "sellerFeeBasisPoints": 0,
    "isMutable": true,
    "primarySaleHappened": 0,
    "updateAuthority": "CU6LrxqZax8wcXw9FCRTNevhkq2LrJoDGzTRSZicPFq6",
    "usdPrice": 9.688224736,
    "nativePriceValue": "63737612",
    "exchangeName": "PumpSwap",
    "exchangeAddress": "pAMMBay6oceH9fJKBRHGP5D4bD4sWpmSwMn52FMfXEA",
    "firstSwapTimestamp": "2025-06-15T14:38:41+00:00",
    "firstSwapType": "buy",
    "firstBuyerOrSeller": "5dnFxM648UQpBTonstiBE1HWZaVG49Cv3yuNhX6Y1nFU",
    "firstTradeValueUsd": 14.883334368
}