{
    "label": 67,
    "mint": "3B6TSbR7xpyE1dcdCyScPGTbgYVNWW1pSdMfhTLDpump",
    "name": "Zohran",
    "symbol": "ZOHRAN",
    "decimals": "6",
    "totalSupply": "479000789278",
    "totalSupplyFormatted": "479000.789278",
    "sellerFeeBasisPoints": 0,
    "isMutable": false,
    "primarySaleHappened": 0,
    "updateAuthority": "H21HgdL1aLq1UcAUqwrQQJwdSeoEbQYHrkPSvtSFX2MW",
    "usdPrice": 2108895.398552728,
    "nativePriceValue": "11538461576923",
    "exchangeName": "PumpSwap",
    "exchangeAddress": "pAMMBay6oceH9fJKBRHGP5D4bD4sWpmSwMn52FMfXEA",
    "firstSwapTimestamp": "2025-06-25T04:49:14+00:00",
    "firstSwapType": "buy",
    "firstBuyerOrSeller": "H21HgdL1aLq1UcAUqwrQQJwdSeoEbQYHrkPSvtSFX2MW",
    "firstTradeValueUsd": 1.44e-07
}