{
    "label": 65,
    "mint": "46hFwcKBXPXhRkGk5dG89XC39iEKxdwGA6yAqJAHpump",
    "name": "B.O.B. the Blob",
    "symbol": "BLOB",
    "decimals": "6",
    "totalSupply": "1244058262421",
    "totalSupplyFormatted": "1244058.262421",
    "sellerFeeBasisPoints": 0,
    "isMutable": false,
    "primarySaleHappened": 0,
    "updateAuthority": "DfvpAoHditHVEmTNjJj1hdkSet6pE3KVHP5shkCdcAHC",
    "usdPrice": 9.775e-06,
    "nativePriceValue": "59.9095",
    "exchangeName": "PumpSwap",
    "exchangeAddress": "pAMMBay6oceH9fJKBRHGP5D4bD4sWpmSwMn52FMfXEA",
    "firstSwapTimestamp": "2025-07-12T04:26:00+00:00",
    "firstSwapType": "buy",
    "firstBuyerOrSeller": "DfvpAoHditHVEmTNjJj1hdkSet6pE3KVHP5shkCdcAHC",
    "firstTradeValueUsd": 1.62e-07
}