{
    "label": 29,
    "mint": "2KedzkqJ91ED785aFFDAV3T9Z5M9aaF4r5sh5WQVpump",
    "name": "ScoreCoin",
    "symbol": "SRC",
    "decimals": "6",
    "totalSupply": "999999999824663",
    "totalSupplyFormatted": "999999999.824663",
    "sellerFeeBasisPoints": 0,
    "isMutable": false,
    "primarySaleHappened": 0,
    "updateAuthority": "WLHv2UAZm6z4KyaaELi5pjdbJh6RESMva1Rnn8pJVVh",
    "usdPrice": 4.536e-06,
    "nativePriceValue": "27.6186",
    "exchangeName": "Raydium",
    "exchangeAddress": "LanMV9sAd7wArD4vJFi2qDdfnVhFxYSUg6eADduJ3uj",
    "firstSwapTimestamp": "2025-07-11T16:02:07+00:00",
    "firstSwapType": "buy",
    "firstBuyerOrSeller": "8xbiuVQpuGUGyxZ6ut8mxyT2LHChudKETwrNCfR5koY1",
    "firstTradeValueUsd": 105.806940571
}