{
    "label": 82,
    "mint": "2utZ3EHqFR4KtBt2AANDf9GRQn5ZTCGmXv53JHHPpump",
    "name": "buy and chill",
    "symbol": "chillcoin",
    "decimals": "6",
    "totalSupply": "999918975233598",
    "totalSupplyFormatted": "999918975.233598",
    "sellerFeeBasisPoints": 0,
    "isMutable": true,
    "primarySaleHappened": 0,
    "updateAuthority": "CU6LrxqZax8wcXw9FCRTNevhkq2LrJoDGzTRSZicPFq6",
    "usdPrice": 2.6142e-05,
    "nativePriceValue": "178",
    "exchangeName": "PumpSwap",
    "exchangeAddress": "pAMMBay6oceH9fJKBRHGP5D4bD4sWpmSwMn52FMfXEA",
    "firstSwapTimestamp": "2025-06-19T03:30:36+00:00",
    "firstSwapType": "buy",
    "firstBuyerOrSeller": "5dnFxM648UQpBTonstiBE1HWZaVG49Cv3yuNhX6Y1nFU",
    "firstTradeValueUsd": 14.573355099
}