{
    "label": 62,
    "mint": "3zhteMchXAeeUbJn4Xn5DkYnSqv7tsLJyecTe72opump",
    "name": "FARTNALD",
    "symbol": "FARTNALD",
    "decimals": "6",
    "totalSupply": "4250944200860",
    "totalSupplyFormatted": "4250944.20086",
    "sellerFeeBasisPoints": 0,
    "isMutable": false,
    "primarySaleHappened": 0,
    "updateAuthority": "5d487ELNrGJvweuPNf1CFsGDAjxNX3aCTfAV3zqzx8bH",
    "usdPrice": 7.575e-06,
    "nativePriceValue": "52.5419",
    "exchangeName": "PumpSwap",
    "exchangeAddress": "pAMMBay6oceH9fJKBRHGP5D4bD4sWpmSwMn52FMfXEA",
    "firstSwapTimestamp": "2025-06-24T11:28:23+00:00",
    "firstSwapType": "buy",
    "firstBuyerOrSeller": "5d487ELNrGJvweuPNf1CFsGDAjxNX3aCTfAV3zqzx8bH",
    "firstTradeValueUsd": 1.43e-07
}