{
    "label": 63,
    "mint": "2sw2w8VY6XEeAGk9dUZShCNxz9Koqsr6qKqqBnjfpump",
    "name": "nonzero chance this coin sends",
    "symbol": "nonzero",
    "decimals": "6",
    "totalSupply": "516645556953",
    "totalSupplyFormatted": "516645.556953",
    "sellerFeeBasisPoints": 0,
    "isMutable": false,
    "primarySaleHappened": 0,
    "updateAuthority": "8cyu6iTg2bvF254unnPZ3BpcxWtzVxzPaPjneR6mNZGK",
    "usdPrice": 9.247e-06,
    "nativePriceValue": "62.7388",
    "exchangeName": "PumpSwap",
    "exchangeAddress": "pAMMBay6oceH9fJKBRHGP5D4bD4sWpmSwMn52FMfXEA",
    "firstSwapTimestamp": "2025-07-02T01:17:39+00:00",
    "firstSwapType": "buy",
    "firstBuyerOrSeller": "8cyu6iTg2bvF254unnPZ3BpcxWtzVxzPaPjneR6mNZGK",
    "firstTradeValueUsd": 1.45e-07
}