{
    "label": 45,
    "mint": "128HyHhgDn6juBL44CkwnjxxrhMQLfXn7DzTXvUxpump",
    "name": "buyers vs sellers",
    "symbol": "WAR",
    "decimals": "6",
    "totalSupply": "335419011636",
    "totalSupplyFormatted": "335419.011636",
    "sellerFeeBasisPoints": 0,
    "isMutable": false,
    "primarySaleHappened": 0,
    "updateAuthority": "9kG2f5CyqRQyM7braYVrwbvVsyYtD4rxspH3YQN3Sa8q",
    "usdPrice": 4.0181e-09,
    "nativePriceValue": "0.0248",
    "exchangeName": "PumpSwap",
    "exchangeAddress": "pAMMBay6oceH9fJKBRHGP5D4bD4sWpmSwMn52FMfXEA",
    "firstSwapTimestamp": "2025-06-22T08:00:14+00:00",
    "firstSwapType": "buy",
    "firstBuyerOrSeller": "cakewAiZcEFuE3YjRd6KzBVqdpykNCZupJxdft7u5vW",
    "firstTradeValueUsd": 0.008628129
}