{
    "label": 63,
    "mint": "4gVmLYhqAHmvkPBTyEBT5283EFR8fWEpiUWAgVL6pump",
    "name": "Kaito AI \ud83c\udf0a",
    "symbol": "KaitoAI",
    "decimals": "6",
    "totalSupply": "999999945688764",
    "totalSupplyFormatted": "999999945.688764",
    "sellerFeeBasisPoints": 0,
    "isMutable": false,
    "primarySaleHappened": 0,
    "updateAuthority": "F4CbBbUSAgV7TVhw5Jb8Tgjk4iW8uYrzJgfzxLJQmiQy",
    "usdPrice": 1.39e-07,
    "nativePriceValue": "0.8605",
    "exchangeName": "PumpSwap",
    "exchangeAddress": "pAMMBay6oceH9fJKBRHGP5D4bD4sWpmSwMn52FMfXEA",
    "firstSwapTimestamp": "2025-06-15T22:13:15+00:00",
    "firstSwapType": "buy",
    "firstBuyerOrSeller": "FHz9sNZbdtiPeqzvoWbBu3pbaj9unjhVpf21heZf838p",
    "firstTradeValueUsd": 4966.321575335
}