{
    "label": 67,
    "mint": "3yAMXaBWRrvK3qw2Si4NgHDW8R2D2F5N3mvvAVgMpump",
    "name": "GTA 6 Coin",
    "symbol": "GTA6",
    "decimals": "6",
    "totalSupply": "999997602809239",
    "totalSupplyFormatted": "999997602.809239",
    "sellerFeeBasisPoints": 0,
    "isMutable": false,
    "primarySaleHappened": 0,
    "updateAuthority": "H6jQGwJZo8pmJYmrN7pMNvdbN6j9ABA9ezLmCPRz2wDv",
    "usdPrice": 0.008316664,
    "nativePriceValue": "54112",
    "exchangeName": "PumpSwap",
    "exchangeAddress": "pAMMBay6oceH9fJKBRHGP5D4bD4sWpmSwMn52FMfXEA",
    "firstSwapTimestamp": "2025-06-16T17:53:43+00:00",
    "firstSwapType": "buy",
    "firstBuyerOrSeller": "Ajxwi95PeDLpwn28ErY1vnk5WgP4qwmths4fKi5qpZZ",
    "firstTradeValueUsd": 4916.303272181
}