{
    "label": 63,
    "mint": "14sXCdTzWcRUWkxUp4hTqZZVPd3zbk2fzw2D6psmpump",
    "name": "Everyone Needs It",
    "symbol": "WATER",
    "decimals": "6",
    "totalSupply": "253598371292",
    "totalSupplyFormatted": "253598.371292",
    "sellerFeeBasisPoints": 0,
    "isMutable": false,
    "primarySaleHappened": 0,
    "updateAuthority": "3MPP5YHrHcZMBKTQyFp2QyXPGCQpK1KTkuKAAMNuBUfp",
    "usdPrice": 5.822e-06,
    "nativePriceValue": "35.975",
    "exchangeName": "PumpSwap",
    "exchangeAddress": "pAMMBay6oceH9fJKBRHGP5D4bD4sWpmSwMn52FMfXEA",
    "firstSwapTimestamp": "2025-06-21T14:08:09+00:00",
    "firstSwapType": "buy",
    "firstBuyerOrSeller": "27HFmP7ccLadGswvQfvea4o3juLw75cPF4V6jWpHM3MX",
    "firstTradeValueUsd": 0.014771206
}