{
    "label": 63,
    "mint": "26DR67hs2EgK8CKKgzVjh2CwHuDF9u7vfDsZh49Ypump",
    "name": "RedBull Official Token",
    "symbol": "REDBULL",
    "decimals": "6",
    "totalSupply": "999999468099222",
    "totalSupplyFormatted": "999999468.099222",
    "sellerFeeBasisPoints": 0,
    "isMutable": true,
    "primarySaleHappened": 0,
    "updateAuthority": "8yPSGvejyFEUfiyYiwwRttFSH5ju8qSrpyd9dQiFYcp",
    "usdPrice": 9.1153e-05,
    "nativePriceValue": "602",
    "exchangeName": "PumpSwap",
    "exchangeAddress": "pAMMBay6oceH9fJKBRHGP5D4bD4sWpmSwMn52FMfXEA",
    "firstSwapTimestamp": "2025-06-29T14:29:06+00:00",
    "firstSwapType": "buy",
    "firstBuyerOrSeller": "2jYSccZUuXM4TY2y2641PB5zV65BSqjkfshWukL8QPkP",
    "firstTradeValueUsd": 1.519105778
}