{
    "label": 74,
    "mint": "3bkzrzHsJu9gr6JVPQQ6ChCtceXcaY9BjCHLZkmNpump",
    "name": "President FARTCOIN",
    "symbol": "trump",
    "decimals": "6",
    "totalSupply": "999219316763314",
    "totalSupplyFormatted": "999219316.763314",
    "sellerFeeBasisPoints": 0,
    "isMutable": true,
    "primarySaleHappened": 0,
    "updateAuthority": "BFKDCb3JAad2kSBMjxJokgWJzCcq2EyiNyEZjRZ3vaD9",
    "usdPrice": 2.57e-11,
    "nativePriceValue": "0.00017406",
    "exchangeName": "PumpSwap",
    "exchangeAddress": "pAMMBay6oceH9fJKBRHGP5D4bD4sWpmSwMn52FMfXEA",
    "firstSwapTimestamp": "2025-06-17T23:38:24+00:00",
    "firstSwapType": "buy",
    "firstBuyerOrSeller": "6F4AScLf1fRh6FUyuqpBLdF9cWZ1HmjnvyxwcGKxizgw",
    "firstTradeValueUsd": 14.77060123
}