{
    "label": 63,
    "mint": "122jMmcGkYZEZP3uSXhMF1Vi4iKqqRwPCnqdA7Ppump",
    "name": "Truth Community Coin",
    "symbol": "TSC",
    "decimals": "6",
    "totalSupply": "151512567235",
    "totalSupplyFormatted": "151512.567235",
    "sellerFeeBasisPoints": 0,
    "isMutable": false,
    "primarySaleHappened": 0,
    "updateAuthority": "8kxFJaLaAC52uYrEdNcuJRhMGvoxEodrD1rBpvLb7Cos",
    "usdPrice": 6.549e-06,
    "nativePriceValue": "40.4807",
    "exchangeName": "PumpSwap",
    "exchangeAddress": "pAMMBay6oceH9fJKBRHGP5D4bD4sWpmSwMn52FMfXEA",
    "firstSwapTimestamp": "2025-06-16T14:02:48+00:00",
    "firstSwapType": "buy",
    "firstBuyerOrSeller": "5iywveQKkidqPDKt2CExJcWKex2EXz9kbGcYiZvhuXWs",
    "firstTradeValueUsd": 0.015642695
}