{
    "label": 81,
    "mint": "36xx5Xg7zUQoq5JscVko9E8vpSQ2JQJnXQwwjScxpump",
    "name": "Prices Only Go Up",
    "symbol": "INFLATION",
    "decimals": "6",
    "totalSupply": "999985594147184",
    "totalSupplyFormatted": "999985594.147184",
    "sellerFeeBasisPoints": 0,
    "isMutable": true,
    "primarySaleHappened": 0,
    "updateAuthority": "BD9vNVYffDL6hKCVNwxFam6AAqcszyxnUca2WLveQNZp",
    "usdPrice": 5.5139e-05,
    "nativePriceValue": "363",
    "exchangeName": "PumpSwap",
    "exchangeAddress": "pAMMBay6oceH9fJKBRHGP5D4bD4sWpmSwMn52FMfXEA",
    "firstSwapTimestamp": "2025-06-16T00:50:27+00:00",
    "firstSwapType": "buy",
    "firstBuyerOrSeller": "89FuDMzqFbUC4QHvvgARXXRkVdbjdKM3Fd9xKFYqAD5Q",
    "firstTradeValueUsd": 15.130877015
}