{
    "label": 63,
    "mint": "3Mbp2jfX8qBchdXvoiA6fZb7zVp5egeKbMnPfjKgpump",
    "name": "SUPER COIN",
    "symbol": "SUPERCOIN",
    "decimals": "6",
    "totalSupply": "999816541661234",
    "totalSupplyFormatted": "999816541.661234",
    "sellerFeeBasisPoints": 0,
    "isMutable": true,
    "primarySaleHappened": 0,
    "updateAuthority": "CvWGwjf65fsBRWXMAEE3bjqDtLNeMgpuVJZ3cFdyL6Er",
    "usdPrice": 5.3039e-05,
    "nativePriceValue": "355",
    "exchangeName": "PumpSwap",
    "exchangeAddress": "pAMMBay6oceH9fJKBRHGP5D4bD4sWpmSwMn52FMfXEA",
    "firstSwapTimestamp": "2025-07-02T09:05:25+00:00",
    "firstSwapType": "buy",
    "firstBuyerOrSeller": "9bHBfnrJ2gro41BqdKx6ebPD5Cf74UyWf3kfD5FceJi1",
    "firstTradeValueUsd": 1.487998418
}