{
    "label": 63,
    "mint": "3p6zyyB5ru9nz4cY57DfdUcQiQwaGT8frZi92DZPpump",
    "name": "SUPERAPP",
    "symbol": "SUPERAPP",
    "decimals": "6",
    "totalSupply": "999557140952917",
    "totalSupplyFormatted": "999557140.952917",
    "sellerFeeBasisPoints": 0,
    "isMutable": true,
    "primarySaleHappened": 0,
    "updateAuthority": "4aJz1dWgmXu56dS7inpxHnXjm8ra78Zhkes9nFLJjN8k",
    "usdPrice": 2.0516e-09,
    "nativePriceValue": "0.0141",
    "exchangeName": "PumpSwap",
    "exchangeAddress": "pAMMBay6oceH9fJKBRHGP5D4bD4sWpmSwMn52FMfXEA",
    "firstSwapTimestamp": "2025-06-19T13:05:49+00:00",
    "firstSwapType": "buy",
    "firstBuyerOrSeller": "5M1ogcHpMJPWwcuKmrmZB2Z4UtbTnSFyBtv7bgRkm2pv",
    "firstTradeValueUsd": 14.494066219
}