{
    "label": 67,
    "mint": "2wPAfSj1kpKBZGM4ojUeU6G9BMVFLBmVrLfLVA4dpump",
    "name": "Borders",
    "symbol": "BORDERS",
    "decimals": "6",
    "totalSupply": "999008703622449",
    "totalSupplyFormatted": "999008703.622449",
    "sellerFeeBasisPoints": 0,
    "isMutable": true,
    "primarySaleHappened": 0,
    "updateAuthority": "CEVz2WMx8zPhzC6mJ1rB6kmFXshhpboL3YAYWkpSEeGN",
    "usdPrice": 0.000166387,
    "nativePriceValue": "1142",
    "exchangeName": "PumpSwap",
    "exchangeAddress": "pAMMBay6oceH9fJKBRHGP5D4bD4sWpmSwMn52FMfXEA",
    "firstSwapTimestamp": "2025-06-14T13:42:41+00:00",
    "firstSwapType": "buy",
    "firstBuyerOrSeller": "5M1ogcHpMJPWwcuKmrmZB2Z4UtbTnSFyBtv7bgRkm2pv",
    "firstTradeValueUsd": 28.995302802
}