{
    "label": 80,
    "mint": "3wepPfCG6ihL3tcCVh7UTgXKfxoRQjBg8Qj6SAxGpump",
    "name": "Prices Only Go Up",
    "symbol": "INFLATION",
    "decimals": "6",
    "totalSupply": "999954749051551",
    "totalSupplyFormatted": "999954749.051551",
    "sellerFeeBasisPoints": 0,
    "isMutable": true,
    "primarySaleHappened": 0,
    "updateAuthority": "Qq6sqMsM84cuxBroAEyw2iYnmJh2t7MP4aCU9AVWvH8",
    "usdPrice": 3.6871e-05,
    "nativePriceValue": "253",
    "exchangeName": "PumpSwap",
    "exchangeAddress": "pAMMBay6oceH9fJKBRHGP5D4bD4sWpmSwMn52FMfXEA",
    "firstSwapTimestamp": "2025-06-18T12:13:40+00:00",
    "firstSwapType": "buy",
    "firstBuyerOrSeller": "89FuDMzqFbUC4QHvvgARXXRkVdbjdKM3Fd9xKFYqAD5Q",
    "firstTradeValueUsd": 14.608563671
}