{
    "label": 63,
    "mint": "4vcfiWg64qwQb6gKj5XL1Juqvf2M4KQBXqqLUpinpump",
    "name": "Hardware Guy",
    "symbol": "HWGUY",
    "decimals": "6",
    "totalSupply": "999750377569286",
    "totalSupplyFormatted": "999750377.569286",
    "sellerFeeBasisPoints": 0,
    "isMutable": true,
    "primarySaleHappened": 0,
    "updateAuthority": "EK87udWvw15XfLBMeRXFZjeSJiz85ecVUpRyeDy77nJm",
    "usdPrice": 3.9599e-05,
    "nativePriceValue": "284",
    "exchangeName": "PumpSwap",
    "exchangeAddress": "pAMMBay6oceH9fJKBRHGP5D4bD4sWpmSwMn52FMfXEA",
    "firstSwapTimestamp": "2025-06-20T23:08:12+00:00",
    "firstSwapType": "buy",
    "firstBuyerOrSeller": "FWMVpoQYQGwi3kAddqHbSXesnmNtys1VqmsA3ZJoBcAQ",
    "firstTradeValueUsd": 13.902058774
}