{
    "label": 63,
    "mint": "3PMA5uuFjJBt93zEYBaRmgPritKytZc65DdJX3qMpump",
    "name": "Eddie The Hamster",
    "symbol": "ETH",
    "decimals": "6",
    "totalSupply": "999999628750544",
    "totalSupplyFormatted": "999999628.750544",
    "sellerFeeBasisPoints": 0,
    "isMutable": true,
    "primarySaleHappened": 0,
    "updateAuthority": "DbJmBvkwtKyLJNXAERf69Q2YqXW3nC7e1G1gbVbf6LJ4",
    "usdPrice": 9.2052e-05,
    "nativePriceValue": "629",
    "exchangeName": "PumpSwap",
    "exchangeAddress": "pAMMBay6oceH9fJKBRHGP5D4bD4sWpmSwMn52FMfXEA",
    "firstSwapTimestamp": "2025-07-01T21:41:22+00:00",
    "firstSwapType": "buy",
    "firstBuyerOrSeller": "9bHBfnrJ2gro41BqdKx6ebPD5Cf74UyWf3kfD5FceJi1",
    "firstTradeValueUsd": 1.463201826
}