{
    "label": 63,
    "mint": "3S784VmyXZhUwETVva2tCrDFuaskvtDtRSvTew4tpump",
    "name": "GOLDEN CATIO",
    "symbol": "CATIO",
    "decimals": "6",
    "totalSupply": "999996666171037",
    "totalSupplyFormatted": "999996666.171037",
    "sellerFeeBasisPoints": 0,
    "isMutable": true,
    "primarySaleHappened": 0,
    "updateAuthority": "7nFYk3eiPLa2dSPYPGcfN3kNaC7CJESYYyHiN42q69At",
    "usdPrice": 4.7443e-05,
    "nativePriceValue": "309",
    "exchangeName": "PumpSwap",
    "exchangeAddress": "pAMMBay6oceH9fJKBRHGP5D4bD4sWpmSwMn52FMfXEA",
    "firstSwapTimestamp": "2025-06-16T23:12:33+00:00",
    "firstSwapType": "buy",
    "firstBuyerOrSeller": "2uav5q4X6T4MaWRtH5ysVYffTe33kHVFkz5zChKvvc4D",
    "firstTradeValueUsd": 2.254017002
}