{
    "label": 63,
    "mint": "2SrMpe1yscEthsWzuDVMkKY7aDDWYENHdz5SBnnzpump",
    "name": "RedBull Official Token",
    "symbol": "REDBULL",
    "decimals": "6",
    "totalSupply": "999549872665722",
    "totalSupplyFormatted": "999549872.665722",
    "sellerFeeBasisPoints": 0,
    "isMutable": true,
    "primarySaleHappened": 0,
    "updateAuthority": "CutH8BzrywE8YbGz4iENwfSt9m2HTDaWy2HiGfxEC1r7",
    "usdPrice": 0.000108701,
    "nativePriceValue": "741",
    "exchangeName": "PumpSwap",
    "exchangeAddress": "pAMMBay6oceH9fJKBRHGP5D4bD4sWpmSwMn52FMfXEA",
    "firstSwapTimestamp": "2025-06-20T02:19:07+00:00",
    "firstSwapType": "buy",
    "firstBuyerOrSeller": "pMbNzWqcxoxecC19G9qguCh3z6o5ZgoG58NQGnA6Kd4",
    "firstTradeValueUsd": 1.46448506
}