{
    "label": 63,
    "mint": "3SFgCQcYtktCzUk9KfwhhoJN3fdXVFq4gz6ekC7dpump",
    "name": "Just a liquid guy",
    "symbol": "Liquid Guy",
    "decimals": "6",
    "totalSupply": "999981511324885",
    "totalSupplyFormatted": "999981511.324885",
    "sellerFeeBasisPoints": 0,
    "isMutable": true,
    "primarySaleHappened": 0,
    "updateAuthority": "GVuWjw267iGnm4zbVZxBu2K1DMBPXuWFmC3AYYmFE5vK",
    "usdPrice": 8.3208e-05,
    "nativePriceValue": "562",
    "exchangeName": "PumpSwap",
    "exchangeAddress": "pAMMBay6oceH9fJKBRHGP5D4bD4sWpmSwMn52FMfXEA",
    "firstSwapTimestamp": "2025-06-18T22:18:25+00:00",
    "firstSwapType": "buy",
    "firstBuyerOrSeller": "45Nzq9MiciKfWd4KH3arn1FxnpGyzk8jrCLeAue3tYoT",
    "firstTradeValueUsd": 2.912412985
}