{
    "label": 63,
    "mint": "3AMsutJqZ5uMib5X3ym17zyZaMJFaETp8fb7WpGEpump",
    "name": "Ricky The Rain Frog",
    "symbol": "RICKY",
    "decimals": "6",
    "totalSupply": "999969759523607",
    "totalSupplyFormatted": "999969759.523607",
    "sellerFeeBasisPoints": 0,
    "isMutable": true,
    "primarySaleHappened": 0,
    "updateAuthority": "7fQ6R7g2NcasCYofnhoSLvUNzusnTn9DjAesrBTBrLce",
    "usdPrice": 0.000160347,
    "nativePriceValue": "1117",
    "exchangeName": "PumpSwap",
    "exchangeAddress": "pAMMBay6oceH9fJKBRHGP5D4bD4sWpmSwMn52FMfXEA",
    "firstSwapTimestamp": "2025-06-24T01:38:43+00:00",
    "firstSwapType": "buy",
    "firstBuyerOrSeller": "3joKYvUT7hRFNUBdX1e1TfGhJrGMtWYWs147TnUTQeh3",
    "firstTradeValueUsd": 1.433347911
}