{
    "label": 63,
    "mint": "23zmbG9aCmKbVuySaez5gjhV3o9K73aSq73sdGNUpump",
    "name": "Linear Coin",
    "symbol": "(y=kx+n",
    "decimals": "6",
    "totalSupply": "999999706939044",
    "totalSupplyFormatted": "999999706.939044",
    "sellerFeeBasisPoints": 0,
    "isMutable": true,
    "primarySaleHappened": 0,
    "updateAuthority": "7nSWrhredSZrHD1mEtWW1QwvwfS6eFefi18ffkxeKESE",
    "usdPrice": 5.1765e-05,
    "nativePriceValue": "346",
    "exchangeName": "PumpSwap",
    "exchangeAddress": "pAMMBay6oceH9fJKBRHGP5D4bD4sWpmSwMn52FMfXEA",
    "firstSwapTimestamp": "2025-06-29T07:18:45+00:00",
    "firstSwapType": "buy",
    "firstBuyerOrSeller": "3KsCr25XvjghoK6umdeotLmQx9ccyLb51k2V4mPtyP39",
    "firstTradeValueUsd": 890.762305426
}