{
    "label": 63,
    "mint": "3gFbh1rQK3Y9d5cH35hqeHz6DsmBuk1vtRxoMoLRpump",
    "name": "Chillgull",
    "symbol": "CHILLGULL",
    "decimals": "6",
    "totalSupply": "999935037580420",
    "totalSupplyFormatted": "999935037.58042",
    "sellerFeeBasisPoints": 0,
    "isMutable": true,
    "primarySaleHappened": 0,
    "updateAuthority": "76MHEq2g3KWQPcjafL2VtL7HY5jfJPEHF9dwrRDrZwxX",
    "usdPrice": 0.000101482,
    "nativePriceValue": "722",
    "exchangeName": "PumpSwap",
    "exchangeAddress": "pAMMBay6oceH9fJKBRHGP5D4bD4sWpmSwMn52FMfXEA",
    "firstSwapTimestamp": "2025-06-27T07:43:54+00:00",
    "firstSwapType": "buy",
    "firstBuyerOrSeller": "8g5ZUSMEZ8D913go2JK1Sq3jR8syWME5MNegTbvxL4Ny",
    "firstTradeValueUsd": 14.017992454
}