{
    "label": 67,
    "mint": "2Ke9DRpuujCyKnFfijRKk1rwgpqZtV9uknvFkjuppump",
    "name": "Waymo Money",
    "symbol": "WM",
    "decimals": "6",
    "totalSupply": "999542709150632",
    "totalSupplyFormatted": "999542709.150632",
    "sellerFeeBasisPoints": 0,
    "isMutable": true,
    "primarySaleHappened": 0,
    "updateAuthority": "3oSP3nimwT2U9gte5JpP6juEcQbw1GVhtkRfzGZt3gqw",
    "usdPrice": 0.775498623,
    "nativePriceValue": "3968559",
    "exchangeName": "PumpSwap",
    "exchangeAddress": "pAMMBay6oceH9fJKBRHGP5D4bD4sWpmSwMn52FMfXEA",
    "firstSwapTimestamp": "2025-06-28T06:49:03+00:00",
    "firstSwapType": "buy",
    "firstBuyerOrSeller": "CLAcdeC4MmSA9h9BZbVf94cnwfd8BvVatf4jP6g6FoYE",
    "firstTradeValueUsd": 0.735286512
}