{
    "label": 63,
    "mint": "3jtdj8g6bYfjR65FC9hEdNzP8rzCcL7FF9poeWbQpump",
    "name": "World War 3 Anime",
    "symbol": "WWWIII",
    "decimals": "6",
    "totalSupply": "999810307771214",
    "totalSupplyFormatted": "999810307.771214",
    "sellerFeeBasisPoints": 0,
    "isMutable": true,
    "primarySaleHappened": 0,
    "updateAuthority": "DpEbD47KLtrJSNVgMx8PXYpJKANFKPFT3bYvFGwHipJQ",
    "usdPrice": 0.01174452,
    "nativePriceValue": "87977",
    "exchangeName": "PumpSwap",
    "exchangeAddress": "pAMMBay6oceH9fJKBRHGP5D4bD4sWpmSwMn52FMfXEA",
    "firstSwapTimestamp": "2025-06-23T11:26:28+00:00",
    "firstSwapType": "buy",
    "firstBuyerOrSeller": "FWMVpoQYQGwi3kAddqHbSXesnmNtys1VqmsA3ZJoBcAQ",
    "firstTradeValueUsd": 1.330536897
}