{
    "label": 63,
    "mint": "2udb2YcQEfZrs1cmHGtndWcjyzpFCEqHBgpVT4h8pump",
    "name": "Instafart",
    "symbol": "IF",
    "decimals": "6",
    "totalSupply": "999998707392325",
    "totalSupplyFormatted": "999998707.392325",
    "sellerFeeBasisPoints": 0,
    "isMutable": true,
    "primarySaleHappened": 0,
    "updateAuthority": "6ToTUsaFMaRrxzB6STgPYaMutGEGH5tA83Tsrb8doMxT",
    "usdPrice": 1.1209e-05,
    "nativePriceValue": "77.6276",
    "exchangeName": "PumpSwap",
    "exchangeAddress": "pAMMBay6oceH9fJKBRHGP5D4bD4sWpmSwMn52FMfXEA",
    "firstSwapTimestamp": "2025-06-18T17:24:10+00:00",
    "firstSwapType": "buy",
    "firstBuyerOrSeller": "5M1ogcHpMJPWwcuKmrmZB2Z4UtbTnSFyBtv7bgRkm2pv",
    "firstTradeValueUsd": 28.841756777
}