{
    "label": 63,
    "mint": "217SaqMVXzkhbjvqUckf99Su2tCEJLoaFJYa8fxWpump",
    "name": "Chill Baby",
    "symbol": "CHILLBABY",
    "decimals": "6",
    "totalSupply": "999908432517063",
    "totalSupplyFormatted": "999908432.517063",
    "sellerFeeBasisPoints": 0,
    "isMutable": true,
    "primarySaleHappened": 0,
    "updateAuthority": "5G7xSPZxQSuXjGhEWiTrZ2TWsmYYXYecH9jMC1jaqefs",
    "usdPrice": 0.000103603,
    "nativePriceValue": "691",
    "exchangeName": "PumpSwap",
    "exchangeAddress": "pAMMBay6oceH9fJKBRHGP5D4bD4sWpmSwMn52FMfXEA",
    "firstSwapTimestamp": "2025-06-29T01:49:59+00:00",
    "firstSwapType": "buy",
    "firstBuyerOrSeller": "2ZQBGAtAWREWYrmTfXscxeGcKC7VyxQ4eF4Bj7TWeQZ6",
    "firstTradeValueUsd": 2.020654273
}