{
    "label": 63,
    "mint": "2X7Bf122AKWuj1ZHUFcZ14QuDLqensiZeqcNkYvqpump",
    "name": "SPIN",
    "symbol": "SPIN",
    "decimals": "6",
    "totalSupply": "999991712588374",
    "totalSupplyFormatted": "999991712.588374",
    "sellerFeeBasisPoints": 0,
    "isMutable": true,
    "primarySaleHappened": 0,
    "updateAuthority": "7n16ZU2W7EkqnHqgMpgVCJKPP9cv76juVunwDWxxkMUe",
    "usdPrice": 0.000107104,
    "nativePriceValue": "711",
    "exchangeName": "PumpSwap",
    "exchangeAddress": "pAMMBay6oceH9fJKBRHGP5D4bD4sWpmSwMn52FMfXEA",
    "firstSwapTimestamp": "2025-06-30T10:00:12+00:00",
    "firstSwapType": "buy",
    "firstBuyerOrSeller": "EgyuUaTfhHoYRHw6VbfbWxMe16arvBYzjUUSmQpv4ppr",
    "firstTradeValueUsd": 0.300534071
}