{
    "label": 61,
    "mint": "2RrZQUiZTzN6DhzogtimKcxpZ8tKoYcDtzi7A4Wnpump",
    "name": "wassie",
    "symbol": "wassie",
    "decimals": "6",
    "totalSupply": "1889301166951",
    "totalSupplyFormatted": "1889301.166951",
    "sellerFeeBasisPoints": 0,
    "isMutable": false,
    "primarySaleHappened": 0,
    "updateAuthority": "D8j68PNo52jY2oo7XFMCdQPPHkkxqQZfmRRfRLMmXDSD",
    "usdPrice": 6.767e-06,
    "nativePriceValue": "44.4028",
    "exchangeName": "PumpSwap",
    "exchangeAddress": "pAMMBay6oceH9fJKBRHGP5D4bD4sWpmSwMn52FMfXEA",
    "firstSwapTimestamp": "2025-07-07T09:30:40+00:00",
    "firstSwapType": "buy",
    "firstBuyerOrSeller": "djf3wZtw6i6kKi3VzjiJzhafE3wuQWcwvMhsLBacQvv",
    "firstTradeValueUsd": 0.381293597
}