{
    "label": 62,
    "mint": "2iarSgWQH2W5WCvnexddMYiqhyyLEFZQzbyqYhWQpump",
    "name": "save the world",
    "symbol": "sexcoin",
    "decimals": "6",
    "totalSupply": "419083665782",
    "totalSupplyFormatted": "419083.665782",
    "sellerFeeBasisPoints": 0,
    "isMutable": true,
    "primarySaleHappened": 0,
    "updateAuthority": "BcoUvPakdewbG7rKRU6s3VAZtVGVUgL5qQjmkYgD6Pm6",
    "usdPrice": 0.000101221,
    "nativePriceValue": "704",
    "exchangeName": "PumpSwap",
    "exchangeAddress": "pAMMBay6oceH9fJKBRHGP5D4bD4sWpmSwMn52FMfXEA",
    "firstSwapTimestamp": "2025-06-26T11:11:16+00:00",
    "firstSwapType": "buy",
    "firstBuyerOrSeller": "KWq7esvBkhAh6TP6iDb1LtGPhQbTN76L6iN3p5Dd81E",
    "firstTradeValueUsd": 45.107333546
}