{
    "label": 63,
    "mint": "2LVSssDSKJaVopijuoTSXkyFBDFhr44pngeiBHjfpump",
    "name": "Most Holders Ever",
    "symbol": "GATHA",
    "decimals": "6",
    "totalSupply": "999969762476579",
    "totalSupplyFormatted": "999969762.476579",
    "sellerFeeBasisPoints": 0,
    "isMutable": true,
    "primarySaleHappened": 0,
    "updateAuthority": "CpQx4kjAjmbBayPscQQ1BASgsjNGKHPsKrTUCaLSkZdE",
    "usdPrice": 7.4543e-05,
    "nativePriceValue": "559",
    "exchangeName": "PumpSwap",
    "exchangeAddress": "pAMMBay6oceH9fJKBRHGP5D4bD4sWpmSwMn52FMfXEA",
    "firstSwapTimestamp": "2025-06-22T11:55:15+00:00",
    "firstSwapType": "buy",
    "firstBuyerOrSeller": "FWMVpoQYQGwi3kAddqHbSXesnmNtys1VqmsA3ZJoBcAQ",
    "firstTradeValueUsd": 13.282845047
}