{
    "label": 63,
    "mint": "4pbbRtQ56xWB7WhsrCFRKBKmHn2A43BLJrWki6dypump",
    "name": "liquititty",
    "symbol": "liquititty",
    "decimals": "6",
    "totalSupply": "999927428049517",
    "totalSupplyFormatted": "999927428.049517",
    "sellerFeeBasisPoints": 0,
    "isMutable": true,
    "primarySaleHappened": 0,
    "updateAuthority": "EBN1Swf76ETGwmaXxtqzwDzFGGWFfd5mRWi7CsLMFVBw",
    "usdPrice": 3.6932e-05,
    "nativePriceValue": "261",
    "exchangeName": "PumpSwap",
    "exchangeAddress": "pAMMBay6oceH9fJKBRHGP5D4bD4sWpmSwMn52FMfXEA",
    "firstSwapTimestamp": "2025-06-27T07:05:10+00:00",
    "firstSwapType": "buy",
    "firstBuyerOrSeller": "bpDk4nZxqCN7iXtgKYppNcWoK3HZ1w1X5Q2rfoU8EHj",
    "firstTradeValueUsd": 2.45406609
}