{
    "label": 81,
    "mint": "3VMkQ6Pq29EH1WdVxLXZzF287o49SXJuZDuZifhWpump",
    "name": "Just a bill guy",
    "symbol": "BILLGUY",
    "decimals": "6",
    "totalSupply": "999843665745682",
    "totalSupplyFormatted": "999843665.745682",
    "sellerFeeBasisPoints": 0,
    "isMutable": true,
    "primarySaleHappened": 0,
    "updateAuthority": "BD9vNVYffDL6hKCVNwxFam6AAqcszyxnUca2WLveQNZp",
    "usdPrice": 3.2236e-05,
    "nativePriceValue": "219",
    "exchangeName": "PumpSwap",
    "exchangeAddress": "pAMMBay6oceH9fJKBRHGP5D4bD4sWpmSwMn52FMfXEA",
    "firstSwapTimestamp": "2025-06-13T21:22:30+00:00",
    "firstSwapType": "buy",
    "firstBuyerOrSeller": "FngfGmdrTVJvuv75yQbQmSkFZxuaAYSTuDFk9fzSTfCR",
    "firstTradeValueUsd": 2.341283063
}