{
    "label": 80,
    "mint": "241a7kVwR1dUrV3FRHmoUVEfWVEVfGrDggSVVcPWpump",
    "name": "Organism",
    "symbol": "CELL",
    "decimals": "6",
    "totalSupply": "999781534724146",
    "totalSupplyFormatted": "999781534.724146",
    "sellerFeeBasisPoints": 0,
    "isMutable": true,
    "primarySaleHappened": 0,
    "updateAuthority": "3oSP3nimwT2U9gte5JpP6juEcQbw1GVhtkRfzGZt3gqw",
    "usdPrice": 2.1795e-05,
    "nativePriceValue": "150",
    "exchangeName": "PumpSwap",
    "exchangeAddress": "pAMMBay6oceH9fJKBRHGP5D4bD4sWpmSwMn52FMfXEA",
    "firstSwapTimestamp": "2025-06-24T17:18:36+00:00",
    "firstSwapType": "buy",
    "firstBuyerOrSeller": "5dnFxM648UQpBTonstiBE1HWZaVG49Cv3yuNhX6Y1nFU",
    "firstTradeValueUsd": 14.447568431
}