{
    "label": 63,
    "mint": "2dE9NCG3QfpubLTsKvntQKwqRLRZUjDE7SszFGSApump",
    "name": "Official Mauritius",
    "symbol": "MAU",
    "decimals": "6",
    "totalSupply": "158501278130",
    "totalSupplyFormatted": "158501.27813",
    "sellerFeeBasisPoints": 0,
    "isMutable": true,
    "primarySaleHappened": 0,
    "updateAuthority": "BcoUvPakdewbG7rKRU6s3VAZtVGVUgL5qQjmkYgD6Pm6",
    "usdPrice": 0.00016799,
    "nativePriceValue": "1196",
    "exchangeName": "PumpSwap",
    "exchangeAddress": "pAMMBay6oceH9fJKBRHGP5D4bD4sWpmSwMn52FMfXEA",
    "firstSwapTimestamp": "2025-06-21T03:04:13+00:00",
    "firstSwapType": "buy",
    "firstBuyerOrSeller": "KWq7esvBkhAh6TP6iDb1LtGPhQbTN76L6iN3p5Dd81E",
    "firstTradeValueUsd": 44.055692521
}