{
    "label": 63,
    "mint": "2w2necPbqHyo9fc2zrWqiCrKxzoQL1Cv5QHUF1Rwpump",
    "name": "GET MONEY",
    "symbol": "GM",
    "decimals": "6",
    "totalSupply": "935052829502853",
    "totalSupplyFormatted": "935052829.502853",
    "sellerFeeBasisPoints": 0,
    "isMutable": false,
    "primarySaleHappened": 0,
    "updateAuthority": "2J9PSTCGKX4WibaMFXu3Bb7Yvag8VStUutB3TKxPKS9S",
    "usdPrice": 3.12003e-08,
    "nativePriceValue": "0.1929",
    "exchangeName": "PumpSwap",
    "exchangeAddress": "pAMMBay6oceH9fJKBRHGP5D4bD4sWpmSwMn52FMfXEA",
    "firstSwapTimestamp": "2025-07-11T02:28:01+00:00",
    "firstSwapType": "buy",
    "firstBuyerOrSeller": "5iywveQKkidqPDKt2CExJcWKex2EXz9kbGcYiZvhuXWs",
    "firstTradeValueUsd": 0.016457681
}