{
    "label": 64,
    "mint": "2AbXK2Hxpjmdd1Q7DYCSEEAyjDcSgEzZDDKa2tLspump",
    "name": "MILEI DOG",
    "symbol": "CONAN",
    "decimals": "6",
    "totalSupply": "999813668022248",
    "totalSupplyFormatted": "999813668.022248",
    "sellerFeeBasisPoints": 0,
    "isMutable": true,
    "primarySaleHappened": 0,
    "updateAuthority": "dGvF8DtvJHk7HUnR3A1H1m6BKzHAZAWnTxvyLQQMWKH",
    "usdPrice": 4.0844e-05,
    "nativePriceValue": "266",
    "exchangeName": "PumpSwap",
    "exchangeAddress": "pAMMBay6oceH9fJKBRHGP5D4bD4sWpmSwMn52FMfXEA",
    "firstSwapTimestamp": "2025-06-29T22:17:01+00:00",
    "firstSwapType": "buy",
    "firstBuyerOrSeller": "BUq41XLEwdxB5VGk8ko8Mk7F2RMGEzSoct8Gf8MqeFXg",
    "firstTradeValueUsd": 0.683826246
}