{
    "label": 62,
    "mint": "3MRMtUMyRoNT4HmXPQvfCz4v2Sw21mKkugxQC4Mgpump",
    "name": "NO KINGS DAY",
    "symbol": "NOKINGSDAY",
    "decimals": "6",
    "totalSupply": "999999371729443",
    "totalSupplyFormatted": "999999371.729443",
    "sellerFeeBasisPoints": 0,
    "isMutable": true,
    "primarySaleHappened": 0,
    "updateAuthority": "3wKp9oB54M5D8esKxjtNnX2RWHGEc1cBsEwU7rsL5Yh5",
    "usdPrice": 6.2155e-05,
    "nativePriceValue": "413",
    "exchangeName": "PumpSwap",
    "exchangeAddress": "pAMMBay6oceH9fJKBRHGP5D4bD4sWpmSwMn52FMfXEA",
    "firstSwapTimestamp": "2025-06-15T15:42:43+00:00",
    "firstSwapType": "buy",
    "firstBuyerOrSeller": "6F4AScLf1fRh6FUyuqpBLdF9cWZ1HmjnvyxwcGKxizgw",
    "firstTradeValueUsd": 1.520138297
}