{
    "label": 67,
    "mint": "4cMuPJoDSbM66iZ7mDXswzXvHc5PjJhDUK6e6bF9pump",
    "name": "CHATGPT",
    "symbol": "CHATGPT",
    "decimals": "6",
    "totalSupply": "999866811873112",
    "totalSupplyFormatted": "999866811.873112",
    "sellerFeeBasisPoints": 0,
    "isMutable": true,
    "primarySaleHappened": 0,
    "updateAuthority": "AZNf4BDkkhLGhbAKoCrWwT9mBpYyW9cRMboeyVaADBTP",
    "usdPrice": 0.291996317,
    "nativePriceValue": "2123277",
    "exchangeName": "PumpSwap",
    "exchangeAddress": "pAMMBay6oceH9fJKBRHGP5D4bD4sWpmSwMn52FMfXEA",
    "firstSwapTimestamp": "2025-06-21T19:41:33+00:00",
    "firstSwapType": "buy",
    "firstBuyerOrSeller": "Bp4et2fiF5jETCtnDcA5BGRdgkRvZxAcxHSMkuHcdEXS",
    "firstTradeValueUsd": 1.370769356
}