{
    "label": 62,
    "mint": "4nXe5uFMm2a9KcGZfWXRiUzet5yCmyGWcSpcHngQpump",
    "name": "Trust In Trump",
    "symbol": "TIT",
    "decimals": "6",
    "totalSupply": "999999572370154",
    "totalSupplyFormatted": "999999572.370154",
    "sellerFeeBasisPoints": 0,
    "isMutable": true,
    "primarySaleHappened": 0,
    "updateAuthority": "95ZUKoFN1X6RHcjAbuwSZJtopLnS4dTeRQXFnW4U1JG5",
    "usdPrice": 0.000110965,
    "nativePriceValue": "770",
    "exchangeName": "PumpSwap",
    "exchangeAddress": "pAMMBay6oceH9fJKBRHGP5D4bD4sWpmSwMn52FMfXEA",
    "firstSwapTimestamp": "2025-06-24T10:35:31+00:00",
    "firstSwapType": "buy",
    "firstBuyerOrSeller": "BzQPrs33w1CxYoVNaSgahCC4N2TyHAVbWfy4v6WT3vCa",
    "firstTradeValueUsd": 14.320575638
}