{
    "label": 67,
    "mint": "13pBaMFGpaxNRZ1SzPtqbBbL6S58XkG75M957CKypump",
    "name": "Fuggler",
    "symbol": "FUGGLER",
    "decimals": "6",
    "totalSupply": "78494226880",
    "totalSupplyFormatted": "78494.22688",
    "sellerFeeBasisPoints": 0,
    "isMutable": true,
    "primarySaleHappened": 0,
    "updateAuthority": "7sNn65KognBZ68CGDaW5PinqPvxB65giUbmQZVwopuhp",
    "usdPrice": 0.000610477,
    "nativePriceValue": "4204",
    "exchangeName": "Raydium",
    "exchangeAddress": "CAMMCzo5YL8w4VFF8KVHrK22GGUsp5VTaW7grrKgrWqK",
    "firstSwapTimestamp": "2025-06-19T06:22:43+00:00",
    "firstSwapType": "buy",
    "firstBuyerOrSeller": "6hhUb7PoUiJ9an4WhAxncvPZoooUYFVTFjJCRR6SNSbt",
    "firstTradeValueUsd": 87176.158733854
}