{
    "label": 53,
    "mint": "12eupsXRGTvEG4MjLHQpeQz3egFpuVeJ2zrd9Hykpump",
    "name": "GORBAGANA",
    "symbol": "GOR",
    "decimals": "6",
    "totalSupply": "176799552646",
    "totalSupplyFormatted": "176799.552646",
    "sellerFeeBasisPoints": 0,
    "isMutable": false,
    "primarySaleHappened": 0,
    "updateAuthority": "6Upug3fsDSSUpf6qJUnTnoxqTB3xTeVfUDtDDW2j1baE",
    "usdPrice": 4.59206e-08,
    "nativePriceValue": "0.2835",
    "exchangeName": "PumpSwap",
    "exchangeAddress": "pAMMBay6oceH9fJKBRHGP5D4bD4sWpmSwMn52FMfXEA",
    "firstSwapTimestamp": "2025-06-19T16:07:44+00:00",
    "firstSwapType": "buy",
    "firstBuyerOrSeller": "4woXzDiykf2ykiWw4jTeK5ce3rcMBNm9z5FqQwoReFTg",
    "firstTradeValueUsd": 0.011485518
}