{
    "label": 63,
    "mint": "2c38ZNckfKz1tDSVHSAqoeyjhR6DMHtCeT3yCWmkpump",
    "name": "ELON 2028",
    "symbol": "ELON2028",
    "decimals": "6",
    "totalSupply": "999712033628628",
    "totalSupplyFormatted": "999712033.628628",
    "sellerFeeBasisPoints": 0,
    "isMutable": true,
    "primarySaleHappened": 0,
    "updateAuthority": "6FVVt5RVPa1PdhtHbpFruJSi6UE2NatdSANMGFXNtrZS",
    "usdPrice": 3.7132e-05,
    "nativePriceValue": "245",
    "exchangeName": "PumpSwap",
    "exchangeAddress": "pAMMBay6oceH9fJKBRHGP5D4bD4sWpmSwMn52FMfXEA",
    "firstSwapTimestamp": "2025-07-01T06:21:00+00:00",
    "firstSwapType": "buy",
    "firstBuyerOrSeller": "9bHBfnrJ2gro41BqdKx6ebPD5Cf74UyWf3kfD5FceJi1",
    "firstTradeValueUsd": 1.507277787
}