{
    "label": 81,
    "mint": "3anWexNeaCViRiXtv5qofuQdY1MFbQWjy2iZ3c5wpump",
    "name": "the void",
    "symbol": "void",
    "decimals": "6",
    "totalSupply": "999999459008146",
    "totalSupplyFormatted": "999999459.008146",
    "sellerFeeBasisPoints": 0,
    "isMutable": true,
    "primarySaleHappened": 0,
    "updateAuthority": "5yQPqscfBeTkfH9PRiiLqJ6QtVUeUvs1xCtxMu2xksdm",
    "usdPrice": 6.8918e-05,
    "nativePriceValue": "438",
    "exchangeName": "PumpSwap",
    "exchangeAddress": "pAMMBay6oceH9fJKBRHGP5D4bD4sWpmSwMn52FMfXEA",
    "firstSwapTimestamp": "2025-06-16T17:28:56+00:00",
    "firstSwapType": "buy",
    "firstBuyerOrSeller": "FyhrJofaXmN8f8xfQkg2bS7E37SwTRoxs3Hrs39fbVQc",
    "firstTradeValueUsd": 50.271958148
}