{
    "label": 63,
    "mint": "3GTd7SJDzWDoYXpbAxE4K7i3kPtN3o49gtzJhm9Cpump",
    "name": "Dust",
    "symbol": "Dust",
    "decimals": "6",
    "totalSupply": "999939587985046",
    "totalSupplyFormatted": "999939587.985046",
    "sellerFeeBasisPoints": 0,
    "isMutable": true,
    "primarySaleHappened": 0,
    "updateAuthority": "8SLa78zhWNveqnUxejvmgfF83rW5QkkMG1CBoSVUDSkL",
    "usdPrice": 6.4381e-05,
    "nativePriceValue": "418",
    "exchangeName": "PumpSwap",
    "exchangeAddress": "pAMMBay6oceH9fJKBRHGP5D4bD4sWpmSwMn52FMfXEA",
    "firstSwapTimestamp": "2025-06-29T22:22:19+00:00",
    "firstSwapType": "buy",
    "firstBuyerOrSeller": "FWMVpoQYQGwi3kAddqHbSXesnmNtys1VqmsA3ZJoBcAQ",
    "firstTradeValueUsd": 1.533933283
}