{
    "label": 63,
    "mint": "49wAQ1c4hQK1oM757gUQpJn5q2eEqjy1LuW6uvnxpump",
    "name": "Dog Inflation",
    "symbol": "Inflation",
    "decimals": "6",
    "totalSupply": "999894616072602",
    "totalSupplyFormatted": "999894616.072602",
    "sellerFeeBasisPoints": 0,
    "isMutable": true,
    "primarySaleHappened": 0,
    "updateAuthority": "D7gXzFxURuL9JcTsmjKKvG3Q46P4eRfkQujB3BH4si29",
    "usdPrice": 2.8124e-05,
    "nativePriceValue": "183",
    "exchangeName": "PumpSwap",
    "exchangeAddress": "pAMMBay6oceH9fJKBRHGP5D4bD4sWpmSwMn52FMfXEA",
    "firstSwapTimestamp": "2025-07-03T01:45:49+00:00",
    "firstSwapType": "buy",
    "firstBuyerOrSeller": "76NMKsKmTf4p93tik1rjsFZY8LTRbD6zwsbMqZhKZDAP",
    "firstTradeValueUsd": 1.52668287
}