{
    "label": 63,
    "mint": "46YreNxwtnXwpN3R265fv3QqV1CrzwHe2RYbWqkEpump",
    "name": "Cabal News Network",
    "symbol": "CNN",
    "decimals": "6",
    "totalSupply": "998880112945701",
    "totalSupplyFormatted": "998880112.945701",
    "sellerFeeBasisPoints": 0,
    "isMutable": true,
    "primarySaleHappened": 0,
    "updateAuthority": "GcgLMTaBX7yjqrX7MeQTaREa4oebGD3gPauVcwzBo1H",
    "usdPrice": 3.0548e-05,
    "nativePriceValue": "234",
    "exchangeName": "PumpSwap",
    "exchangeAddress": "pAMMBay6oceH9fJKBRHGP5D4bD4sWpmSwMn52FMfXEA",
    "firstSwapTimestamp": "2025-06-22T17:05:17+00:00",
    "firstSwapType": "buy",
    "firstBuyerOrSeller": "6F4AScLf1fRh6FUyuqpBLdF9cWZ1HmjnvyxwcGKxizgw",
    "firstTradeValueUsd": 1.292485011
}