{
    "label": 63,
    "mint": "2GFVoZdTL4iQrC3ix6MRXi2ypfpygb1a5cCTEphQpump",
    "name": "NIGERSAURUS",
    "symbol": "NIGERSAUR",
    "decimals": "6",
    "totalSupply": "551113649844",
    "totalSupplyFormatted": "551113.649844",
    "sellerFeeBasisPoints": 0,
    "isMutable": false,
    "primarySaleHappened": 0,
    "updateAuthority": "GadCY8WUF2rFMWZEJfyniovnBmPeo4T21wcV7LqQbokN",
    "usdPrice": 8.864e-06,
    "nativePriceValue": "57.9963",
    "exchangeName": "PumpSwap",
    "exchangeAddress": "pAMMBay6oceH9fJKBRHGP5D4bD4sWpmSwMn52FMfXEA",
    "firstSwapTimestamp": "2025-07-03T12:35:54+00:00",
    "firstSwapType": "buy",
    "firstBuyerOrSeller": "GadCY8WUF2rFMWZEJfyniovnBmPeo4T21wcV7LqQbokN",
    "firstTradeValueUsd": 1.53e-07
}