{
    "label": 63,
    "mint": "4eY7DH4WiY6sTbUrUTzx69hvyZHDt1zeM4n23Sjgpump",
    "name": "MINIS",
    "symbol": "MINIS",
    "decimals": "6",
    "totalSupply": "999999636417490",
    "totalSupplyFormatted": "999999636.41749",
    "sellerFeeBasisPoints": 0,
    "isMutable": true,
    "primarySaleHappened": 0,
    "updateAuthority": "32XVjFB4SSuav2fTCSoST2k4JHbdxprEZdqMtQB8mTPJ",
    "usdPrice": 0.000170555,
    "nativePriceValue": "1122",
    "exchangeName": "PumpSwap",
    "exchangeAddress": "pAMMBay6oceH9fJKBRHGP5D4bD4sWpmSwMn52FMfXEA",
    "firstSwapTimestamp": "2025-07-04T06:57:08+00:00",
    "firstSwapType": "buy",
    "firstBuyerOrSeller": "9bHBfnrJ2gro41BqdKx6ebPD5Cf74UyWf3kfD5FceJi1",
    "firstTradeValueUsd": 1.520908668
}