{
    "label": 64,
    "mint": "2h5G6E5RggtdNMRssJmAwLCrDAd6iGtNxDKM4sMbpump",
    "name": "Rato the Rat",
    "symbol": "RATO",
    "decimals": "6",
    "totalSupply": "999846813538682",
    "totalSupplyFormatted": "999846813.538682",
    "sellerFeeBasisPoints": 0,
    "isMutable": true,
    "primarySaleHappened": 0,
    "updateAuthority": "HQiQpB8LaJwHCvVgh7dT77wwbH3SSMUvs7hA47LAdcfk",
    "usdPrice": 4.6211e-05,
    "nativePriceValue": "318",
    "exchangeName": "PumpSwap",
    "exchangeAddress": "pAMMBay6oceH9fJKBRHGP5D4bD4sWpmSwMn52FMfXEA",
    "firstSwapTimestamp": "2025-06-15T10:18:37+00:00",
    "firstSwapType": "buy",
    "firstBuyerOrSeller": "9yaMSLQbtFMfzNviSEGM6RWsAHPnBo69mr9djLyKYPMf",
    "firstTradeValueUsd": 1.447009342
}