{
    "label": 63,
    "mint": "3E1gVq2vBSnf6LbQFN4gnxA9K7i1LPGmqtnDsPa4pump",
    "name": "Juventus",
    "symbol": "JUVENTUS",
    "decimals": "6",
    "totalSupply": "999998878231786",
    "totalSupplyFormatted": "999998878.231786",
    "sellerFeeBasisPoints": 0,
    "isMutable": true,
    "primarySaleHappened": 0,
    "updateAuthority": "4MKmxRkvbVywKPfkXEjwsEbZwVEeDXkVrT8aaBwQ3DJr",
    "usdPrice": 3.4363e-05,
    "nativePriceValue": "236",
    "exchangeName": "PumpSwap",
    "exchangeAddress": "pAMMBay6oceH9fJKBRHGP5D4bD4sWpmSwMn52FMfXEA",
    "firstSwapTimestamp": "2025-06-25T09:35:26+00:00",
    "firstSwapType": "buy",
    "firstBuyerOrSeller": "rQTHiNfwAHo9swPBfneceYrHd4GhZx3opvtGBhYQYyP",
    "firstTradeValueUsd": 1.461883305
}