{
    "label": 63,
    "mint": "14tURpXLfw2RK7qUFvWMWnPLXf9g9QWkiNCHLjpXpump",
    "name": "Ted Trench Talks",
    "symbol": "TED",
    "decimals": "6",
    "totalSupply": "1475293430712",
    "totalSupplyFormatted": "1475293.430712",
    "sellerFeeBasisPoints": 0,
    "isMutable": false,
    "primarySaleHappened": 0,
    "updateAuthority": "CS17J52pF4PfyPmTHGJWvSF5e1UAvuNYUiJL7q32u7Yp",
    "usdPrice": 4.21e-07,
    "nativePriceValue": "2.611",
    "exchangeName": "PumpSwap",
    "exchangeAddress": "pAMMBay6oceH9fJKBRHGP5D4bD4sWpmSwMn52FMfXEA",
    "firstSwapTimestamp": "2025-06-20T04:03:06+00:00",
    "firstSwapType": "buy",
    "firstBuyerOrSeller": "5iywveQKkidqPDKt2CExJcWKex2EXz9kbGcYiZvhuXWs",
    "firstTradeValueUsd": 0.014507012
}