{
    "label": 65,
    "mint": "2iw5uKAEGHVq2wwcFSzU3BBrquTYfSPwuAS9EG6Lpump",
    "name": "pumpcycle",
    "symbol": "pumpcycle",
    "decimals": "6",
    "totalSupply": "1075496347910",
    "totalSupplyFormatted": "1075496.34791",
    "sellerFeeBasisPoints": 0,
    "isMutable": false,
    "primarySaleHappened": 0,
    "updateAuthority": "BRhdRhMdco7r9pioebHypFb8ha9yXtF7MGLRTWfBodLs",
    "usdPrice": 1.9107e-05,
    "nativePriceValue": "119",
    "exchangeName": "PumpSwap",
    "exchangeAddress": "pAMMBay6oceH9fJKBRHGP5D4bD4sWpmSwMn52FMfXEA",
    "firstSwapTimestamp": "2025-07-12T14:41:54+00:00",
    "firstSwapType": "buy",
    "firstBuyerOrSeller": "BRhdRhMdco7r9pioebHypFb8ha9yXtF7MGLRTWfBodLs",
    "firstTradeValueUsd": 1.59e-07
}