{
    "label": 63,
    "mint": "2jgViggLeBZjBYHeCs6Vrj3jR3axVDxMLtYVCXofpump",
    "name": "shamate",
    "symbol": "\u6740\u9a6c\u7279",
    "decimals": "6",
    "totalSupply": "603060508044",
    "totalSupplyFormatted": "603060.508044",
    "sellerFeeBasisPoints": 0,
    "isMutable": false,
    "primarySaleHappened": 0,
    "updateAuthority": "BhD7gvW6DojSFaTsnh72Q82qASks24XSfS6sM6xJe3be",
    "usdPrice": 1.0165e-05,
    "nativePriceValue": "66.5036",
    "exchangeName": "PumpSwap",
    "exchangeAddress": "pAMMBay6oceH9fJKBRHGP5D4bD4sWpmSwMn52FMfXEA",
    "firstSwapTimestamp": "2025-07-07T07:56:58+00:00",
    "firstSwapType": "buy",
    "firstBuyerOrSeller": "DHWQyuY3sUfNnucLziaQpKfbpFxN1tdbj3XTPQ7ghBrw",
    "firstTradeValueUsd": 0.380144107
}