{
    "label": 63,
    "mint": "4V2jCtvhHngwyuGV6UH1s54tc1R7sP5TuFvntUFBpump",
    "name": "GorCasino",
    "symbol": "GORC",
    "decimals": "6",
    "totalSupply": "999924444470072",
    "totalSupplyFormatted": "999924444.470072",
    "sellerFeeBasisPoints": 0,
    "isMutable": true,
    "primarySaleHappened": 0,
    "updateAuthority": "EqZQqvxzS9Sb3PP59PeKAoYumi4VfHr1bEmg9ivjZJtg",
    "usdPrice": 5.0878e-05,
    "nativePriceValue": "373",
    "exchangeName": "PumpSwap",
    "exchangeAddress": "pAMMBay6oceH9fJKBRHGP5D4bD4sWpmSwMn52FMfXEA",
    "firstSwapTimestamp": "2025-06-22T06:38:41+00:00",
    "firstSwapType": "buy",
    "firstBuyerOrSeller": "pMbNzWqcxoxecC19G9qguCh3z6o5ZgoG58NQGnA6Kd4",
    "firstTradeValueUsd": 1.358501968
}