{
    "label": 61,
    "mint": "2ZNtgh97VubhjUe9hYw8aujVUpMtZqdmRgEZTNtCpump",
    "name": "\u2122",
    "symbol": "\u2122",
    "decimals": "6",
    "totalSupply": "2196795830003",
    "totalSupplyFormatted": "2196795.830003",
    "sellerFeeBasisPoints": 0,
    "isMutable": false,
    "primarySaleHappened": 0,
    "updateAuthority": "ERy6KwBjaW9WHW63Pyvj7jeH7gokkcsEZAT45QBqvmFv",
    "usdPrice": 7.95e-06,
    "nativePriceValue": "53.8737",
    "exchangeName": "PumpSwap",
    "exchangeAddress": "pAMMBay6oceH9fJKBRHGP5D4bD4sWpmSwMn52FMfXEA",
    "firstSwapTimestamp": "2025-07-06T08:56:38+00:00",
    "firstSwapType": "buy",
    "firstBuyerOrSeller": "ERy6KwBjaW9WHW63Pyvj7jeH7gokkcsEZAT45QBqvmFv",
    "firstTradeValueUsd": 1.47e-07
}