{
    "label": 63,
    "mint": "4GmkmQNKYguYcjtF4pSA3QP7jD1ffCvkhCrHp4Aupump",
    "name": "Jackpot coin",
    "symbol": "JACKPOT",
    "decimals": "6",
    "totalSupply": "573145713846",
    "totalSupplyFormatted": "573145.713846",
    "sellerFeeBasisPoints": 0,
    "isMutable": false,
    "primarySaleHappened": 0,
    "updateAuthority": "GWmswjvyU7H47D2RA6Up74nQVbSwSDmPhBzEBB8mPrj2",
    "usdPrice": 1.0661e-05,
    "nativePriceValue": "65.6254",
    "exchangeName": "PumpSwap",
    "exchangeAddress": "pAMMBay6oceH9fJKBRHGP5D4bD4sWpmSwMn52FMfXEA",
    "firstSwapTimestamp": "2025-07-12T09:24:17+00:00",
    "firstSwapType": "buy",
    "firstBuyerOrSeller": "GWmswjvyU7H47D2RA6Up74nQVbSwSDmPhBzEBB8mPrj2",
    "firstTradeValueUsd": 1.62e-07
}