{
    "label": 63,
    "mint": "2CGZbNf6PYor9WciEgWcpWXvJmHCHbnfZfsUuBQspump",
    "name": "solsage",
    "symbol": "solsage",
    "decimals": "6",
    "totalSupply": "999914188340130",
    "totalSupplyFormatted": "999914188.34013",
    "sellerFeeBasisPoints": 0,
    "isMutable": true,
    "primarySaleHappened": 0,
    "updateAuthority": "9T5fQQ5BnJjNkKBLGim9GBeKF3xPrFA4zqqaSjsQ8ith",
    "usdPrice": 2.4053e-05,
    "nativePriceValue": "167",
    "exchangeName": "PumpSwap",
    "exchangeAddress": "pAMMBay6oceH9fJKBRHGP5D4bD4sWpmSwMn52FMfXEA",
    "firstSwapTimestamp": "2025-06-24T20:11:59+00:00",
    "firstSwapType": "buy",
    "firstBuyerOrSeller": "75EWQWWVhNT3Ef54QycSpq8tctc66r2im5E2jD7bBUFS",
    "firstTradeValueUsd": 0.643582297
}