{
    "label": 62,
    "mint": "2auwp48j6nfCN1UL9HdETFk5P6ou9ZbsZ9PJChSmpump",
    "name": "kia the stonks kitty",
    "symbol": "kia",
    "decimals": "6",
    "totalSupply": "999998948888562",
    "totalSupplyFormatted": "999998948.888562",
    "sellerFeeBasisPoints": 0,
    "isMutable": true,
    "primarySaleHappened": 0,
    "updateAuthority": "3HeCFUUp6gpuZjcXXZY5uD4ufyNZCha5TsU855hHbDKb",
    "usdPrice": 0.000103146,
    "nativePriceValue": "697",
    "exchangeName": "PumpSwap",
    "exchangeAddress": "pAMMBay6oceH9fJKBRHGP5D4bD4sWpmSwMn52FMfXEA",
    "firstSwapTimestamp": "2025-07-01T15:16:17+00:00",
    "firstSwapType": "buy",
    "firstBuyerOrSeller": "9bHBfnrJ2gro41BqdKx6ebPD5Cf74UyWf3kfD5FceJi1",
    "firstTradeValueUsd": 1.468449006
}