{
    "label": 62,
    "mint": "38oy7uZU9JAjQptqdMKtXaK6EUoUEu6E9msY3S6spump",
    "name": "First GIF",
    "symbol": "GIF",
    "decimals": "6",
    "totalSupply": "999984764040209",
    "totalSupplyFormatted": "999984764.040209",
    "sellerFeeBasisPoints": 0,
    "isMutable": true,
    "primarySaleHappened": 0,
    "updateAuthority": "4kTptP3nEaok6x4rHUb5y67288iDSo1ACtSeMEtfm1Yz",
    "usdPrice": 0.000214157,
    "nativePriceValue": "1486",
    "exchangeName": "PumpSwap",
    "exchangeAddress": "pAMMBay6oceH9fJKBRHGP5D4bD4sWpmSwMn52FMfXEA",
    "firstSwapTimestamp": "2025-06-24T19:50:58+00:00",
    "firstSwapType": "buy",
    "firstBuyerOrSeller": "97TjdjQr6vQZ6YTFZ4Ux5wPsCPGjNHTbURmJGsJdxdry",
    "firstTradeValueUsd": 14.279274095
}