{
    "label": 62,
    "mint": "143tkcwusaCghFDsE1RLC4DfHo1WeiandDTy8QBUpump",
    "name": "King Of The United States",
    "symbol": "KOTUS",
    "decimals": "6",
    "totalSupply": "21699168084",
    "totalSupplyFormatted": "21699.168084",
    "sellerFeeBasisPoints": 0,
    "isMutable": false,
    "primarySaleHappened": 0,
    "updateAuthority": "DHtL4831FfjfQVNjA6ngF8D7csx31FQQD7kiUcaGLF3U",
    "usdPrice": 5.4484e-05,
    "nativePriceValue": "336",
    "exchangeName": "PumpSwap",
    "exchangeAddress": "pAMMBay6oceH9fJKBRHGP5D4bD4sWpmSwMn52FMfXEA",
    "firstSwapTimestamp": "2025-06-25T15:09:27+00:00",
    "firstSwapType": "buy",
    "firstBuyerOrSeller": "cakewAiZcEFuE3YjRd6KzBVqdpykNCZupJxdft7u5vW",
    "firstTradeValueUsd": 0.009284772
}