{
    "label": 64,
    "mint": "2TYm5jShmkGVDF2SkgJKUHeNfqMqucwH9BdCmxpUpump",
    "name": "Solama",
    "symbol": "Solama",
    "decimals": "6",
    "totalSupply": "999999153665580",
    "totalSupplyFormatted": "999999153.66558",
    "sellerFeeBasisPoints": 0,
    "isMutable": true,
    "primarySaleHappened": 0,
    "updateAuthority": "6Feb6zmjCsypSReLh53oSR653yidRiJ5KdTjzJ2ecP9S",
    "usdPrice": 9.1559e-05,
    "nativePriceValue": "626",
    "exchangeName": "PumpSwap",
    "exchangeAddress": "pAMMBay6oceH9fJKBRHGP5D4bD4sWpmSwMn52FMfXEA",
    "firstSwapTimestamp": "2025-06-25T00:36:49+00:00",
    "firstSwapType": "buy",
    "firstBuyerOrSeller": "3vmYPBawthRwNBUGjbKYxqbdPN3YUgfcaoiqbSydEUrh",
    "firstTradeValueUsd": 14.483052393
}