{
    "label": 63,
    "mint": "2q18vsrZkxk5yfFSx5qruzqk44R5PAZMPWT25BAcpump",
    "name": "No gods or kings, only man",
    "symbol": "NGOKOM",
    "decimals": "6",
    "totalSupply": "999916753895446",
    "totalSupplyFormatted": "999916753.895446",
    "sellerFeeBasisPoints": 0,
    "isMutable": true,
    "primarySaleHappened": 0,
    "updateAuthority": "GXKRUrm7xDwaxv1uEiKXAy8bzYWpm1WiyXgHvYCLYcuE",
    "usdPrice": 3.3466e-05,
    "nativePriceValue": "212",
    "exchangeName": "PumpSwap",
    "exchangeAddress": "pAMMBay6oceH9fJKBRHGP5D4bD4sWpmSwMn52FMfXEA",
    "firstSwapTimestamp": "2025-06-16T05:28:46+00:00",
    "firstSwapType": "buy",
    "firstBuyerOrSeller": "HANpoCWCX4ov4bPomcwWi3RsCnDdeDDtRiS48g2eoWua",
    "firstTradeValueUsd": 1.570672853
}