{
    "label": 63,
    "mint": "4a75bzWtNbBCoieqX9fMWKBPAH9nrJkqHcHYZxHFpump",
    "name": "Justice for Pishi",
    "symbol": "PISHI",
    "decimals": "6",
    "totalSupply": "999931541927108",
    "totalSupplyFormatted": "999931541.927108",
    "sellerFeeBasisPoints": 0,
    "isMutable": true,
    "primarySaleHappened": 0,
    "updateAuthority": "5CxVRKZ9Lz4X8xXKYjfmAqgh421DJ1N6vbhVqgLTCqTm",
    "usdPrice": 4.6983e-05,
    "nativePriceValue": "309",
    "exchangeName": "PumpSwap",
    "exchangeAddress": "pAMMBay6oceH9fJKBRHGP5D4bD4sWpmSwMn52FMfXEA",
    "firstSwapTimestamp": "2025-06-15T22:55:05+00:00",
    "firstSwapType": "buy",
    "firstBuyerOrSeller": "Gd4w6EZcbYRC9K8ofXqpeagNCAKYdQLfsNPeRnH1wR3C",
    "firstTradeValueUsd": 15.155941795
}