{
    "label": 64,
    "mint": "3SN6P2VhiHmaBB8WdV8GAGMHLcCVv6rZJY4fdkiPpump",
    "name": "CRAZY FROG",
    "symbol": "\u795e\u7ecf\u86d9",
    "decimals": "6",
    "totalSupply": "999770276319754",
    "totalSupplyFormatted": "999770276.319754",
    "sellerFeeBasisPoints": 0,
    "isMutable": true,
    "primarySaleHappened": 0,
    "updateAuthority": "FMsnHf4CmTVG1dPZpQqFTiCronwWCW3t7e5kCxqBCUFz",
    "usdPrice": 5.2202e-05,
    "nativePriceValue": "361",
    "exchangeName": "PumpSwap",
    "exchangeAddress": "pAMMBay6oceH9fJKBRHGP5D4bD4sWpmSwMn52FMfXEA",
    "firstSwapTimestamp": "2025-06-26T09:13:02+00:00",
    "firstSwapType": "buy",
    "firstBuyerOrSeller": "2jYSccZUuXM4TY2y2641PB5zV65BSqjkfshWukL8QPkP",
    "firstTradeValueUsd": 1.437549153
}