{
    "label": 63,
    "mint": "3gkQPUQbs8kn3YDbnqCrc3TVpupCAq2JAhFzCpkYpump",
    "name": "Froggo",
    "symbol": "Froggo",
    "decimals": "6",
    "totalSupply": "999969108196996",
    "totalSupplyFormatted": "999969108.196996",
    "sellerFeeBasisPoints": 0,
    "isMutable": true,
    "primarySaleHappened": 0,
    "updateAuthority": "Moahyd3TJcx74v67znTJHLME3oBYLo1Eayzrfzf6D31",
    "usdPrice": 0.000116328,
    "nativePriceValue": "811",
    "exchangeName": "PumpSwap",
    "exchangeAddress": "pAMMBay6oceH9fJKBRHGP5D4bD4sWpmSwMn52FMfXEA",
    "firstSwapTimestamp": "2025-06-28T04:50:07+00:00",
    "firstSwapType": "buy",
    "firstBuyerOrSeller": "2JUU74qA5BCWSjBfggLcxMfypbzEeawqMpuhWpqV3zZn",
    "firstTradeValueUsd": 1.432344223
}