{
    "label": 64,
    "mint": "2w4HsMRRAp4KNvQdvNd3JNnwCp7a9ieeWGbCazJxpump",
    "name": "Useless States of America",
    "symbol": "USA",
    "decimals": "6",
    "totalSupply": "999868251335758",
    "totalSupplyFormatted": "999868251.335758",
    "sellerFeeBasisPoints": 0,
    "isMutable": true,
    "primarySaleHappened": 0,
    "updateAuthority": "j44C1yLYszNY1yC4zG1UUmfizmeuwDyQNPm1jMkZB6E",
    "usdPrice": 2.6007e-05,
    "nativePriceValue": "170",
    "exchangeName": "PumpSwap",
    "exchangeAddress": "pAMMBay6oceH9fJKBRHGP5D4bD4sWpmSwMn52FMfXEA",
    "firstSwapTimestamp": "2025-07-03T21:20:59+00:00",
    "firstSwapType": "buy",
    "firstBuyerOrSeller": "BUq41XLEwdxB5VGk8ko8Mk7F2RMGEzSoct8Gf8MqeFXg",
    "firstTradeValueUsd": 1.376422665
}