{
    "label": 63,
    "mint": "3SNbbYWuwXaR9shkqevR4sA5qVuUBRskJmGUwqjWpump",
    "name": "#1 weapon",
    "symbol": "MEDIA",
    "decimals": "6",
    "totalSupply": "999999143841454",
    "totalSupplyFormatted": "999999143.841454",
    "sellerFeeBasisPoints": 0,
    "isMutable": true,
    "primarySaleHappened": 0,
    "updateAuthority": "7WVMxV3YT9d3YSZnsbgC8m1ik3WFzdsdJAZJCE1Qzq3S",
    "usdPrice": 5.0571e-05,
    "nativePriceValue": "341",
    "exchangeName": "PumpSwap",
    "exchangeAddress": "pAMMBay6oceH9fJKBRHGP5D4bD4sWpmSwMn52FMfXEA",
    "firstSwapTimestamp": "2025-06-18T01:51:28+00:00",
    "firstSwapType": "buy",
    "firstBuyerOrSeller": "2jYSccZUuXM4TY2y2641PB5zV65BSqjkfshWukL8QPkP",
    "firstTradeValueUsd": 1.475685064
}