{
    "label": 62,
    "mint": "2S334z9uPmVk6TYMMi5W7qLM6GuUJgepiDJYcCKZpump",
    "name": "Launch On Pump",
    "symbol": "LAUNCH",
    "decimals": "6",
    "totalSupply": "664348812179",
    "totalSupplyFormatted": "664348.812179",
    "sellerFeeBasisPoints": 0,
    "isMutable": false,
    "primarySaleHappened": 0,
    "updateAuthority": "BumTi8SUNLv8x5XmstWx91N1HeMywFG9VuGRmi8587y7",
    "usdPrice": 1.089e-05,
    "nativePriceValue": "70.897",
    "exchangeName": "PumpSwap",
    "exchangeAddress": "pAMMBay6oceH9fJKBRHGP5D4bD4sWpmSwMn52FMfXEA",
    "firstSwapTimestamp": "2025-07-09T17:31:46+00:00",
    "firstSwapType": "buy",
    "firstBuyerOrSeller": "BumTi8SUNLv8x5XmstWx91N1HeMywFG9VuGRmi8587y7",
    "firstTradeValueUsd": 1.53e-07
}