{
    "label": 65,
    "mint": "3tYYbQ7iwJPcaGeek3vznoatRFVneRv15gZtQHZLpump",
    "name": "Stop Killing Games",
    "symbol": "SKG",
    "decimals": "6",
    "totalSupply": "999618355205131",
    "totalSupplyFormatted": "999618355.205131",
    "sellerFeeBasisPoints": 0,
    "isMutable": true,
    "primarySaleHappened": 0,
    "updateAuthority": "2zZfoDDikp8Y1TpzPC7BvYQgCpxxWHShGm1ef2JqANEc",
    "usdPrice": 3.0706e-05,
    "nativePriceValue": "206",
    "exchangeName": "PumpSwap",
    "exchangeAddress": "pAMMBay6oceH9fJKBRHGP5D4bD4sWpmSwMn52FMfXEA",
    "firstSwapTimestamp": "2025-07-01T12:22:38+00:00",
    "firstSwapType": "buy",
    "firstBuyerOrSeller": "9bHBfnrJ2gro41BqdKx6ebPD5Cf74UyWf3kfD5FceJi1",
    "firstTradeValueUsd": 1.48184897
}