{
    "label": 80,
    "mint": "2AfZtVkbuCdUtEs6B9Hk1Ck4P6adA76yGiRz4nASpump",
    "name": "Jupiter Cat",
    "symbol": "JUPCAT",
    "decimals": "6",
    "totalSupply": "999996982597952",
    "totalSupplyFormatted": "999996982.597952",
    "sellerFeeBasisPoints": 0,
    "isMutable": true,
    "primarySaleHappened": 0,
    "updateAuthority": "3oSP3nimwT2U9gte5JpP6juEcQbw1GVhtkRfzGZt3gqw",
    "usdPrice": 5.3917e-05,
    "nativePriceValue": "351",
    "exchangeName": "PumpSwap",
    "exchangeAddress": "pAMMBay6oceH9fJKBRHGP5D4bD4sWpmSwMn52FMfXEA",
    "firstSwapTimestamp": "2025-07-02T21:11:08+00:00",
    "firstSwapType": "buy",
    "firstBuyerOrSeller": "76NMKsKmTf4p93tik1rjsFZY8LTRbD6zwsbMqZhKZDAP",
    "firstTradeValueUsd": 1.52871928
}