{
    "label": 66,
    "mint": "2ZZLHEL7X17DD5qV6u1wvsoxP6UoMz45eQjMR4gFpump",
    "name": "THE MISSING 2.5%",
    "symbol": "2.5%",
    "decimals": "6",
    "totalSupply": "1418171595924",
    "totalSupplyFormatted": "1418171.595924",
    "sellerFeeBasisPoints": 0,
    "isMutable": false,
    "primarySaleHappened": 0,
    "updateAuthority": "Gs2huaaQB13BmtKXnGpQ1eTmjTeTF4nAgvL9fs9KiQqz",
    "usdPrice": 1.9933e-05,
    "nativePriceValue": "125",
    "exchangeName": "PumpSwap",
    "exchangeAddress": "pAMMBay6oceH9fJKBRHGP5D4bD4sWpmSwMn52FMfXEA",
    "firstSwapTimestamp": "2025-07-12T15:29:26+00:00",
    "firstSwapType": "buy",
    "firstBuyerOrSeller": "Gs2huaaQB13BmtKXnGpQ1eTmjTeTF4nAgvL9fs9KiQqz",
    "firstTradeValueUsd": 1.58e-07
}