{
    "label": 63,
    "mint": "2knJjAdWb9DnvSNWq7x4SRhDe8T9cAhA8HZFiQr5pump",
    "name": "gorbagana wif hat",
    "symbol": "gif",
    "decimals": "6",
    "totalSupply": "999811918285662",
    "totalSupplyFormatted": "999811918.285662",
    "sellerFeeBasisPoints": 0,
    "isMutable": true,
    "primarySaleHappened": 0,
    "updateAuthority": "6C21AHTvDBY8vapuvwMgiFjQ3tjyS6qb3ArR4ocDfUDH",
    "usdPrice": 1.2673e-05,
    "nativePriceValue": "86.4304",
    "exchangeName": "PumpSwap",
    "exchangeAddress": "pAMMBay6oceH9fJKBRHGP5D4bD4sWpmSwMn52FMfXEA",
    "firstSwapTimestamp": "2025-06-19T22:06:44+00:00",
    "firstSwapType": "buy",
    "firstBuyerOrSeller": "CUUYAFDT1d88wWqvBC2WtL3UsXZdoyTYZ3y9zmMf29oT",
    "firstTradeValueUsd": 2.604515069
}