{
    "label": 67,
    "mint": "4GwQitbvzKTkRVbJLq1WMJohwSvY1x2XZRZ4AwuUpump",
    "name": "Just a peace guy",
    "symbol": "PEACEGUY",
    "decimals": "6",
    "totalSupply": "999998951329842",
    "totalSupplyFormatted": "999998951.329842",
    "sellerFeeBasisPoints": 0,
    "isMutable": true,
    "primarySaleHappened": 0,
    "updateAuthority": "GbzQNp1y2oRs9fKR664Ms3qHJHfDDGZ5Mo3Rqt5efn5p",
    "usdPrice": 9.355e-05,
    "nativePriceValue": "652",
    "exchangeName": "PumpSwap",
    "exchangeAddress": "pAMMBay6oceH9fJKBRHGP5D4bD4sWpmSwMn52FMfXEA",
    "firstSwapTimestamp": "2025-06-14T16:57:58+00:00",
    "firstSwapType": "buy",
    "firstBuyerOrSeller": "ASDqD4qZLZiG9pUgEZRs2XX3meHbd6cnuvQriEz7koX9",
    "firstTradeValueUsd": 1.359438831
}