{
    "label": 37,
    "mint": "2tjugXjd7iKwuEUxh9JCNmLcazMRGV3ZQEkBiXjppump",
    "name": "Space Coin",
    "symbol": "SPX",
    "decimals": "6",
    "totalSupply": "999999999069462",
    "totalSupplyFormatted": "999999999.069462",
    "sellerFeeBasisPoints": 0,
    "isMutable": false,
    "primarySaleHappened": 0,
    "updateAuthority": "WLHv2UAZm6z4KyaaELi5pjdbJh6RESMva1Rnn8pJVVh",
    "usdPrice": 4.37e-06,
    "nativePriceValue": "27.6635",
    "exchangeName": "Raydium",
    "exchangeAddress": "LanMV9sAd7wArD4vJFi2qDdfnVhFxYSUg6eADduJ3uj",
    "firstSwapTimestamp": "2025-07-10T03:07:53+00:00",
    "firstSwapType": "buy",
    "firstBuyerOrSeller": "99p2PSnGDwDGazQo1ZDdfx1CdR8Y5HaiiW7swfNR6yYc",
    "firstTradeValueUsd": 139.105303434
}