{
    "label": 63,
    "mint": "4Ee4cuHwXgpQnxvkYLnW6LTrRJoN5sCFzCQqf4MNpump",
    "name": "Trump Cycle",
    "symbol": "TrumpCycle",
    "decimals": "6",
    "totalSupply": "999997278002807",
    "totalSupplyFormatted": "999997278.002807",
    "sellerFeeBasisPoints": 0,
    "isMutable": true,
    "primarySaleHappened": 0,
    "updateAuthority": "6Jf4RSa8HqxQcv1674GmWKZPeSL58moTVp6LoweJfSx9",
    "usdPrice": 8.4724e-05,
    "nativePriceValue": "587",
    "exchangeName": "PumpSwap",
    "exchangeAddress": "pAMMBay6oceH9fJKBRHGP5D4bD4sWpmSwMn52FMfXEA",
    "firstSwapTimestamp": "2025-06-24T12:27:28+00:00",
    "firstSwapType": "buy",
    "firstBuyerOrSeller": "4x5Uj5iyWvwJ92XFNeE5bEkFLQ3Q5i5rAK1P779VMPHj",
    "firstTradeValueUsd": 1.89687086
}