{
    "label": 62,
    "mint": "26b7Xf2Sj4UdhGrGG59WT427YT53VVeAX8Gx7dzzpump",
    "name": "Diogo Jota",
    "symbol": "Diogo Jota",
    "decimals": "6",
    "totalSupply": "999999513502828",
    "totalSupplyFormatted": "999999513.502828",
    "sellerFeeBasisPoints": 0,
    "isMutable": true,
    "primarySaleHappened": 0,
    "updateAuthority": "AJ8DPGcm1LJxpW76qGFzFGpMLuUBJTLzpUJhkEJAhPLV",
    "usdPrice": 8.369e-05,
    "nativePriceValue": "542",
    "exchangeName": "PumpSwap",
    "exchangeAddress": "pAMMBay6oceH9fJKBRHGP5D4bD4sWpmSwMn52FMfXEA",
    "firstSwapTimestamp": "2025-07-03T11:37:44+00:00",
    "firstSwapType": "buy",
    "firstBuyerOrSeller": "9bHBfnrJ2gro41BqdKx6ebPD5Cf74UyWf3kfD5FceJi1",
    "firstTradeValueUsd": 1.541658054
}