{
    "label": 63,
    "mint": "2z9MFRUJydmjLho698NtDdHSMqLDSapnmBPi9dGnpump",
    "name": "Allegiant Alliance for America",
    "symbol": "AAFA",
    "decimals": "6",
    "totalSupply": "16525392653095",
    "totalSupplyFormatted": "16525392.653095",
    "sellerFeeBasisPoints": 0,
    "isMutable": false,
    "primarySaleHappened": 0,
    "updateAuthority": "DgqvynVYPSjrkvfx7h684rXKco3EJmhG3hzn2BBRr267",
    "usdPrice": 3.51e-07,
    "nativePriceValue": "2.3905",
    "exchangeName": "PumpSwap",
    "exchangeAddress": "pAMMBay6oceH9fJKBRHGP5D4bD4sWpmSwMn52FMfXEA",
    "firstSwapTimestamp": "2025-07-05T20:17:11+00:00",
    "firstSwapType": "buy",
    "firstBuyerOrSeller": "DgqvynVYPSjrkvfx7h684rXKco3EJmhG3hzn2BBRr267",
    "firstTradeValueUsd": 1.46e-07
}