{
    "label": 75,
    "mint": "42pxmYVyiVwMS8nmzVNHMoBZwQqX3BEkBf31Hymxpump",
    "name": "TRUMPEDO",
    "symbol": "TRUMPEDO",
    "decimals": "6",
    "totalSupply": "999906484310482",
    "totalSupplyFormatted": "999906484.310482",
    "sellerFeeBasisPoints": 0,
    "isMutable": true,
    "primarySaleHappened": 0,
    "updateAuthority": "6V2QwBfj1whUUck1Yk8srtedKkSrEuUK6MM8MSEFqXqb",
    "usdPrice": 3.7773e-05,
    "nativePriceValue": "256",
    "exchangeName": "PumpSwap",
    "exchangeAddress": "pAMMBay6oceH9fJKBRHGP5D4bD4sWpmSwMn52FMfXEA",
    "firstSwapTimestamp": "2025-06-13T22:39:35+00:00",
    "firstSwapType": "buy",
    "firstBuyerOrSeller": "Cd3UHZDauHCQGKycM5uQAhWWGauf66SGBNoaqYy64Na8",
    "firstTradeValueUsd": 14.686849298
}