{
    "label": 74,
    "mint": "3r5g7nZVmAsncUXWcAqtVQRf4ZdxrD5WDXBKVUMDpump",
    "name": "Super Gorbagana World",
    "symbol": "SuperGor",
    "decimals": "6",
    "totalSupply": "999999218534074",
    "totalSupplyFormatted": "999999218.534074",
    "sellerFeeBasisPoints": 0,
    "isMutable": true,
    "primarySaleHappened": 0,
    "updateAuthority": "4NAvaXUs7beYR5PvF3P5jiLrBvXWeiyTTmxkfByJEWYe",
    "usdPrice": 2.4258e-05,
    "nativePriceValue": "168",
    "exchangeName": "PumpSwap",
    "exchangeAddress": "pAMMBay6oceH9fJKBRHGP5D4bD4sWpmSwMn52FMfXEA",
    "firstSwapTimestamp": "2025-06-24T08:33:10+00:00",
    "firstSwapType": "buy",
    "firstBuyerOrSeller": "6wCyjjcaRjYWQZcgtqD4qZ1KgoMMfxNCt1opDBGXPHvi",
    "firstTradeValueUsd": 1.153367208
}