{
    "label": 64,
    "mint": "3pKhHYv8pfkgvXYwhm2Fb7qeWSbLzwa4uzWSqofcpump",
    "name": "MORI",
    "symbol": "MORI",
    "decimals": "6",
    "totalSupply": "999332747818046",
    "totalSupplyFormatted": "999332747.818046",
    "sellerFeeBasisPoints": 0,
    "isMutable": true,
    "primarySaleHappened": 0,
    "updateAuthority": "13YaoXfyifpoGLE8HM1ekRu1sZVqpkKEcxuAmhZDK3ii",
    "usdPrice": 0.011762524,
    "nativePriceValue": "82046",
    "exchangeName": "PumpSwap",
    "exchangeAddress": "pAMMBay6oceH9fJKBRHGP5D4bD4sWpmSwMn52FMfXEA",
    "firstSwapTimestamp": "2025-06-25T23:39:17+00:00",
    "firstSwapType": "buy",
    "firstBuyerOrSeller": "BzQPrs33w1CxYoVNaSgahCC4N2TyHAVbWfy4v6WT3vCa",
    "firstTradeValueUsd": 14.277240071
}