{
    "label": 63,
    "mint": "2EWFUY6XMkfdU7vXnfRdp4Prvmy2LuSRZzG1Nvxppump",
    "name": "PRISMA",
    "symbol": "PRISMA",
    "decimals": "6",
    "totalSupply": "999913164577624",
    "totalSupplyFormatted": "999913164.577624",
    "sellerFeeBasisPoints": 0,
    "isMutable": true,
    "primarySaleHappened": 0,
    "updateAuthority": "4rMmGQCoRuBahaoRp5hsp8tTgJetByYVKUoVjGCzBa4B",
    "usdPrice": 9.0458e-05,
    "nativePriceValue": "592",
    "exchangeName": "PumpSwap",
    "exchangeAddress": "pAMMBay6oceH9fJKBRHGP5D4bD4sWpmSwMn52FMfXEA",
    "firstSwapTimestamp": "2025-07-03T21:13:44+00:00",
    "firstSwapType": "buy",
    "firstBuyerOrSeller": "9bHBfnrJ2gro41BqdKx6ebPD5Cf74UyWf3kfD5FceJi1",
    "firstTradeValueUsd": 1.525133106
}