{
    "label": 63,
    "mint": "2vHS825sLL6DnNgZvFfRcPhJAzrCYKu36JUFR5C5pump",
    "name": "PORK INDEX 6900",
    "symbol": "PORK6900",
    "decimals": "6",
    "totalSupply": "999947942204071",
    "totalSupplyFormatted": "999947942.204071",
    "sellerFeeBasisPoints": 0,
    "isMutable": true,
    "primarySaleHappened": 0,
    "updateAuthority": "PtEZYeseEtE4WeyAFZVJpX7VhnGBNkUs7ovVHwWMLjr",
    "usdPrice": 3.7534e-05,
    "nativePriceValue": "245",
    "exchangeName": "PumpSwap",
    "exchangeAddress": "pAMMBay6oceH9fJKBRHGP5D4bD4sWpmSwMn52FMfXEA",
    "firstSwapTimestamp": "2025-07-03T22:22:00+00:00",
    "firstSwapType": "buy",
    "firstBuyerOrSeller": "2po6esA2yWBvUroxbrBk5pJGoVPpwi2o7mSNL377VuKJ",
    "firstTradeValueUsd": 1.524739642
}