{
    "label": 36,
    "mint": "4JrXttszy5KG2dExvrd1xBajhY7DugXHPopZd47Mpump",
    "name": "XAI DANCING DOGE",
    "symbol": "ZENSOKU",
    "decimals": "6",
    "totalSupply": "998917851563845",
    "totalSupplyFormatted": "998917851.563845",
    "sellerFeeBasisPoints": 0,
    "isMutable": true,
    "primarySaleHappened": 0,
    "updateAuthority": "kh2dpUpHbYxB8bCtvZhPaXPheoNY3j1SxVN4H1Zjxp7",
    "usdPrice": 1.56e-15,
    "nativePriceValue": "1.0224e-8",
    "exchangeName": "PumpSwap",
    "exchangeAddress": "pAMMBay6oceH9fJKBRHGP5D4bD4sWpmSwMn52FMfXEA",
    "firstSwapTimestamp": "2025-06-16T00:17:23+00:00",
    "firstSwapType": "buy",
    "firstBuyerOrSeller": "3joKYvUT7hRFNUBdX1e1TfGhJrGMtWYWs147TnUTQeh3",
    "firstTradeValueUsd": 1.522871194
}