{
    "label": 36,
    "mint": "14qY69ivvPkQk9XNaHYrdyjSzrJxhMEgahKhC3q9pump",
    "name": "Dould",
    "symbol": "DOULD",
    "decimals": "6",
    "totalSupply": "3784463709",
    "totalSupplyFormatted": "3784.463709",
    "sellerFeeBasisPoints": 0,
    "isMutable": false,
    "primarySaleHappened": 0,
    "updateAuthority": "9VyA74raC55xzaotmNU5C3KhEjUBUXk9C5vTaTAzyPv5",
    "usdPrice": 5.499e-06,
    "nativePriceValue": "34.0071",
    "exchangeName": "PumpSwap",
    "exchangeAddress": "pAMMBay6oceH9fJKBRHGP5D4bD4sWpmSwMn52FMfXEA",
    "firstSwapTimestamp": "2025-06-21T23:03:10+00:00",
    "firstSwapType": "buy",
    "firstBuyerOrSeller": "27HFmP7ccLadGswvQfvea4o3juLw75cPF4V6jWpHM3MX",
    "firstTradeValueUsd": 0.014067168
}