{
    "label": 67,
    "mint": "3gx9c3K59jKGxLNmaCfyMyBNn6wYeVhCJwken6qHpump",
    "name": "Fart Token",
    "symbol": "FRT",
    "decimals": "6",
    "totalSupply": "999999871626788",
    "totalSupplyFormatted": "999999871.626788",
    "sellerFeeBasisPoints": 0,
    "isMutable": false,
    "primarySaleHappened": 0,
    "updateAuthority": "FGM6eycYJojd2MbBHbv3Avw5M4VY124BTLq338UmFc23",
    "usdPrice": 0.006976478,
    "nativePriceValue": "44573",
    "exchangeName": "PumpSwap",
    "exchangeAddress": "pAMMBay6oceH9fJKBRHGP5D4bD4sWpmSwMn52FMfXEA",
    "firstSwapTimestamp": "2025-06-16T00:52:03+00:00",
    "firstSwapType": "buy",
    "firstBuyerOrSeller": "76JNaDQi8zT1CrqiPz4unuKi443Bpwob3CknXZtvxWmh",
    "firstTradeValueUsd": 2328.744239224
}