{
    "label": 29,
    "mint": "4STBrW2beNktz7LSJ117kx831fKMdSFCdRJSE867pump",
    "name": "perm",
    "symbol": "perm",
    "decimals": "6",
    "totalSupply": "1000000000000000",
    "totalSupplyFormatted": "1000000000",
    "sellerFeeBasisPoints": 0,
    "isMutable": false,
    "primarySaleHappened": 0,
    "updateAuthority": "WLHv2UAZm6z4KyaaELi5pjdbJh6RESMva1Rnn8pJVVh",
    "usdPrice": 4.564e-06,
    "nativePriceValue": "27.8117",
    "exchangeName": "Raydium",
    "exchangeAddress": "LanMV9sAd7wArD4vJFi2qDdfnVhFxYSUg6eADduJ3uj",
    "firstSwapTimestamp": "2025-07-11T17:56:13+00:00",
    "firstSwapType": "buy",
    "firstBuyerOrSeller": "3AB9KW9oab4UEkHYYfhy58t1aJTGCNsB4c4enbED1U5g",
    "firstTradeValueUsd": 59.164487722
}