{
    "label": 63,
    "mint": "2WVuZnGbAkUbA6jBM8SaSQbN5XyypLwhdXRiVWgqpump",
    "name": "JPMD",
    "symbol": "JPMD",
    "decimals": "6",
    "totalSupply": "999418802241174",
    "totalSupplyFormatted": "999418802.241174",
    "sellerFeeBasisPoints": 0,
    "isMutable": true,
    "primarySaleHappened": 0,
    "updateAuthority": "6uTM2q4xvW9SRXmQM2HipxNBGj3NMn5Y82QmGPBJNK7V",
    "usdPrice": 1.4336e-05,
    "nativePriceValue": "99.5161",
    "exchangeName": "PumpSwap",
    "exchangeAddress": "pAMMBay6oceH9fJKBRHGP5D4bD4sWpmSwMn52FMfXEA",
    "firstSwapTimestamp": "2025-06-26T00:16:00+00:00",
    "firstSwapType": "buy",
    "firstBuyerOrSeller": "BzQPrs33w1CxYoVNaSgahCC4N2TyHAVbWfy4v6WT3vCa",
    "firstTradeValueUsd": 14.354390905
}