{
    "label": 81,
    "mint": "4K7UDqZgHk9uNC5nHM8UNjXKTpRsdhm72gPVtwxcpump",
    "name": "Dadcoin",
    "symbol": "DADCOIN",
    "decimals": "6",
    "totalSupply": "999823220155972",
    "totalSupplyFormatted": "999823220.155972",
    "sellerFeeBasisPoints": 0,
    "isMutable": true,
    "primarySaleHappened": 0,
    "updateAuthority": "BD9vNVYffDL6hKCVNwxFam6AAqcszyxnUca2WLveQNZp",
    "usdPrice": 4.6223e-05,
    "nativePriceValue": "314",
    "exchangeName": "PumpSwap",
    "exchangeAddress": "pAMMBay6oceH9fJKBRHGP5D4bD4sWpmSwMn52FMfXEA",
    "firstSwapTimestamp": "2025-06-14T03:17:17+00:00",
    "firstSwapType": "buy",
    "firstBuyerOrSeller": "89FuDMzqFbUC4QHvvgARXXRkVdbjdKM3Fd9xKFYqAD5Q",
    "firstTradeValueUsd": 14.633209468
}