{
    "label": 63,
    "mint": "4gdFiMUNgwfNtZ6o4t1NeBU6oQtZ7cbhM6qb8jPupump",
    "name": "Scam Altman",
    "symbol": "SCAMAN",
    "decimals": "6",
    "totalSupply": "999959046899307",
    "totalSupplyFormatted": "999959046.899307",
    "sellerFeeBasisPoints": 0,
    "isMutable": true,
    "primarySaleHappened": 0,
    "updateAuthority": "3vYsswmsLJ3R7K4WWrcnEvy2QuHcNKHr5GFvAYG8k5CA",
    "usdPrice": 1.2047e-05,
    "nativePriceValue": "83.8504",
    "exchangeName": "PumpSwap",
    "exchangeAddress": "pAMMBay6oceH9fJKBRHGP5D4bD4sWpmSwMn52FMfXEA",
    "firstSwapTimestamp": "2025-06-19T16:42:32+00:00",
    "firstSwapType": "buy",
    "firstBuyerOrSeller": "DWWWLsCyfU7dEixzdqPPGmLZUVn8sRsMjzNbFFSHMrCc",
    "firstTradeValueUsd": 14.346985432
}