{
    "label": 63,
    "mint": "3Jhfqs5UnXAkmH9Yj81p8LPcHoE5kNCQb4sEf6Rfpump",
    "name": "eternal",
    "symbol": "ETE",
    "decimals": "6",
    "totalSupply": "999999351156597",
    "totalSupplyFormatted": "999999351.156597",
    "sellerFeeBasisPoints": 0,
    "isMutable": true,
    "primarySaleHappened": 0,
    "updateAuthority": "6hoNCA8F5ZKMm5U6iwUXi4MvLNK7h93jr3hZf2494A6y",
    "usdPrice": 8.1648e-05,
    "nativePriceValue": "590",
    "exchangeName": "PumpSwap",
    "exchangeAddress": "pAMMBay6oceH9fJKBRHGP5D4bD4sWpmSwMn52FMfXEA",
    "firstSwapTimestamp": "2025-06-21T19:06:55+00:00",
    "firstSwapType": "buy",
    "firstBuyerOrSeller": "5M1ogcHpMJPWwcuKmrmZB2Z4UtbTnSFyBtv7bgRkm2pv",
    "firstTradeValueUsd": 27.520132738
}