{
    "label": 36,
    "mint": "13wzBLUGzoVRKmXwQAPHWaCizSumWbpnnjv2TyY6pump",
    "name": "Giga Gor",
    "symbol": "GIGOR",
    "decimals": "6",
    "totalSupply": "7458063391008",
    "totalSupplyFormatted": "7458063.391008",
    "sellerFeeBasisPoints": 0,
    "isMutable": false,
    "primarySaleHappened": 0,
    "updateAuthority": "FqC9NCk13JGZpXWTNLRisdyCCYvEDCHWP9PcHw9off7Z",
    "usdPrice": 9.98e-11,
    "nativePriceValue": "0.00061596",
    "exchangeName": "PumpSwap",
    "exchangeAddress": "pAMMBay6oceH9fJKBRHGP5D4bD4sWpmSwMn52FMfXEA",
    "firstSwapTimestamp": "2025-06-21T10:02:38+00:00",
    "firstSwapType": "buy",
    "firstBuyerOrSeller": "27HFmP7ccLadGswvQfvea4o3juLw75cPF4V6jWpHM3MX",
    "firstTradeValueUsd": 0.014927574
}