{
    "label": 63,
    "mint": "4hbE8jgvMSYdfX98PNzTT2qXU5icrvThejev6sUepump",
    "name": "Hopeless Currency",
    "symbol": "FIAT",
    "decimals": "6",
    "totalSupply": "560799709990",
    "totalSupplyFormatted": "560799.70999",
    "sellerFeeBasisPoints": 0,
    "isMutable": false,
    "primarySaleHappened": 0,
    "updateAuthority": "8KvqWYYL3H1iDBfRVLyKmwZVwNucqqDDDRnBpPHqWDe6",
    "usdPrice": 9.458e-06,
    "nativePriceValue": "62.5431",
    "exchangeName": "PumpSwap",
    "exchangeAddress": "pAMMBay6oceH9fJKBRHGP5D4bD4sWpmSwMn52FMfXEA",
    "firstSwapTimestamp": "2025-07-07T01:45:53+00:00",
    "firstSwapType": "buy",
    "firstBuyerOrSeller": "8KvqWYYL3H1iDBfRVLyKmwZVwNucqqDDDRnBpPHqWDe6",
    "firstTradeValueUsd": 1.5e-07
}