{
    "label": 67,
    "mint": "31siQz857AARM8uaromZ2rYWcdC9V5zS2cdf8Kmspump",
    "name": "Epstein Island",
    "symbol": "Epstein",
    "decimals": "6",
    "totalSupply": "999752730431245",
    "totalSupplyFormatted": "999752730.431245",
    "sellerFeeBasisPoints": 0,
    "isMutable": true,
    "primarySaleHappened": 0,
    "updateAuthority": "CK6PPscu9X9MTMLEfnGC6mTMYuztfBYgiw3sQzjLiGpi",
    "usdPrice": 1.014293772,
    "nativePriceValue": "5247068",
    "exchangeName": "PumpSwap",
    "exchangeAddress": "pAMMBay6oceH9fJKBRHGP5D4bD4sWpmSwMn52FMfXEA",
    "firstSwapTimestamp": "2025-06-14T11:28:48+00:00",
    "firstSwapType": "buy",
    "firstBuyerOrSeller": "9D6XdJUTG2M4RoLH6av26oPooHLWadrDjRk9Fgd8JxK5",
    "firstTradeValueUsd": 2.909210676
}