{
    "label": 63,
    "mint": "2iFZfT5qh2cAEP59MTXB87GjaqagEQNn5qcPDEycpump",
    "name": "Magafication",
    "symbol": "magafy",
    "decimals": "6",
    "totalSupply": "999969460610386",
    "totalSupplyFormatted": "999969460.610386",
    "sellerFeeBasisPoints": 0,
    "isMutable": true,
    "primarySaleHappened": 0,
    "updateAuthority": "3soa1AUcQuxdf2dYKER82GZEwcY6zKTKz5aX67f3Yua9",
    "usdPrice": 9.6365e-05,
    "nativePriceValue": "651",
    "exchangeName": "PumpSwap",
    "exchangeAddress": "pAMMBay6oceH9fJKBRHGP5D4bD4sWpmSwMn52FMfXEA",
    "firstSwapTimestamp": "2025-07-01T17:31:26+00:00",
    "firstSwapType": "buy",
    "firstBuyerOrSeller": "4CkURTzxjqTMYJdhEckf7MwYDQWtMH1FiTtdoBPLhqNU",
    "firstTradeValueUsd": 14.751839712
}