{
    "label": 64,
    "mint": "2g3G2J5fJAx5eYcGFfbH6bpZvKfJ593QSEsLEHSfpump",
    "name": "First Ever Bitcoin Cat",
    "symbol": "NEKO",
    "decimals": "6",
    "totalSupply": "999999790204952",
    "totalSupplyFormatted": "999999790.204952",
    "sellerFeeBasisPoints": 0,
    "isMutable": true,
    "primarySaleHappened": 0,
    "updateAuthority": "AybzKGeeZhPSLKRunQobhBKJES7Qhq1jvpVYKDhaWoUz",
    "usdPrice": 0.00031606,
    "nativePriceValue": "2102",
    "exchangeName": "PumpSwap",
    "exchangeAddress": "pAMMBay6oceH9fJKBRHGP5D4bD4sWpmSwMn52FMfXEA",
    "firstSwapTimestamp": "2025-06-29T07:18:23+00:00",
    "firstSwapType": "buy",
    "firstBuyerOrSeller": "2MuYew3ZbmnUd4nydyk3YdJg8RLGXaa1wxiskiX4xACr",
    "firstTradeValueUsd": 2.68526952
}