{
    "label": 63,
    "mint": "2ZgA5etNir1Bmd5qBTF6BKJ7DafuHHpJVJVRM4cwpump",
    "name": "pumpcycle",
    "symbol": "pumpcycle",
    "decimals": "6",
    "totalSupply": "588215780673",
    "totalSupplyFormatted": "588215.780673",
    "sellerFeeBasisPoints": 0,
    "isMutable": false,
    "primarySaleHappened": 0,
    "updateAuthority": "9TfYWXjnjWRfZUqsbrZLNMRYKFg4ZYVexUYWMVKgnoci",
    "usdPrice": 1.1147e-05,
    "nativePriceValue": "69.8245",
    "exchangeName": "PumpSwap",
    "exchangeAddress": "pAMMBay6oceH9fJKBRHGP5D4bD4sWpmSwMn52FMfXEA",
    "firstSwapTimestamp": "2025-07-12T14:33:31+00:00",
    "firstSwapType": "buy",
    "firstBuyerOrSeller": "9TfYWXjnjWRfZUqsbrZLNMRYKFg4ZYVexUYWMVKgnoci",
    "firstTradeValueUsd": 1.59e-07
}