{
    "label": 80,
    "mint": "4SXXu5YwUsAxzkv4C5smo1nKPruxK362PxDDbJHXpump",
    "name": "Oil Strategic Reserve",
    "symbol": "OSR",
    "decimals": "6",
    "totalSupply": "999999105030596",
    "totalSupplyFormatted": "999999105.030596",
    "sellerFeeBasisPoints": 0,
    "isMutable": true,
    "primarySaleHappened": 0,
    "updateAuthority": "3oSP3nimwT2U9gte5JpP6juEcQbw1GVhtkRfzGZt3gqw",
    "usdPrice": 0.000252248,
    "nativePriceValue": "1621",
    "exchangeName": "PumpSwap",
    "exchangeAddress": "pAMMBay6oceH9fJKBRHGP5D4bD4sWpmSwMn52FMfXEA",
    "firstSwapTimestamp": "2025-07-03T10:00:51+00:00",
    "firstSwapType": "buy",
    "firstBuyerOrSeller": "DrGG6jyUaw1abp7TZBPDF8w5m64uZv1hopegK6J9LmBY",
    "firstTradeValueUsd": 46.352012314
}