{
    "label": 67,
    "mint": "4WRCqWFkTibeA2SUbFx7UJs5cdc1kZhMZ5crpkoEpump",
    "name": "America Party",
    "symbol": "AMP",
    "decimals": "6",
    "totalSupply": "999863517870564",
    "totalSupplyFormatted": "999863517.870564",
    "sellerFeeBasisPoints": 0,
    "isMutable": true,
    "primarySaleHappened": 0,
    "updateAuthority": "7KN1K4Lf35CrqcuCb7k1tcVmSjgbbYDwNgF3z83a6qcF",
    "usdPrice": 1.853536827,
    "nativePriceValue": "9637138",
    "exchangeName": "PumpSwap",
    "exchangeAddress": "pAMMBay6oceH9fJKBRHGP5D4bD4sWpmSwMn52FMfXEA",
    "firstSwapTimestamp": "2025-07-01T17:15:56+00:00",
    "firstSwapType": "buy",
    "firstBuyerOrSeller": "9bHBfnrJ2gro41BqdKx6ebPD5Cf74UyWf3kfD5FceJi1",
    "firstTradeValueUsd": 1.471553546
}