{
    "label": 63,
    "mint": "2dcbqFoEcRt3ezxBN6JQWVnUmfALRrcQc7MNCcXepump",
    "name": "guld",
    "symbol": "guld",
    "decimals": "6",
    "totalSupply": "999638976488167",
    "totalSupplyFormatted": "999638976.488167",
    "sellerFeeBasisPoints": 0,
    "isMutable": true,
    "primarySaleHappened": 0,
    "updateAuthority": "7vCSBmVrkT23ByY1L5CrbCU2qHkgS6DRpErjBzin5cr9",
    "usdPrice": 3.839e-05,
    "nativePriceValue": "256",
    "exchangeName": "PumpSwap",
    "exchangeAddress": "pAMMBay6oceH9fJKBRHGP5D4bD4sWpmSwMn52FMfXEA",
    "firstSwapTimestamp": "2025-06-17T13:02:45+00:00",
    "firstSwapType": "buy",
    "firstBuyerOrSeller": "3joKYvUT7hRFNUBdX1e1TfGhJrGMtWYWs147TnUTQeh3",
    "firstTradeValueUsd": 14.916442058
}