{
    "label": 33,
    "mint": "2LVjVAWNbQTjT1N1kuk51jumpRJJKeeZaFcJP1Jbpump",
    "name": "bonkwifmask",
    "symbol": "MASKED",
    "decimals": "6",
    "totalSupply": "999918413413528",
    "totalSupplyFormatted": "999918413.413528",
    "sellerFeeBasisPoints": 0,
    "isMutable": false,
    "primarySaleHappened": 0,
    "updateAuthority": "WLHv2UAZm6z4KyaaELi5pjdbJh6RESMva1Rnn8pJVVh",
    "usdPrice": 6.078e-06,
    "nativePriceValue": "29.7759",
    "exchangeName": "Raydium",
    "exchangeAddress": "LanMV9sAd7wArD4vJFi2qDdfnVhFxYSUg6eADduJ3uj",
    "firstSwapTimestamp": "2025-07-09T00:04:11+00:00",
    "firstSwapType": "buy",
    "firstBuyerOrSeller": "4KFQDZ9Y2zyfXY9nMpzxFNgp8v5FJbEUXCjAWDeJN2rY",
    "firstTradeValueUsd": 33.268911111
}