{
    "label": 67,
    "mint": "4MFRn6nBr4wQQ8jaKpmYFRdjR3Rq22usZ6z9rPgypump",
    "name": "Swastika coin",
    "symbol": "\u5350",
    "decimals": "6",
    "totalSupply": "999997223357372",
    "totalSupplyFormatted": "999997223.357372",
    "sellerFeeBasisPoints": 0,
    "isMutable": false,
    "primarySaleHappened": 0,
    "updateAuthority": "GwkzEoBzyi6vmxT9LBJ1a8jtMLXyWMxbtodt1dd69Ep4",
    "usdPrice": 0.006450372,
    "nativePriceValue": "41176",
    "exchangeName": "PumpSwap",
    "exchangeAddress": "pAMMBay6oceH9fJKBRHGP5D4bD4sWpmSwMn52FMfXEA",
    "firstSwapTimestamp": "2025-06-16T04:37:12+00:00",
    "firstSwapType": "buy",
    "firstBuyerOrSeller": "ByQ1mKRpcBjwLgb2wJNmusLtrX7ng49J6fabePAT9odw",
    "firstTradeValueUsd": 2331.481892615
}