{
    "label": 63,
    "mint": "3gqKbCSDUKTVRUTFFt8ZThZeeep9WNYNRrZXjomypump",
    "name": "Cult of Fren",
    "symbol": "Fren",
    "decimals": "6",
    "totalSupply": "999999197221941",
    "totalSupplyFormatted": "999999197.221941",
    "sellerFeeBasisPoints": 0,
    "isMutable": true,
    "primarySaleHappened": 0,
    "updateAuthority": "4yUWtBzLF6HraxKZdoWyvX4nvtHR9xfxKGSZ6cRdvxfG",
    "usdPrice": 0.000101509,
    "nativePriceValue": "701",
    "exchangeName": "PumpSwap",
    "exchangeAddress": "pAMMBay6oceH9fJKBRHGP5D4bD4sWpmSwMn52FMfXEA",
    "firstSwapTimestamp": "2025-06-26T06:37:45+00:00",
    "firstSwapType": "buy",
    "firstBuyerOrSeller": "5M1ogcHpMJPWwcuKmrmZB2Z4UtbTnSFyBtv7bgRkm2pv",
    "firstTradeValueUsd": 14.456368774
}