{
    "label": 63,
    "mint": "2aSSzRfLMpz5qgvpL3Q4vqwajAo2S7XXd2aSRkLXpump",
    "name": "Gorbagana's Cat",
    "symbol": "Arthur",
    "decimals": "6",
    "totalSupply": "999887111424432",
    "totalSupplyFormatted": "999887111.424432",
    "sellerFeeBasisPoints": 0,
    "isMutable": true,
    "primarySaleHappened": 0,
    "updateAuthority": "7ZwEQ9BHXodddZrVs7fDt2BxPDxhs83CPnkzEYY1ctCa",
    "usdPrice": 4.5411e-05,
    "nativePriceValue": "310",
    "exchangeName": "PumpSwap",
    "exchangeAddress": "pAMMBay6oceH9fJKBRHGP5D4bD4sWpmSwMn52FMfXEA",
    "firstSwapTimestamp": "2025-06-20T02:34:01+00:00",
    "firstSwapType": "buy",
    "firstBuyerOrSeller": "CUUYAFDT1d88wWqvBC2WtL3UsXZdoyTYZ3y9zmMf29oT",
    "firstTradeValueUsd": 2.566008426
}