{
    "label": 81,
    "mint": "4vcyZcLwyfAAkkmPC1Mf8ZiBzXtcUYpGRHTn1B4Apump",
    "name": "Poop Thoughts",
    "symbol": "POOP",
    "decimals": "6",
    "totalSupply": "999417410424238",
    "totalSupplyFormatted": "999417410.424238",
    "sellerFeeBasisPoints": 0,
    "isMutable": true,
    "primarySaleHappened": 0,
    "updateAuthority": "5yQPqscfBeTkfH9PRiiLqJ6QtVUeUvs1xCtxMu2xksdm",
    "usdPrice": 6.5955e-05,
    "nativePriceValue": "451",
    "exchangeName": "PumpSwap",
    "exchangeAddress": "pAMMBay6oceH9fJKBRHGP5D4bD4sWpmSwMn52FMfXEA",
    "firstSwapTimestamp": "2025-06-18T12:05:30+00:00",
    "firstSwapType": "buy",
    "firstBuyerOrSeller": "FLMusxh9if28hiUonuGSr1JyuGj4ZBoABxUyXjdnehjQ",
    "firstTradeValueUsd": 1.706911549
}