{
    "label": 62,
    "mint": "2k7zEtxTqgNdPcqkZBkxAvS4Wog1ETHSbxEwB5yqpump",
    "name": "Rocketlon",
    "symbol": "Rocketlon",
    "decimals": "6",
    "totalSupply": "999999541640085",
    "totalSupplyFormatted": "999999541.640085",
    "sellerFeeBasisPoints": 0,
    "isMutable": true,
    "primarySaleHappened": 0,
    "updateAuthority": "93moAK79BzmFUzgfavoPkKrH6qGhw16Z1LWKqQBTSbAN",
    "usdPrice": 0.000187562,
    "nativePriceValue": "1087",
    "exchangeName": "PumpSwap",
    "exchangeAddress": "pAMMBay6oceH9fJKBRHGP5D4bD4sWpmSwMn52FMfXEA",
    "firstSwapTimestamp": "2025-06-20T10:18:09+00:00",
    "firstSwapType": "buy",
    "firstBuyerOrSeller": "AMYXakhb56m5pigU2c31funTacHKuhaoS43V4Yum5xPq",
    "firstTradeValueUsd": 117.132186283
}