{
    "label": 82,
    "mint": "3vnDRCpLmYQdTW9M6W8yWgR26yLtnjs5QVdh1uSxpump",
    "name": "bitcat",
    "symbol": "bitcat",
    "decimals": "6",
    "totalSupply": "999810424501931",
    "totalSupplyFormatted": "999810424.501931",
    "sellerFeeBasisPoints": 0,
    "isMutable": true,
    "primarySaleHappened": 0,
    "updateAuthority": "CU6LrxqZax8wcXw9FCRTNevhkq2LrJoDGzTRSZicPFq6",
    "usdPrice": 2.5433e-05,
    "nativePriceValue": "162",
    "exchangeName": "PumpSwap",
    "exchangeAddress": "pAMMBay6oceH9fJKBRHGP5D4bD4sWpmSwMn52FMfXEA",
    "firstSwapTimestamp": "2025-06-16T13:57:38+00:00",
    "firstSwapType": "buy",
    "firstBuyerOrSeller": "5dnFxM648UQpBTonstiBE1HWZaVG49Cv3yuNhX6Y1nFU",
    "firstTradeValueUsd": 15.608917223
}