{
    "label": 80,
    "mint": "3hVjAsX6rKNyFi5Tjx8eKZzYjkLbHbmmtELFUN3qpump",
    "name": "MeoWTF",
    "symbol": "MEOWTF",
    "decimals": "6",
    "totalSupply": "999998984347528",
    "totalSupplyFormatted": "999998984.347528",
    "sellerFeeBasisPoints": 0,
    "isMutable": true,
    "primarySaleHappened": 0,
    "updateAuthority": "Qq6sqMsM84cuxBroAEyw2iYnmJh2t7MP4aCU9AVWvH8",
    "usdPrice": 6.1922e-05,
    "nativePriceValue": "394",
    "exchangeName": "PumpSwap",
    "exchangeAddress": "pAMMBay6oceH9fJKBRHGP5D4bD4sWpmSwMn52FMfXEA",
    "firstSwapTimestamp": "2025-06-30T16:50:42+00:00",
    "firstSwapType": "buy",
    "firstBuyerOrSeller": "F3v46kynBTFPhfsdBaErzAhWMspAAGQgB1hF5SGEKcSR",
    "firstTradeValueUsd": 49.245491949
}