{
    "label": 62,
    "mint": "2gLAYzjQj8SAMMJNhrCtmK5y2mEd5RBDaB7WoCVapump",
    "name": "pumpcycle",
    "symbol": "pumpcycle",
    "decimals": "6",
    "totalSupply": "2594998822440",
    "totalSupplyFormatted": "2594998.82244",
    "sellerFeeBasisPoints": 0,
    "isMutable": false,
    "primarySaleHappened": 0,
    "updateAuthority": "EfJvoS1nRBfAiTYogn8qXzCRrhh73zsxkk5jqW7mcoKP",
    "usdPrice": 6.994e-06,
    "nativePriceValue": "43.8183",
    "exchangeName": "PumpSwap",
    "exchangeAddress": "pAMMBay6oceH9fJKBRHGP5D4bD4sWpmSwMn52FMfXEA",
    "firstSwapTimestamp": "2025-07-12T14:45:18+00:00",
    "firstSwapType": "buy",
    "firstBuyerOrSeller": "EfJvoS1nRBfAiTYogn8qXzCRrhh73zsxkk5jqW7mcoKP",
    "firstTradeValueUsd": 1.59e-07
}