{
    "label": 63,
    "mint": "2YsnrisoLK6F14v3pAAQq6CXWdfxjcRTRdD796d5pump",
    "name": "Cabal News Network",
    "symbol": "CNN",
    "decimals": "6",
    "totalSupply": "999999678495600",
    "totalSupplyFormatted": "999999678.4956",
    "sellerFeeBasisPoints": 0,
    "isMutable": true,
    "primarySaleHappened": 0,
    "updateAuthority": "BfqgtZfnheG7ZWG59ZT3smAypWKxrKX1L3VGV1QKQEPe",
    "usdPrice": 7.6178e-05,
    "nativePriceValue": "584",
    "exchangeName": "PumpSwap",
    "exchangeAddress": "pAMMBay6oceH9fJKBRHGP5D4bD4sWpmSwMn52FMfXEA",
    "firstSwapTimestamp": "2025-06-22T17:35:40+00:00",
    "firstSwapType": "buy",
    "firstBuyerOrSeller": "6F4AScLf1fRh6FUyuqpBLdF9cWZ1HmjnvyxwcGKxizgw",
    "firstTradeValueUsd": 1.296517884
}