{
    "label": 63,
    "mint": "24C33PnfY8YzHkvH1BYBS6sA85Ci2s6H8QkHGP4gpump",
    "name": "Keke Terminal",
    "symbol": "KEKE",
    "decimals": "6",
    "totalSupply": "998100176221993",
    "totalSupplyFormatted": "998100176.221993",
    "sellerFeeBasisPoints": 0,
    "isMutable": true,
    "primarySaleHappened": 0,
    "updateAuthority": "HTBG6DnMSqcVYEamCmTxHRDqU57RZf6GXyVpMQp2n1dX",
    "usdPrice": 0.012021713,
    "nativePriceValue": "78843",
    "exchangeName": "PumpSwap",
    "exchangeAddress": "pAMMBay6oceH9fJKBRHGP5D4bD4sWpmSwMn52FMfXEA",
    "firstSwapTimestamp": "2025-07-03T02:26:38+00:00",
    "firstSwapType": "buy",
    "firstBuyerOrSeller": "2ph5NzuXpV4cT3eYnkHKheLW5mDC2AJQ4tHRFXJiD1yd",
    "firstTradeValueUsd": 296.871533531
}