{
    "label": 63,
    "mint": "3V4KanPJqAuY5Zq2XsMvECrUvaDMaLh8cHhPhsnNpump",
    "name": "Bitcoinmoon",
    "symbol": "BTCMOON",
    "decimals": "6",
    "totalSupply": "999867195546916",
    "totalSupplyFormatted": "999867195.546916",
    "sellerFeeBasisPoints": 0,
    "isMutable": true,
    "primarySaleHappened": 0,
    "updateAuthority": "AksUW1s9HdHH7TBEuNiSKTzpECarWXb1RT9dQwiwGLaG",
    "usdPrice": 3.0076e-05,
    "nativePriceValue": "225",
    "exchangeName": "PumpSwap",
    "exchangeAddress": "pAMMBay6oceH9fJKBRHGP5D4bD4sWpmSwMn52FMfXEA",
    "firstSwapTimestamp": "2025-06-22T11:57:56+00:00",
    "firstSwapType": "buy",
    "firstBuyerOrSeller": "DKRnc6pkhoat5rzVCWnZWi6RWKuPXCPQq14oaDXC9c7b",
    "firstTradeValueUsd": 1.328426857
}