{
    "label": 82,
    "mint": "2crHf3Yv58NxXM2uSgYJpUWQnMCJtr9jrd5dibHkpump",
    "name": "Gorebagana",
    "symbol": "GOR",
    "decimals": "6",
    "totalSupply": "999696049395970",
    "totalSupplyFormatted": "999696049.39597",
    "sellerFeeBasisPoints": 0,
    "isMutable": true,
    "primarySaleHappened": 0,
    "updateAuthority": "CU6LrxqZax8wcXw9FCRTNevhkq2LrJoDGzTRSZicPFq6",
    "usdPrice": 9.724e-06,
    "nativePriceValue": "66.7066",
    "exchangeName": "PumpSwap",
    "exchangeAddress": "pAMMBay6oceH9fJKBRHGP5D4bD4sWpmSwMn52FMfXEA",
    "firstSwapTimestamp": "2025-06-19T20:28:44+00:00",
    "firstSwapType": "buy",
    "firstBuyerOrSeller": "5dnFxM648UQpBTonstiBE1HWZaVG49Cv3yuNhX6Y1nFU",
    "firstTradeValueUsd": 14.525551753
}