{
    "label": 77,
    "mint": "4KJi2s4tidqzx2Eoj4BmdsytxgYa4eF9XjRxvYv4pump",
    "name": "Niki",
    "symbol": "Niki",
    "decimals": "6",
    "totalSupply": "998997762788696",
    "totalSupplyFormatted": "998997762.788696",
    "sellerFeeBasisPoints": 0,
    "isMutable": true,
    "primarySaleHappened": 0,
    "updateAuthority": "BwYF9pokdBEJh5dSnUFVA3vsegjs6ahYPFzZQtyb2YoV",
    "usdPrice": 1.64e-07,
    "nativePriceValue": "1.147",
    "exchangeName": "PumpSwap",
    "exchangeAddress": "pAMMBay6oceH9fJKBRHGP5D4bD4sWpmSwMn52FMfXEA",
    "firstSwapTimestamp": "2025-06-19T15:08:05+00:00",
    "firstSwapType": "buy",
    "firstBuyerOrSeller": "Cd3UHZDauHCQGKycM5uQAhWWGauf66SGBNoaqYy64Na8",
    "firstTradeValueUsd": 14.290188853
}