{
    "label": 36,
    "mint": "12eCP4ANV5PqHvNywsNCngVHpbHbPqYK6ABZBEm7pump",
    "name": "100x Coin",
    "symbol": "100x",
    "decimals": "6",
    "totalSupply": "3637019297",
    "totalSupplyFormatted": "3637.019297",
    "sellerFeeBasisPoints": 0,
    "isMutable": false,
    "primarySaleHappened": 0,
    "updateAuthority": "FU67w73wkErqLF5KDP18goukEXVQEXDW7HBNjxYcjV4m",
    "usdPrice": 8.749e-06,
    "nativePriceValue": "54.1084",
    "exchangeName": "PumpSwap",
    "exchangeAddress": "pAMMBay6oceH9fJKBRHGP5D4bD4sWpmSwMn52FMfXEA",
    "firstSwapTimestamp": "2025-06-29T23:53:43+00:00",
    "firstSwapType": "buy",
    "firstBuyerOrSeller": "5iywveQKkidqPDKt2CExJcWKex2EXz9kbGcYiZvhuXWs",
    "firstTradeValueUsd": 0.015292893
}