{
    "label": 63,
    "mint": "4MtppgM5KXjWrhnDjH1RYuctBMydj16xEZeZTak4pump",
    "name": "The Superior Ticker",
    "symbol": "$",
    "decimals": "6",
    "totalSupply": "999979923528166",
    "totalSupplyFormatted": "999979923.528166",
    "sellerFeeBasisPoints": 0,
    "isMutable": true,
    "primarySaleHappened": 0,
    "updateAuthority": "5Er8cyi5uYyQyE3ywAypxWNsnJkjHqbqBzZ38s1BVxuJ",
    "usdPrice": 8.0085e-05,
    "nativePriceValue": "567",
    "exchangeName": "PumpSwap",
    "exchangeAddress": "pAMMBay6oceH9fJKBRHGP5D4bD4sWpmSwMn52FMfXEA",
    "firstSwapTimestamp": "2025-06-21T13:29:52+00:00",
    "firstSwapType": "buy",
    "firstBuyerOrSeller": "679Xx8CDhcWkyW3g9kHW9hzJbVAQKxVchFMoPwAEqn6c",
    "firstTradeValueUsd": 0.864010093
}