{
    "label": 63,
    "mint": "3AFgTJsUewwxYWw279qpPMC1cRHSFdR9y1WG9gEupump",
    "name": "Handsome",
    "symbol": "HANDSOME",
    "decimals": "6",
    "totalSupply": "6845789678",
    "totalSupplyFormatted": "6845.789678",
    "sellerFeeBasisPoints": 0,
    "isMutable": false,
    "primarySaleHappened": 0,
    "updateAuthority": "A8FMdkHauDAwt6Mr6W6dKhtVuszzBiZDcnZF3qoDc3Zp",
    "usdPrice": 2.343e-06,
    "nativePriceValue": "14.3379",
    "exchangeName": "PumpSwap",
    "exchangeAddress": "pAMMBay6oceH9fJKBRHGP5D4bD4sWpmSwMn52FMfXEA",
    "firstSwapTimestamp": "2025-07-11T20:54:11+00:00",
    "firstSwapType": "buy",
    "firstBuyerOrSeller": "A8FMdkHauDAwt6Mr6W6dKhtVuszzBiZDcnZF3qoDc3Zp",
    "firstTradeValueUsd": 1.63e-07
}