{
    "label": 64,
    "mint": "2DDZCjtmS3ywLJGpNX3nFuzEm5wgSJhUXmppNxh5pump",
    "name": "cult of ser",
    "symbol": "ser",
    "decimals": "6",
    "totalSupply": "999999467917082",
    "totalSupplyFormatted": "999999467.917082",
    "sellerFeeBasisPoints": 0,
    "isMutable": true,
    "primarySaleHappened": 0,
    "updateAuthority": "HJDfHd6scBqwhCF1q7t2BZtwnkDAwmJ6xpdhHiLAkLfe",
    "usdPrice": 3.2706e-05,
    "nativePriceValue": "229",
    "exchangeName": "PumpSwap",
    "exchangeAddress": "pAMMBay6oceH9fJKBRHGP5D4bD4sWpmSwMn52FMfXEA",
    "firstSwapTimestamp": "2025-06-26T20:48:29+00:00",
    "firstSwapType": "buy",
    "firstBuyerOrSeller": "bpDk4nZxqCN7iXtgKYppNcWoK3HZ1w1X5Q2rfoU8EHj",
    "firstTradeValueUsd": 2.499954464
}