{
    "label": 63,
    "mint": "22Ex9ZkefLefyJkJuEgHyu85JJXfREnFS4mmPQ1Npump",
    "name": "Bitcoin",
    "symbol": "BTCGOAT",
    "decimals": "6",
    "totalSupply": "998691749728468",
    "totalSupplyFormatted": "998691749.728468",
    "sellerFeeBasisPoints": 0,
    "isMutable": true,
    "primarySaleHappened": 0,
    "updateAuthority": "4BH9uTFcjJWD3TkhTYV6FMqpstUxxi2KtiHjhwmb5ic1",
    "usdPrice": 4.4006e-05,
    "nativePriceValue": "299",
    "exchangeName": "PumpSwap",
    "exchangeAddress": "pAMMBay6oceH9fJKBRHGP5D4bD4sWpmSwMn52FMfXEA",
    "firstSwapTimestamp": "2025-06-20T13:45:39+00:00",
    "firstSwapType": "buy",
    "firstBuyerOrSeller": "HvXUedU6KvmozzeiipQp3MctMRFnNeSstiAhriNgAmyo",
    "firstTradeValueUsd": 1.466395597
}