{
    "label": 66,
    "mint": "28P7Lv3erkuaA7iWfvDS7n1WaLgrTT4JwSykW8Sopump",
    "name": "Leveraged Stock",
    "symbol": "OPTIONS",
    "decimals": "6",
    "totalSupply": "3296314467036",
    "totalSupplyFormatted": "3296314.467036",
    "sellerFeeBasisPoints": 0,
    "isMutable": false,
    "primarySaleHappened": 0,
    "updateAuthority": "EnJuv9yk4TUKM2yBuTdap59nGRuwt5QaMWCLCk6WMMys",
    "usdPrice": 6.575e-06,
    "nativePriceValue": "43.9616",
    "exchangeName": "PumpSwap",
    "exchangeAddress": "pAMMBay6oceH9fJKBRHGP5D4bD4sWpmSwMn52FMfXEA",
    "firstSwapTimestamp": "2025-07-02T07:05:18+00:00",
    "firstSwapType": "buy",
    "firstBuyerOrSeller": "EnJuv9yk4TUKM2yBuTdap59nGRuwt5QaMWCLCk6WMMys",
    "firstTradeValueUsd": 1.49e-07
}