{
    "label": 36,
    "mint": "1Y8doXUypDJRpTe29tiYVp8uPCmnE6g1kcRWbjLpump",
    "name": "Nobel Pump Prize",
    "symbol": "NPP",
    "decimals": "6",
    "totalSupply": "3730443405",
    "totalSupplyFormatted": "3730.443405",
    "sellerFeeBasisPoints": 0,
    "isMutable": false,
    "primarySaleHappened": 0,
    "updateAuthority": "98TFFagYssBZo4hcF9s5thUnADbByJrkqU2dZ4WNtoqM",
    "usdPrice": 5.637e-06,
    "nativePriceValue": "34.7455",
    "exchangeName": "PumpSwap",
    "exchangeAddress": "pAMMBay6oceH9fJKBRHGP5D4bD4sWpmSwMn52FMfXEA",
    "firstSwapTimestamp": "2025-06-25T05:05:20+00:00",
    "firstSwapType": "buy",
    "firstBuyerOrSeller": "cakewAiZcEFuE3YjRd6KzBVqdpykNCZupJxdft7u5vW",
    "firstTradeValueUsd": 0.00933179
}