{
    "label": 61,
    "mint": "13WhWd5kbLXEvTzZtRbiwQVDfUTkfzjGAg1PNBQBpump",
    "name": "mom, where is my daddy?",
    "symbol": "milk",
    "decimals": "6",
    "totalSupply": "254588852810",
    "totalSupplyFormatted": "254588.85281",
    "sellerFeeBasisPoints": 0,
    "isMutable": false,
    "primarySaleHappened": 0,
    "updateAuthority": "5rJPpdBBHyrcCb4oTNUayjWH2tJBuXxJ8WovJNgQptay",
    "usdPrice": 7.24e-07,
    "nativePriceValue": "4.4818",
    "exchangeName": "PumpSwap",
    "exchangeAddress": "pAMMBay6oceH9fJKBRHGP5D4bD4sWpmSwMn52FMfXEA",
    "firstSwapTimestamp": "2025-06-30T01:07:52+00:00",
    "firstSwapType": "buy",
    "firstBuyerOrSeller": "27HFmP7ccLadGswvQfvea4o3juLw75cPF4V6jWpHM3MX",
    "firstTradeValueUsd": 0.01596476
}