{
    "label": 67,
    "mint": "2bJtNS6ouidt9WXiTaaK2yiTLnqPEBGtDjnnrUpKpump",
    "name": "Create Your Own X-Ray Picture",
    "symbol": "X-Ray",
    "decimals": "6",
    "totalSupply": "999999348288752",
    "totalSupplyFormatted": "999999348.288752",
    "sellerFeeBasisPoints": 0,
    "isMutable": true,
    "primarySaleHappened": 0,
    "updateAuthority": "4bcHRhcXMBtGnBrRoSYyZSftnQtBojN125KBTPQK6RCs",
    "usdPrice": 0.938005422,
    "nativePriceValue": "4818754",
    "exchangeName": "PumpSwap",
    "exchangeAddress": "pAMMBay6oceH9fJKBRHGP5D4bD4sWpmSwMn52FMfXEA",
    "firstSwapTimestamp": "2025-06-14T14:34:05+00:00",
    "firstSwapType": "buy",
    "firstBuyerOrSeller": "Gd4w6EZcbYRC9K8ofXqpeagNCAKYdQLfsNPeRnH1wR3C",
    "firstTradeValueUsd": 14.509496069
}