{
    "label": 62,
    "mint": "2FC1GYQRY6awwJhgicZcEqez3WSoM9x68rrCVzUSpump",
    "name": "solsage",
    "symbol": "solsage",
    "decimals": "6",
    "totalSupply": "999999771451844",
    "totalSupplyFormatted": "999999771.451844",
    "sellerFeeBasisPoints": 0,
    "isMutable": true,
    "primarySaleHappened": 0,
    "updateAuthority": "3bV417g6dK56mpyKcTMtqpUUN84B1dpuFTxq8NJXEA5D",
    "usdPrice": 8.8911e-05,
    "nativePriceValue": "579",
    "exchangeName": "PumpSwap",
    "exchangeAddress": "pAMMBay6oceH9fJKBRHGP5D4bD4sWpmSwMn52FMfXEA",
    "firstSwapTimestamp": "2025-07-02T20:04:49+00:00",
    "firstSwapType": "buy",
    "firstBuyerOrSeller": "Gd4w6EZcbYRC9K8ofXqpeagNCAKYdQLfsNPeRnH1wR3C",
    "firstTradeValueUsd": 1653.858363268
}