{
    "label": 63,
    "mint": "4gBaupTCfczQJnjSxDFfSdm1jmjaHKfrxoJTFbx8pump",
    "name": "works while you sleep",
    "symbol": "PASSIVE",
    "decimals": "6",
    "totalSupply": "45624516099",
    "totalSupplyFormatted": "45624.516099",
    "sellerFeeBasisPoints": 0,
    "isMutable": true,
    "primarySaleHappened": 0,
    "updateAuthority": "BcoUvPakdewbG7rKRU6s3VAZtVGVUgL5qQjmkYgD6Pm6",
    "usdPrice": 9.8041e-05,
    "nativePriceValue": "654",
    "exchangeName": "PumpSwap",
    "exchangeAddress": "pAMMBay6oceH9fJKBRHGP5D4bD4sWpmSwMn52FMfXEA",
    "firstSwapTimestamp": "2025-06-29T03:04:01+00:00",
    "firstSwapType": "buy",
    "firstBuyerOrSeller": "KWq7esvBkhAh6TP6iDb1LtGPhQbTN76L6iN3p5Dd81E",
    "firstTradeValueUsd": 46.998963572
}