{
    "label": 63,
    "mint": "3Y45w4dBQAoWJinT5Ev3UEvmU4f1PstqL75nfYCVpump",
    "name": "Fart Chicks",
    "symbol": "fartchicks",
    "decimals": "6",
    "totalSupply": "935921948313",
    "totalSupplyFormatted": "935921.948313",
    "sellerFeeBasisPoints": 0,
    "isMutable": true,
    "primarySaleHappened": 0,
    "updateAuthority": "BcoUvPakdewbG7rKRU6s3VAZtVGVUgL5qQjmkYgD6Pm6",
    "usdPrice": 0.000170542,
    "nativePriceValue": "1138",
    "exchangeName": "PumpSwap",
    "exchangeAddress": "pAMMBay6oceH9fJKBRHGP5D4bD4sWpmSwMn52FMfXEA",
    "firstSwapTimestamp": "2025-06-29T04:44:15+00:00",
    "firstSwapType": "buy",
    "firstBuyerOrSeller": "KWq7esvBkhAh6TP6iDb1LtGPhQbTN76L6iN3p5Dd81E",
    "firstTradeValueUsd": 47.025882215
}