{
    "label": 36,
    "mint": "25ePP6BxCUfQAPcVryXfEHzaXP2e4VEb4dpkguoZpump",
    "name": "Gorbagana Daemon",
    "symbol": "OSCAR",
    "decimals": "6",
    "totalSupply": "999829698998160",
    "totalSupplyFormatted": "999829698.99816",
    "sellerFeeBasisPoints": 0,
    "isMutable": true,
    "primarySaleHappened": 0,
    "updateAuthority": "3vqeVNtx6KN4wTc3i8RJB6oBrDVAUk2rWSdAwvbrTt9r",
    "usdPrice": 5.18e-15,
    "nativePriceValue": "3.5743e-8",
    "exchangeName": "PumpSwap",
    "exchangeAddress": "pAMMBay6oceH9fJKBRHGP5D4bD4sWpmSwMn52FMfXEA",
    "firstSwapTimestamp": "2025-06-20T06:17:33+00:00",
    "firstSwapType": "buy",
    "firstBuyerOrSeller": "FWMVpoQYQGwi3kAddqHbSXesnmNtys1VqmsA3ZJoBcAQ",
    "firstTradeValueUsd": 14.46794854
}