{
    "label": 70,
    "mint": "3GLhMmRAdGg9PkbACRvP3qLwPbJXDj579XJSikgKpump",
    "name": "Thomas Massie",
    "symbol": "BUM",
    "decimals": "6",
    "totalSupply": "999999363046839",
    "totalSupplyFormatted": "999999363.046839",
    "sellerFeeBasisPoints": 0,
    "isMutable": true,
    "primarySaleHappened": 0,
    "updateAuthority": "EtxsjS7HGxPyNs1EjMjSM9EgYFJAyE1HaCmQEDh2N7jY",
    "usdPrice": 8.2934e-05,
    "nativePriceValue": "609",
    "exchangeName": "PumpSwap",
    "exchangeAddress": "pAMMBay6oceH9fJKBRHGP5D4bD4sWpmSwMn52FMfXEA",
    "firstSwapTimestamp": "2025-06-23T13:46:17+00:00",
    "firstSwapType": "buy",
    "firstBuyerOrSeller": "Cd3UHZDauHCQGKycM5uQAhWWGauf66SGBNoaqYy64Na8",
    "firstTradeValueUsd": 13.569705785
}