{
    "label": 63,
    "mint": "23EZ7U5wDTNka9LdzmjqekYdiqg13XyoaquMhoHPpump",
    "name": "house of community",
    "symbol": "X",
    "decimals": "6",
    "totalSupply": "40772129905",
    "totalSupplyFormatted": "40772.129905",
    "sellerFeeBasisPoints": 0,
    "isMutable": true,
    "primarySaleHappened": 0,
    "updateAuthority": "BcoUvPakdewbG7rKRU6s3VAZtVGVUgL5qQjmkYgD6Pm6",
    "usdPrice": 0.000158349,
    "nativePriceValue": "1107",
    "exchangeName": "PumpSwap",
    "exchangeAddress": "pAMMBay6oceH9fJKBRHGP5D4bD4sWpmSwMn52FMfXEA",
    "firstSwapTimestamp": "2025-06-26T12:49:11+00:00",
    "firstSwapType": "buy",
    "firstBuyerOrSeller": "KWq7esvBkhAh6TP6iDb1LtGPhQbTN76L6iN3p5Dd81E",
    "firstTradeValueUsd": 44.979280657
}