{
    "label": 63,
    "mint": "4Sog3PQTS4nzG8DLhkucMdZVyHdQcNjC7NHPWbmkpump",
    "name": "THE Protocol",
    "symbol": "THE",
    "decimals": "6",
    "totalSupply": "999939793535519",
    "totalSupplyFormatted": "999939793.535519",
    "sellerFeeBasisPoints": 0,
    "isMutable": true,
    "primarySaleHappened": 0,
    "updateAuthority": "BEriqRNr7by1Q22EnNbaj3rw7iBTNSJ9zsMFFGyPT32K",
    "usdPrice": 2.6724e-05,
    "nativePriceValue": "183",
    "exchangeName": "PumpSwap",
    "exchangeAddress": "pAMMBay6oceH9fJKBRHGP5D4bD4sWpmSwMn52FMfXEA",
    "firstSwapTimestamp": "2025-06-24T06:28:48+00:00",
    "firstSwapType": "buy",
    "firstBuyerOrSeller": "4x5Uj5iyWvwJ92XFNeE5bEkFLQ3Q5i5rAK1P779VMPHj",
    "firstTradeValueUsd": 1.16221896
}