{
    "label": 29,
    "mint": "362wq9fz4sw44QtJV4KR1QLJ6mNXXqTnrCR4hQVbpump",
    "name": "Black Onigiri",
    "symbol": "ONIGGERI",
    "decimals": "6",
    "totalSupply": "1000000000000000",
    "totalSupplyFormatted": "1000000000",
    "sellerFeeBasisPoints": 0,
    "isMutable": false,
    "primarySaleHappened": 0,
    "updateAuthority": "WLHv2UAZm6z4KyaaELi5pjdbJh6RESMva1Rnn8pJVVh",
    "usdPrice": 4.473e-06,
    "nativePriceValue": "29.4272",
    "exchangeName": "Raydium",
    "exchangeAddress": "LanMV9sAd7wArD4vJFi2qDdfnVhFxYSUg6eADduJ3uj",
    "firstSwapTimestamp": "2025-07-07T12:15:11+00:00",
    "firstSwapType": "buy",
    "firstBuyerOrSeller": "CUMzD9gZRu8N88MPHSgTLHY53WDg3shrumhEyHS7zpPH",
    "firstTradeValueUsd": 304.117304313
}