{
    "label": 55,
    "mint": "141HrnWABPUjHXYTyT6Jn6BDv9H6foqibfVTgVJNpump",
    "name": "Nyan Cat Doodle",
    "symbol": "NCD",
    "decimals": "6",
    "totalSupply": "370421928491",
    "totalSupplyFormatted": "370421.928491",
    "sellerFeeBasisPoints": 0,
    "isMutable": false,
    "primarySaleHappened": 0,
    "updateAuthority": "DGdqPt1ZvW6vVKqZo1RB1saBpsPd5vtcxA9g4hfwmajg",
    "usdPrice": 1.14e-07,
    "nativePriceValue": "0.7054",
    "exchangeName": "PumpSwap",
    "exchangeAddress": "pAMMBay6oceH9fJKBRHGP5D4bD4sWpmSwMn52FMfXEA",
    "firstSwapTimestamp": "2025-06-25T18:03:03+00:00",
    "firstSwapType": "buy",
    "firstBuyerOrSeller": "cakewAiZcEFuE3YjRd6KzBVqdpykNCZupJxdft7u5vW",
    "firstTradeValueUsd": 0.009213
}