{
    "label": 63,
    "mint": "2oQGGm4APzxoCaKSADiUu8MEt6rH1QQw4JoVy1dJpump",
    "name": "Aerotyne International Stock",
    "symbol": "aerotyne",
    "decimals": "6",
    "totalSupply": "999967480737125",
    "totalSupplyFormatted": "999967480.737125",
    "sellerFeeBasisPoints": 0,
    "isMutable": true,
    "primarySaleHappened": 0,
    "updateAuthority": "Em2CauYFTZEb66VRBBSapPbjcQEoZcjyewUnpxFhRWav",
    "usdPrice": 7.0836e-05,
    "nativePriceValue": "461",
    "exchangeName": "PumpSwap",
    "exchangeAddress": "pAMMBay6oceH9fJKBRHGP5D4bD4sWpmSwMn52FMfXEA",
    "firstSwapTimestamp": "2025-07-01T03:41:57+00:00",
    "firstSwapType": "buy",
    "firstBuyerOrSeller": "1bTm9gMu4JPCUDFXhz1HAEdhiFVtinAL5g8U4k4mhhB",
    "firstTradeValueUsd": 0.920814639
}