{
    "label": 62,
    "mint": "4J34nR2EoGVAnn8wjGTDSvZuVvgVN4aA1uRKB6HXpump",
    "name": "GOOGLE DOGE",
    "symbol": "GOGE",
    "decimals": "6",
    "totalSupply": "999998667677371",
    "totalSupplyFormatted": "999998667.677371",
    "sellerFeeBasisPoints": 0,
    "isMutable": true,
    "primarySaleHappened": 0,
    "updateAuthority": "8mxb6CJD4jC1NFxSpjibv3pVGTdjKPofdoW5sB6vfq2M",
    "usdPrice": 0.000118705,
    "nativePriceValue": "822",
    "exchangeName": "PumpSwap",
    "exchangeAddress": "pAMMBay6oceH9fJKBRHGP5D4bD4sWpmSwMn52FMfXEA",
    "firstSwapTimestamp": "2025-06-14T09:38:31+00:00",
    "firstSwapType": "buy",
    "firstBuyerOrSeller": "pMbNzWqcxoxecC19G9qguCh3z6o5ZgoG58NQGnA6Kd4",
    "firstTradeValueUsd": 1.450945616
}