{
    "label": 64,
    "mint": "3Sz74akS3YMhioKnPsV8rKnGYME7p2PXTFTX3NBnpump",
    "name": "CATCOIN",
    "symbol": "CATCOIN",
    "decimals": "6",
    "totalSupply": "999751922651369",
    "totalSupplyFormatted": "999751922.651369",
    "sellerFeeBasisPoints": 0,
    "isMutable": true,
    "primarySaleHappened": 0,
    "updateAuthority": "gt922Wy44LGpaUpfNoRRWpcrnPt4jwckNxgQp1GnuUt",
    "usdPrice": 6.885e-05,
    "nativePriceValue": "476",
    "exchangeName": "PumpSwap",
    "exchangeAddress": "pAMMBay6oceH9fJKBRHGP5D4bD4sWpmSwMn52FMfXEA",
    "firstSwapTimestamp": "2025-06-25T21:40:41+00:00",
    "firstSwapType": "buy",
    "firstBuyerOrSeller": "Cd3UHZDauHCQGKycM5uQAhWWGauf66SGBNoaqYy64Na8",
    "firstTradeValueUsd": 14.398810988
}