{
    "label": 63,
    "mint": "2AHTMe26Xjpi3CsHJiVi5n9Kg9zJ91uboBB2qbf1pump",
    "name": "GARFIELD",
    "symbol": "GARFIELD",
    "decimals": "6",
    "totalSupply": "999998810517420",
    "totalSupplyFormatted": "999998810.51742",
    "sellerFeeBasisPoints": 0,
    "isMutable": true,
    "primarySaleHappened": 0,
    "updateAuthority": "HN5Z2MVo1Zcvwvtwnh7wSRrXvL1cciuBpgohk9bEHcSV",
    "usdPrice": 6.7757e-05,
    "nativePriceValue": "455",
    "exchangeName": "PumpSwap",
    "exchangeAddress": "pAMMBay6oceH9fJKBRHGP5D4bD4sWpmSwMn52FMfXEA",
    "firstSwapTimestamp": "2025-06-17T20:31:10+00:00",
    "firstSwapType": "buy",
    "firstBuyerOrSeller": "58946yURK4BijxnEbTWgbJtHyGhtqzxPx6HFsADNGMcy",
    "firstTradeValueUsd": 1.90296217
}