{
    "label": 80,
    "mint": "3QJSDEuG2TNRkaT81ULTwBPN7hBKCurWHvrQpBVkpump",
    "name": "McDonaldsCoin",
    "symbol": "MCDC",
    "decimals": "6",
    "totalSupply": "999969548945863",
    "totalSupplyFormatted": "999969548.945863",
    "sellerFeeBasisPoints": 0,
    "isMutable": true,
    "primarySaleHappened": 0,
    "updateAuthority": "3oSP3nimwT2U9gte5JpP6juEcQbw1GVhtkRfzGZt3gqw",
    "usdPrice": 5.7655e-05,
    "nativePriceValue": "401",
    "exchangeName": "PumpSwap",
    "exchangeAddress": "pAMMBay6oceH9fJKBRHGP5D4bD4sWpmSwMn52FMfXEA",
    "firstSwapTimestamp": "2025-06-28T04:55:33+00:00",
    "firstSwapType": "buy",
    "firstBuyerOrSeller": "AxtSrGv2bjdinqPcvco4vXqUXy2RDu7vfUeshBc6wGDx",
    "firstTradeValueUsd": 0.729041718
}