{
    "label": 64,
    "mint": "24JXSbVFWTi6EZeMZ1qPyQiD3vasKF7mcWEaJpw4pump",
    "name": "USA",
    "symbol": "USA",
    "decimals": "6",
    "totalSupply": "999997776280905",
    "totalSupplyFormatted": "999997776.280905",
    "sellerFeeBasisPoints": 0,
    "isMutable": true,
    "primarySaleHappened": 0,
    "updateAuthority": "8VTaiiR3VMnS5dKfxPdeDjk2rPNtz6jPke4bQwSLFZCu",
    "usdPrice": 4.7751e-05,
    "nativePriceValue": "327",
    "exchangeName": "PumpSwap",
    "exchangeAddress": "pAMMBay6oceH9fJKBRHGP5D4bD4sWpmSwMn52FMfXEA",
    "firstSwapTimestamp": "2025-06-14T07:04:33+00:00",
    "firstSwapType": "buy",
    "firstBuyerOrSeller": "3joKYvUT7hRFNUBdX1e1TfGhJrGMtWYWs147TnUTQeh3",
    "firstTradeValueUsd": 1.458086892
}