{
    "label": 63,
    "mint": "3r2RjLinkeoFPNFQb6sfC1MTU3vsB5oNo3hZnx1apump",
    "name": "meowra",
    "symbol": "meowra",
    "decimals": "6",
    "totalSupply": "999973920893203",
    "totalSupplyFormatted": "999973920.893203",
    "sellerFeeBasisPoints": 0,
    "isMutable": true,
    "primarySaleHappened": 0,
    "updateAuthority": "6G89H5cVpNPDzGyAFWwgZa2JFMJpCSdRNPu7rxbxCwKJ",
    "usdPrice": 6.7709e-05,
    "nativePriceValue": "456",
    "exchangeName": "PumpSwap",
    "exchangeAddress": "pAMMBay6oceH9fJKBRHGP5D4bD4sWpmSwMn52FMfXEA",
    "firstSwapTimestamp": "2025-06-17T23:36:53+00:00",
    "firstSwapType": "buy",
    "firstBuyerOrSeller": "45Nzq9MiciKfWd4KH3arn1FxnpGyzk8jrCLeAue3tYoT",
    "firstTradeValueUsd": 3.102955673
}