{
    "label": 63,
    "mint": "4pTuYv1hwBGW78jNSGJAerPKSjFxF4sTq7dUp3MMpump",
    "name": "Seal Team 6",
    "symbol": "Seals",
    "decimals": "6",
    "totalSupply": "997675322249577",
    "totalSupplyFormatted": "997675322.249577",
    "sellerFeeBasisPoints": 0,
    "isMutable": true,
    "primarySaleHappened": 0,
    "updateAuthority": "AYHwEMRArfGYA6BQtakumsR31QVY66R3EPCmtY7Ujv3J",
    "usdPrice": 8.8099e-05,
    "nativePriceValue": "646",
    "exchangeName": "PumpSwap",
    "exchangeAddress": "pAMMBay6oceH9fJKBRHGP5D4bD4sWpmSwMn52FMfXEA",
    "firstSwapTimestamp": "2025-06-22T06:34:03+00:00",
    "firstSwapType": "buy",
    "firstBuyerOrSeller": "6F4AScLf1fRh6FUyuqpBLdF9cWZ1HmjnvyxwcGKxizgw",
    "firstTradeValueUsd": 13.570830744
}