{
    "label": 36,
    "mint": "12SuxWUDB5AsRKyPFATKmauWjZESgx5H2JdckMxnpump",
    "name": "Frontman by Squid Game",
    "symbol": "FRONTMAN",
    "decimals": "6",
    "totalSupply": "3633998404",
    "totalSupplyFormatted": "3633.998404",
    "sellerFeeBasisPoints": 0,
    "isMutable": false,
    "primarySaleHappened": 0,
    "updateAuthority": "7W4UnpHVVtPbSasozumZXRpvpzqsJ6CcS5RMhyH8vrL",
    "usdPrice": 6e-06,
    "nativePriceValue": "37.1968",
    "exchangeName": "PumpSwap",
    "exchangeAddress": "pAMMBay6oceH9fJKBRHGP5D4bD4sWpmSwMn52FMfXEA",
    "firstSwapTimestamp": "2025-06-26T21:00:33+00:00",
    "firstSwapType": "buy",
    "firstBuyerOrSeller": "27HFmP7ccLadGswvQfvea4o3juLw75cPF4V6jWpHM3MX",
    "firstTradeValueUsd": 0.015003796
}