{
    "label": 37,
    "mint": "12hHbNQBZcfxzj3Sk4P6Y4kASjf8ykEFm2taXziNpump",
    "name": "bonkwifpump",
    "symbol": "PUMP",
    "decimals": "6",
    "totalSupply": "1000000000000000",
    "totalSupplyFormatted": "1000000000",
    "sellerFeeBasisPoints": 0,
    "isMutable": false,
    "primarySaleHappened": 0,
    "updateAuthority": "WLHv2UAZm6z4KyaaELi5pjdbJh6RESMva1Rnn8pJVVh",
    "usdPrice": 5.213e-06,
    "nativePriceValue": "27.6725",
    "exchangeName": "Raydium",
    "exchangeAddress": "LanMV9sAd7wArD4vJFi2qDdfnVhFxYSUg6eADduJ3uj",
    "firstSwapTimestamp": "2025-07-08T15:49:13+00:00",
    "firstSwapType": "buy",
    "firstBuyerOrSeller": "7W92UaiUjJimxxQBWHQ858CPL1GfVTEDQzmytXmBdxaq",
    "firstTradeValueUsd": 150.20202993
}