{
    "label": 63,
    "mint": "2eYbE8eAMbL9D3Cji4xQPsMJ2tBwKd8b15cNwE7Spump",
    "name": "fingy",
    "symbol": "fingy",
    "decimals": "6",
    "totalSupply": "999998768583857",
    "totalSupplyFormatted": "999998768.583857",
    "sellerFeeBasisPoints": 0,
    "isMutable": true,
    "primarySaleHappened": 0,
    "updateAuthority": "2gwhPvzPZouz9v8qwTbNgdDkabGxp3NMdJAbjyHK3dW9",
    "usdPrice": 8.7379e-05,
    "nativePriceValue": "604",
    "exchangeName": "PumpSwap",
    "exchangeAddress": "pAMMBay6oceH9fJKBRHGP5D4bD4sWpmSwMn52FMfXEA",
    "firstSwapTimestamp": "2025-06-24T12:51:49+00:00",
    "firstSwapType": "buy",
    "firstBuyerOrSeller": "3joKYvUT7hRFNUBdX1e1TfGhJrGMtWYWs147TnUTQeh3",
    "firstTradeValueUsd": 1.439319074
}