{
    "label": 78,
    "mint": "33cMFzZbhfDu8JTExFz8NwnixzpxfyPmtGsz7tz3pump",
    "name": "AppleSexPussyRetardNvidiaElon420",
    "symbol": "stonks",
    "decimals": "6",
    "totalSupply": "999999293330051",
    "totalSupplyFormatted": "999999293.330051",
    "sellerFeeBasisPoints": 0,
    "isMutable": true,
    "primarySaleHappened": 0,
    "updateAuthority": "7k88bRi7UtT6dg5ycHDxHMxV8p9ktzrkSY5q1AB8SGbB",
    "usdPrice": 0.000120965,
    "nativePriceValue": "780",
    "exchangeName": "PumpSwap",
    "exchangeAddress": "pAMMBay6oceH9fJKBRHGP5D4bD4sWpmSwMn52FMfXEA",
    "firstSwapTimestamp": "2025-06-30T23:17:16+00:00",
    "firstSwapType": "buy",
    "firstBuyerOrSeller": "A7zvmFWVFqp692HPA3VaYebp2WcydNUVhSr3cBGwHWyt",
    "firstTradeValueUsd": 538.802150732
}