{
    "label": 63,
    "mint": "3GkGzKwxuUDiPSZEbBzcizFPrXtKHT31KFbpiDzqpump",
    "name": "Bonk News Network",
    "symbol": "BNN",
    "decimals": "6",
    "totalSupply": "37063144437349",
    "totalSupplyFormatted": "37063144.437349",
    "sellerFeeBasisPoints": 0,
    "isMutable": false,
    "primarySaleHappened": 0,
    "updateAuthority": "CzGPocRV1jrdE9nSVKV1vxdwhUqvvPZfTTNRxKDtBVZz",
    "usdPrice": 8.466e-06,
    "nativePriceValue": "57.2594",
    "exchangeName": "PumpSwap",
    "exchangeAddress": "pAMMBay6oceH9fJKBRHGP5D4bD4sWpmSwMn52FMfXEA",
    "firstSwapTimestamp": "2025-07-06T11:49:11+00:00",
    "firstSwapType": "buy",
    "firstBuyerOrSeller": "CzGPocRV1jrdE9nSVKV1vxdwhUqvvPZfTTNRxKDtBVZz",
    "firstTradeValueUsd": 1.47e-07
}