{
    "label": 64,
    "mint": "3tnYtUzZMFFzQtYbCTgGmc44YmmpspFXPsoajCZ9pump",
    "name": "Goodmorning from trumpy trump",
    "symbol": "GMTRUMP",
    "decimals": "6",
    "totalSupply": "999900259969174",
    "totalSupplyFormatted": "999900259.969174",
    "sellerFeeBasisPoints": 0,
    "isMutable": true,
    "primarySaleHappened": 0,
    "updateAuthority": "66yD7e2GqPfZymPzw7h5wphv48KFiPhm2mFyALuUruxv",
    "usdPrice": 2.6401e-05,
    "nativePriceValue": "176",
    "exchangeName": "PumpSwap",
    "exchangeAddress": "pAMMBay6oceH9fJKBRHGP5D4bD4sWpmSwMn52FMfXEA",
    "firstSwapTimestamp": "2025-07-02T14:14:00+00:00",
    "firstSwapType": "buy",
    "firstBuyerOrSeller": "BUq41XLEwdxB5VGk8ko8Mk7F2RMGEzSoct8Gf8MqeFXg",
    "firstTradeValueUsd": 1.490792281
}