{
    "label": 66,
    "mint": "31hhAXrH4breuuEAQz9w5WWVxMAVE6RL6hQSRv8wpump",
    "name": "chinese blow job",
    "symbol": "\u53e3\u4ea4",
    "decimals": "6",
    "totalSupply": "897165595213",
    "totalSupplyFormatted": "897165.595213",
    "sellerFeeBasisPoints": 0,
    "isMutable": false,
    "primarySaleHappened": 0,
    "updateAuthority": "GadCY8WUF2rFMWZEJfyniovnBmPeo4T21wcV7LqQbokN",
    "usdPrice": 1.0754e-05,
    "nativePriceValue": "71.9078",
    "exchangeName": "PumpSwap",
    "exchangeAddress": "pAMMBay6oceH9fJKBRHGP5D4bD4sWpmSwMn52FMfXEA",
    "firstSwapTimestamp": "2025-07-04T08:51:46+00:00",
    "firstSwapType": "buy",
    "firstBuyerOrSeller": "GadCY8WUF2rFMWZEJfyniovnBmPeo4T21wcV7LqQbokN",
    "firstTradeValueUsd": 1.49e-07
}