{
    "label": 63,
    "mint": "3RmWVEB61dTMfxGCr34ezAuqNpoCWCscd1sbh4oYpump",
    "name": "X is #1",
    "symbol": "X #1",
    "decimals": "6",
    "totalSupply": "999861822929366",
    "totalSupplyFormatted": "999861822.929366",
    "sellerFeeBasisPoints": 0,
    "isMutable": true,
    "primarySaleHappened": 0,
    "updateAuthority": "FyDzy3B7ZqV9XimcSqay1vHfqH453soBdbEqN5y674DN",
    "usdPrice": 3.2622e-05,
    "nativePriceValue": "225",
    "exchangeName": "PumpSwap",
    "exchangeAddress": "pAMMBay6oceH9fJKBRHGP5D4bD4sWpmSwMn52FMfXEA",
    "firstSwapTimestamp": "2025-06-18T18:16:10+00:00",
    "firstSwapType": "buy",
    "firstBuyerOrSeller": "6FCsptUPBLaaXene6Eh54F7VBh28exkXtgBFcJZLVgyM",
    "firstTradeValueUsd": 1.448892548
}