{
    "label": 63,
    "mint": "44mGsE7n6wPcnWTPMvM6u3ViCLjuLBeZvosoyPZbpump",
    "name": "The 12 Day War",
    "symbol": "12",
    "decimals": "6",
    "totalSupply": "999999456976579",
    "totalSupplyFormatted": "999999456.976579",
    "sellerFeeBasisPoints": 0,
    "isMutable": true,
    "primarySaleHappened": 0,
    "updateAuthority": "HUqCYYUWmbb5VeHmufyG1VZAhorr6xRe4PpsQHUXBCoo",
    "usdPrice": 6.8231e-05,
    "nativePriceValue": "474",
    "exchangeName": "PumpSwap",
    "exchangeAddress": "pAMMBay6oceH9fJKBRHGP5D4bD4sWpmSwMn52FMfXEA",
    "firstSwapTimestamp": "2025-06-24T01:13:45+00:00",
    "firstSwapType": "buy",
    "firstBuyerOrSeller": "DRv6TMMngRdKy8FjJnUtyjj9XxVuV6vFk4zfzGJnmPuQ",
    "firstTradeValueUsd": 1836.603313133
}