{
    "label": 63,
    "mint": "3dszz33RQSt7VctPtJSALk2arw3bNFCmoknfzGfepump",
    "name": "FUGGLER",
    "symbol": "FUGGLER",
    "decimals": "6",
    "totalSupply": "10469334255264",
    "totalSupplyFormatted": "10469334.255264",
    "sellerFeeBasisPoints": 0,
    "isMutable": false,
    "primarySaleHappened": 0,
    "updateAuthority": "Bd4cokC3QYrJZDQJy5Ze8nPEZ36YmCWuWVRkrGAsqy77",
    "usdPrice": 4.325e-06,
    "nativePriceValue": "29.013",
    "exchangeName": "PumpSwap",
    "exchangeAddress": "pAMMBay6oceH9fJKBRHGP5D4bD4sWpmSwMn52FMfXEA",
    "firstSwapTimestamp": "2025-07-02T11:27:23+00:00",
    "firstSwapType": "buy",
    "firstBuyerOrSeller": "Bd4cokC3QYrJZDQJy5Ze8nPEZ36YmCWuWVRkrGAsqy77",
    "firstTradeValueUsd": 1.48e-07
}