{
    "label": 67,
    "mint": "21Ajc6GnnHKHNMkRRWBueKm7xABi6WKtHKsb5NaHpump",
    "name": "stuck pooh",
    "symbol": "pooh",
    "decimals": "6",
    "totalSupply": "999937662301082",
    "totalSupplyFormatted": "999937662.301082",
    "sellerFeeBasisPoints": 0,
    "isMutable": true,
    "primarySaleHappened": 0,
    "updateAuthority": "FzbL3bsJmXosvEch7YhKYjQmaXQU9YtrdbJ9iY5Jf8tR",
    "usdPrice": 3915908.978320345,
    "nativePriceValue": "21428571571428",
    "exchangeName": "PumpSwap",
    "exchangeAddress": "pAMMBay6oceH9fJKBRHGP5D4bD4sWpmSwMn52FMfXEA",
    "firstSwapTimestamp": "2025-06-25T07:34:40+00:00",
    "firstSwapType": "buy",
    "firstBuyerOrSeller": "Gd8r2fJaxFcgUALaQnAfK8EDyLP4KtKno1NRWCUtHdmy",
    "firstTradeValueUsd": 2.19714499
}