{
    "label": 29,
    "mint": "3JCbChVRbQ8GuoYgiZdktvU9LrnLJy8tBBrWkT1Fpump",
    "name": "Yoku Market \u6b32",
    "symbol": "YM\u6b32",
    "decimals": "6",
    "totalSupply": "1000000000000000",
    "totalSupplyFormatted": "1000000000",
    "sellerFeeBasisPoints": 0,
    "isMutable": false,
    "primarySaleHappened": 0,
    "updateAuthority": "WLHv2UAZm6z4KyaaELi5pjdbJh6RESMva1Rnn8pJVVh",
    "usdPrice": 4.198e-06,
    "nativePriceValue": "27.6451",
    "exchangeName": "Raydium",
    "exchangeAddress": "LanMV9sAd7wArD4vJFi2qDdfnVhFxYSUg6eADduJ3uj",
    "firstSwapTimestamp": "2025-07-07T14:40:44+00:00",
    "firstSwapType": "buy",
    "firstBuyerOrSeller": "9dd6aEBbHQckLgAf4rQGsieLgscsS5XXhJFiogsjXNoQ",
    "firstTradeValueUsd": 136.746986433
}