{
    "label": 29,
    "mint": "3pDbHVpesGdcxGQjH1uQG22iCkUYEeHMnFczSwqSpump",
    "name": "Shark Whale",
    "symbol": "SW",
    "decimals": "6",
    "totalSupply": "999999082662120",
    "totalSupplyFormatted": "999999082.66212",
    "sellerFeeBasisPoints": 0,
    "isMutable": false,
    "primarySaleHappened": 0,
    "updateAuthority": "WLHv2UAZm6z4KyaaELi5pjdbJh6RESMva1Rnn8pJVVh",
    "usdPrice": 4.588e-06,
    "nativePriceValue": "28.1928",
    "exchangeName": "Raydium",
    "exchangeAddress": "LanMV9sAd7wArD4vJFi2qDdfnVhFxYSUg6eADduJ3uj",
    "firstSwapTimestamp": "2025-07-11T14:09:08+00:00",
    "firstSwapType": "buy",
    "firstBuyerOrSeller": "AXi1KL6gAoudzN4V2y6KiCcW7N5UTKmqU94sEsX2aNQc",
    "firstTradeValueUsd": 145.743600342
}