{
    "label": 81,
    "mint": "3scBq6zBUeR1jVLDKEQEdHu1hwazVJEnaY3qdXe2pump",
    "name": "Fartaura",
    "symbol": "FARTAURA",
    "decimals": "6",
    "totalSupply": "999998273237480",
    "totalSupplyFormatted": "999998273.23748",
    "sellerFeeBasisPoints": 0,
    "isMutable": true,
    "primarySaleHappened": 0,
    "updateAuthority": "BD9vNVYffDL6hKCVNwxFam6AAqcszyxnUca2WLveQNZp",
    "usdPrice": 5.219e-05,
    "nativePriceValue": "332",
    "exchangeName": "PumpSwap",
    "exchangeAddress": "pAMMBay6oceH9fJKBRHGP5D4bD4sWpmSwMn52FMfXEA",
    "firstSwapTimestamp": "2025-06-16T09:00:31+00:00",
    "firstSwapType": "buy",
    "firstBuyerOrSeller": "89FuDMzqFbUC4QHvvgARXXRkVdbjdKM3Fd9xKFYqAD5Q",
    "firstTradeValueUsd": 15.629996813
}