{
    "label": 63,
    "mint": "35ccbJ9yQHUNsjLavcNy5G7rnaQvrEAVHkddGiYopump",
    "name": "this will run",
    "symbol": "mario",
    "decimals": "6",
    "totalSupply": "999877617989921",
    "totalSupplyFormatted": "999877617.989921",
    "sellerFeeBasisPoints": 0,
    "isMutable": true,
    "primarySaleHappened": 0,
    "updateAuthority": "6PVQDESSGZZkyoZYfqFzqrB5QPja4289Ho5g417c873j",
    "usdPrice": 3.8301e-05,
    "nativePriceValue": "243",
    "exchangeName": "PumpSwap",
    "exchangeAddress": "pAMMBay6oceH9fJKBRHGP5D4bD4sWpmSwMn52FMfXEA",
    "firstSwapTimestamp": "2025-06-16T04:33:07+00:00",
    "firstSwapType": "buy",
    "firstBuyerOrSeller": "DRv6TMMngRdKy8FjJnUtyjj9XxVuV6vFk4zfzGJnmPuQ",
    "firstTradeValueUsd": 15.654653221
}