{
    "label": 82,
    "mint": "2JGM1rH2N2MMhjBsYj1N9SXwuyoyGMokT5Vt5Xsopump",
    "name": "Moonit University",
    "symbol": "MIU",
    "decimals": "6",
    "totalSupply": "999949661613113",
    "totalSupplyFormatted": "999949661.613113",
    "sellerFeeBasisPoints": 0,
    "isMutable": true,
    "primarySaleHappened": 0,
    "updateAuthority": "CU6LrxqZax8wcXw9FCRTNevhkq2LrJoDGzTRSZicPFq6",
    "usdPrice": 2.7e-05,
    "nativePriceValue": "184",
    "exchangeName": "PumpSwap",
    "exchangeAddress": "pAMMBay6oceH9fJKBRHGP5D4bD4sWpmSwMn52FMfXEA",
    "firstSwapTimestamp": "2025-06-19T10:05:36+00:00",
    "firstSwapType": "buy",
    "firstBuyerOrSeller": "5dnFxM648UQpBTonstiBE1HWZaVG49Cv3yuNhX6Y1nFU",
    "firstTradeValueUsd": 14.558799721
}