{
    "label": 80,
    "mint": "2Vn5bJ41aH7BBcwaxWzpDoBNFVMbMANBxUBGhWJepump",
    "name": "Scott Bessent at PF",
    "symbol": "PFSCOTT",
    "decimals": "6",
    "totalSupply": "999666727065400",
    "totalSupplyFormatted": "999666727.0654",
    "sellerFeeBasisPoints": 0,
    "isMutable": true,
    "primarySaleHappened": 0,
    "updateAuthority": "Qq6sqMsM84cuxBroAEyw2iYnmJh2t7MP4aCU9AVWvH8",
    "usdPrice": 6.694067661,
    "nativePriceValue": "49878787",
    "exchangeName": "PumpSwap",
    "exchangeAddress": "pAMMBay6oceH9fJKBRHGP5D4bD4sWpmSwMn52FMfXEA",
    "firstSwapTimestamp": "2025-06-21T22:52:52+00:00",
    "firstSwapType": "buy",
    "firstBuyerOrSeller": "89FuDMzqFbUC4QHvvgARXXRkVdbjdKM3Fd9xKFYqAD5Q",
    "firstTradeValueUsd": 13.387755919
}