{
    "label": 63,
    "mint": "41Rk8rSgUz8GHWvYShr6xZoXSrREBzvYRJ6Ss5bHpump",
    "name": "japan etf",
    "symbol": "japanETF",
    "decimals": "6",
    "totalSupply": "999681316178396",
    "totalSupplyFormatted": "999681316.178396",
    "sellerFeeBasisPoints": 0,
    "isMutable": true,
    "primarySaleHappened": 0,
    "updateAuthority": "BEeJMt88AAF6H5EXm423Q3E7AjX9XNaUE5vF6ebAsHsM",
    "usdPrice": 1.71839e-08,
    "nativePriceValue": "0.1193",
    "exchangeName": "PumpSwap",
    "exchangeAddress": "pAMMBay6oceH9fJKBRHGP5D4bD4sWpmSwMn52FMfXEA",
    "firstSwapTimestamp": "2025-06-24T10:06:38+00:00",
    "firstSwapType": "buy",
    "firstBuyerOrSeller": "FE8W9kNjRr21Fkg41feu1AoaRzfTn2pJ8S83VawLsayk",
    "firstTradeValueUsd": 1.435470492
}