{
    "label": 63,
    "mint": "2gk7fhokPivgKbNmDwGMqgFbaeDfRGkvw2H282Vhpump",
    "name": "Usa vs Iran",
    "symbol": "UVI",
    "decimals": "6",
    "totalSupply": "999999946254626",
    "totalSupplyFormatted": "999999946.254626",
    "sellerFeeBasisPoints": 0,
    "isMutable": true,
    "primarySaleHappened": 0,
    "updateAuthority": "exCBVJK2Jyj162mkdaWCUtersz9E7neGZjwsnRAx8sW",
    "usdPrice": 0.000123376,
    "nativePriceValue": "916",
    "exchangeName": "PumpSwap",
    "exchangeAddress": "pAMMBay6oceH9fJKBRHGP5D4bD4sWpmSwMn52FMfXEA",
    "firstSwapTimestamp": "2025-06-22T01:43:49+00:00",
    "firstSwapType": "buy",
    "firstBuyerOrSeller": "5M1ogcHpMJPWwcuKmrmZB2Z4UtbTnSFyBtv7bgRkm2pv",
    "firstTradeValueUsd": 27.042205848
}