{
    "label": 63,
    "mint": "3YiquEnLVWmpYCgKvYr5cUmZXCp2Te65QtEBEMszpump",
    "name": "Chillpumphouse",
    "symbol": "CHILLPUMP",
    "decimals": "6",
    "totalSupply": "999920448519157",
    "totalSupplyFormatted": "999920448.519157",
    "sellerFeeBasisPoints": 0,
    "isMutable": true,
    "primarySaleHappened": 0,
    "updateAuthority": "6yhJp5gWEBF52uF8JLB6fdrTnvWspYPfGihoCWkVf1Cp",
    "usdPrice": 3.2407e-05,
    "nativePriceValue": "227",
    "exchangeName": "PumpSwap",
    "exchangeAddress": "pAMMBay6oceH9fJKBRHGP5D4bD4sWpmSwMn52FMfXEA",
    "firstSwapTimestamp": "2025-06-27T15:13:54+00:00",
    "firstSwapType": "buy",
    "firstBuyerOrSeller": "4GNjyh5LbLRN22VZB8zDbYUDDL1rjxeCpdYNAfPqrB7y",
    "firstTradeValueUsd": 0.851753404
}