{
    "label": 63,
    "mint": "3y9EkaWyfYBo4ZiKYokSqrgomhSdQrCmi58sWz1qpump",
    "name": "Moonshot",
    "symbol": "Moonshot",
    "decimals": "6",
    "totalSupply": "999998163099553",
    "totalSupplyFormatted": "999998163.099553",
    "sellerFeeBasisPoints": 0,
    "isMutable": true,
    "primarySaleHappened": 0,
    "updateAuthority": "FqJDVS6GSUwxRAAjcfjBCnixYdZ8yW1znh35LSESjerL",
    "usdPrice": 6.8595e-05,
    "nativePriceValue": "451",
    "exchangeName": "PumpSwap",
    "exchangeAddress": "pAMMBay6oceH9fJKBRHGP5D4bD4sWpmSwMn52FMfXEA",
    "firstSwapTimestamp": "2025-06-28T18:13:09+00:00",
    "firstSwapType": "buy",
    "firstBuyerOrSeller": "DRv6TMMngRdKy8FjJnUtyjj9XxVuV6vFk4zfzGJnmPuQ",
    "firstTradeValueUsd": 3324.981546322
}