{
    "label": 67,
    "mint": "2GsEAQEZ8RGNk2wWwL34MNW8rEg7HG6EoRuDbavrpump",
    "name": "Farting Autistic Gorilla Shark",
    "symbol": "FAGS",
    "decimals": "6",
    "totalSupply": "1000000000000000",
    "totalSupplyFormatted": "1000000000",
    "sellerFeeBasisPoints": 0,
    "isMutable": false,
    "primarySaleHappened": 0,
    "updateAuthority": "F8jcedgc43XcKBpPTEcHUwYTYHAi5vcn6YMfiPB65Mop",
    "usdPrice": 4161.844160938,
    "nativePriceValue": "25688000000",
    "exchangeName": "PumpSwap",
    "exchangeAddress": "pAMMBay6oceH9fJKBRHGP5D4bD4sWpmSwMn52FMfXEA",
    "firstSwapTimestamp": "2025-06-18T01:24:03+00:00",
    "firstSwapType": "buy",
    "firstBuyerOrSeller": "4mgE9PeXoPth5WBUyki6cMHtyKqGZaNXaw6ro9ZtytCk",
    "firstTradeValueUsd": 3787.078240221
}