{
    "label": 29,
    "mint": "3BVrZKHAFy75qEju2KNMBdzt7prxZrc4w1wVdt3zpump",
    "name": "It Feels",
    "symbol": "ILLEGAL",
    "decimals": "6",
    "totalSupply": "1000000000000000000",
    "totalSupplyFormatted": "1000000000000",
    "sellerFeeBasisPoints": 0,
    "isMutable": false,
    "primarySaleHappened": 0,
    "updateAuthority": "WLHv2UAZm6z4KyaaELi5pjdbJh6RESMva1Rnn8pJVVh",
    "usdPrice": 4.1041e-09,
    "nativePriceValue": "0.0276",
    "exchangeName": "Raydium",
    "exchangeAddress": "LanMV9sAd7wArD4vJFi2qDdfnVhFxYSUg6eADduJ3uj",
    "firstSwapTimestamp": "2025-07-07T22:56:34+00:00",
    "firstSwapType": "buy",
    "firstBuyerOrSeller": "4ieYWh61u2nQxf748Jv14sFBCJoc2TWxeC6QVWn7rAqh",
    "firstTradeValueUsd": 5.928288013
}