{
    "label": 68,
    "mint": "3fWYNahYEZGxecJsi69E52J6iHYKAZjkHLaSbo38pump",
    "name": "Moon Cat",
    "symbol": "MOONCAT",
    "decimals": "6",
    "totalSupply": "999944657837293",
    "totalSupplyFormatted": "999944657.837293",
    "sellerFeeBasisPoints": 0,
    "isMutable": true,
    "primarySaleHappened": 0,
    "updateAuthority": "GancPTEVD2NPsTewVFq3B8hSeomqLEtpk5BbZ6QyJ4Zr",
    "usdPrice": 8.5478e-05,
    "nativePriceValue": "571",
    "exchangeName": "PumpSwap",
    "exchangeAddress": "pAMMBay6oceH9fJKBRHGP5D4bD4sWpmSwMn52FMfXEA",
    "firstSwapTimestamp": "2025-06-28T16:16:40+00:00",
    "firstSwapType": "buy",
    "firstBuyerOrSeller": "FWMVpoQYQGwi3kAddqHbSXesnmNtys1VqmsA3ZJoBcAQ",
    "firstTradeValueUsd": 1.485216814
}