{
    "label": 42,
    "mint": "14qrfhyWbg41bRb4YKnL4tCYz4ghfKC32nCBDKW8pump",
    "name": "Rational Economic Theory",
    "symbol": "GOLD",
    "decimals": "6",
    "totalSupply": "4631612764",
    "totalSupplyFormatted": "4631.612764",
    "sellerFeeBasisPoints": 0,
    "isMutable": false,
    "primarySaleHappened": 0,
    "updateAuthority": "NFYjukmjsm3zaaz96icnqZPEMqpQoFp5H4rvvwkPLJt",
    "usdPrice": 6.367e-06,
    "nativePriceValue": "39.354",
    "exchangeName": "PumpSwap",
    "exchangeAddress": "pAMMBay6oceH9fJKBRHGP5D4bD4sWpmSwMn52FMfXEA",
    "firstSwapTimestamp": "2025-06-23T20:01:23+00:00",
    "firstSwapType": "buy",
    "firstBuyerOrSeller": "cakewAiZcEFuE3YjRd6KzBVqdpykNCZupJxdft7u5vW",
    "firstTradeValueUsd": 0.008957021
}