{
    "label": 63,
    "mint": "364mCDeVrRv1nrAft1S29yWVNzovn2spjzN5fbxypump",
    "name": "ELON",
    "symbol": "ELON",
    "decimals": "6",
    "totalSupply": "999864610460925",
    "totalSupplyFormatted": "999864610.460925",
    "sellerFeeBasisPoints": 0,
    "isMutable": true,
    "primarySaleHappened": 0,
    "updateAuthority": "DYhuFhwVeNokctZsbENYcsuR8CcBjoAhNEkhRUmjD8qF",
    "usdPrice": 4.4501e-05,
    "nativePriceValue": "302",
    "exchangeName": "PumpSwap",
    "exchangeAddress": "pAMMBay6oceH9fJKBRHGP5D4bD4sWpmSwMn52FMfXEA",
    "firstSwapTimestamp": "2025-06-28T15:16:19+00:00",
    "firstSwapType": "buy",
    "firstBuyerOrSeller": "AxtSrGv2bjdinqPcvco4vXqUXy2RDu7vfUeshBc6wGDx",
    "firstTradeValueUsd": 0.879039649
}