{
    "label": 63,
    "mint": "2UoPquojk49kmQSNoLaAZ1BmVa1snBeHUUHbVVWmpump",
    "name": "Monke Phone",
    "symbol": "MONKEPHONE",
    "decimals": "6",
    "totalSupply": "901243084844190",
    "totalSupplyFormatted": "901243084.84419",
    "sellerFeeBasisPoints": 0,
    "isMutable": false,
    "primarySaleHappened": 0,
    "updateAuthority": "9WuprfFcqi99okYcU7A9KeEmeuqv24BVBhRBZBViUMAu",
    "usdPrice": 8.35e-11,
    "nativePriceValue": "0.00051745",
    "exchangeName": "PumpSwap",
    "exchangeAddress": "pAMMBay6oceH9fJKBRHGP5D4bD4sWpmSwMn52FMfXEA",
    "firstSwapTimestamp": "2025-07-09T10:55:54+00:00",
    "firstSwapType": "buy",
    "firstBuyerOrSeller": "5iywveQKkidqPDKt2CExJcWKex2EXz9kbGcYiZvhuXWs",
    "firstTradeValueUsd": 0.015262972
}