{
    "label": 63,
    "mint": "27pLnFDb25HmiBft29tw4Xpde4ttZfvFqNaw7J58pump",
    "name": "HAMANEYCOIN",
    "symbol": "Hamaney",
    "decimals": "6",
    "totalSupply": "999998884827396",
    "totalSupplyFormatted": "999998884.827396",
    "sellerFeeBasisPoints": 0,
    "isMutable": true,
    "primarySaleHappened": 0,
    "updateAuthority": "HYTdLDRHNKsDsrJb4is9B7J3TXgYs6Sny66UhS47KpoP",
    "usdPrice": 0.000130788,
    "nativePriceValue": "933",
    "exchangeName": "PumpSwap",
    "exchangeAddress": "pAMMBay6oceH9fJKBRHGP5D4bD4sWpmSwMn52FMfXEA",
    "firstSwapTimestamp": "2025-06-27T02:15:14+00:00",
    "firstSwapType": "buy",
    "firstBuyerOrSeller": "5Cgqp2bxiBfa5K4oE2U9CAfTKjrnYwY6TMjgwRpMgJfK",
    "firstTradeValueUsd": 2.053225398
}