{
    "label": 67,
    "mint": "2su4iSxsiT25bptno2WbE9HFkxJ8HJMG6j1wxcydpump",
    "name": "Durags Community",
    "symbol": "DURAGS",
    "decimals": "6",
    "totalSupply": "555325880477",
    "totalSupplyFormatted": "555325.880477",
    "sellerFeeBasisPoints": 0,
    "isMutable": false,
    "primarySaleHappened": 0,
    "updateAuthority": "8hb47PWYKeQpYZRfKAsAc4MziAVVe71HBcbBVTHrpk9y",
    "usdPrice": 1959865.702154314,
    "nativePriceValue": "10714285750000",
    "exchangeName": "PumpSwap",
    "exchangeAddress": "pAMMBay6oceH9fJKBRHGP5D4bD4sWpmSwMn52FMfXEA",
    "firstSwapTimestamp": "2025-06-30T02:17:34+00:00",
    "firstSwapType": "buy",
    "firstBuyerOrSeller": "8hb47PWYKeQpYZRfKAsAc4MziAVVe71HBcbBVTHrpk9y",
    "firstTradeValueUsd": 1.52e-07
}