{
    "label": 63,
    "mint": "14dfF229jZV8W2GdNc5dc2XxnZJFW4i9gGgGa6Prpump",
    "name": "Goldengoodboy",
    "symbol": "GOLD",
    "decimals": "6",
    "totalSupply": "667747707073",
    "totalSupplyFormatted": "667747.707073",
    "sellerFeeBasisPoints": 0,
    "isMutable": false,
    "primarySaleHappened": 0,
    "updateAuthority": "2duSCJTt16sqVK5zifYtHzPTYTTFXmGnx5djsPegKRcU",
    "usdPrice": 2.21e-06,
    "nativePriceValue": "13.633",
    "exchangeName": "PumpSwap",
    "exchangeAddress": "pAMMBay6oceH9fJKBRHGP5D4bD4sWpmSwMn52FMfXEA",
    "firstSwapTimestamp": "2025-06-24T13:04:32+00:00",
    "firstSwapType": "buy",
    "firstBuyerOrSeller": "5iywveQKkidqPDKt2CExJcWKex2EXz9kbGcYiZvhuXWs",
    "firstTradeValueUsd": 0.014418115
}