{
    "label": 59,
    "mint": "1ZVaZ7bEELd2NwCWikgkBxW3vLPDhEB6HpLafFipump",
    "name": "Existential Optimism Token",
    "symbol": "HOPE",
    "decimals": "6",
    "totalSupply": "88704418188",
    "totalSupplyFormatted": "88704.418188",
    "sellerFeeBasisPoints": 0,
    "isMutable": false,
    "primarySaleHappened": 0,
    "updateAuthority": "GY2zHYJ3qvrygGZP81zi8kTZ6hbo7mEHFkqMZfUZz18p",
    "usdPrice": 4.76328e-08,
    "nativePriceValue": "0.2947",
    "exchangeName": "PumpSwap",
    "exchangeAddress": "pAMMBay6oceH9fJKBRHGP5D4bD4sWpmSwMn52FMfXEA",
    "firstSwapTimestamp": "2025-06-24T06:06:12+00:00",
    "firstSwapType": "buy",
    "firstBuyerOrSeller": "cakewAiZcEFuE3YjRd6KzBVqdpykNCZupJxdft7u5vW",
    "firstTradeValueUsd": 0.009268045
}