{
    "label": 66,
    "mint": "3KQaJC3ZfEoheHeVjt8e1vgemAQSDjU5ZKMffVXbpump",
    "name": "\u5c0f\u9ec4",
    "symbol": "POINKO",
    "decimals": "6",
    "totalSupply": "830631286002",
    "totalSupplyFormatted": "830631.286002",
    "sellerFeeBasisPoints": 0,
    "isMutable": false,
    "primarySaleHappened": 0,
    "updateAuthority": "5Tb1ta1VvnoYvH7rDX6FxAjaLEzR2fdyrZgTDo3Av6GH",
    "usdPrice": 8.625e-06,
    "nativePriceValue": "57.0251",
    "exchangeName": "PumpSwap",
    "exchangeAddress": "pAMMBay6oceH9fJKBRHGP5D4bD4sWpmSwMn52FMfXEA",
    "firstSwapTimestamp": "2025-07-07T06:32:39+00:00",
    "firstSwapType": "buy",
    "firstBuyerOrSeller": "djf3wZtw6i6kKi3VzjiJzhafE3wuQWcwvMhsLBacQvv",
    "firstTradeValueUsd": 0.377656629
}