{
    "label": 63,
    "mint": "345XEZsyLVSwFtXLJHhr1vBEhAfW1yxqvGLLiZHPpump",
    "name": "runner or rugger",
    "symbol": "50/50",
    "decimals": "6",
    "totalSupply": "999955968404933",
    "totalSupplyFormatted": "999955968.404933",
    "sellerFeeBasisPoints": 0,
    "isMutable": true,
    "primarySaleHappened": 0,
    "updateAuthority": "BanRLYuqoz472yhA6dR1Hmv9saiJpGoqPRXmZYdVMxTy",
    "usdPrice": 4.9412e-05,
    "nativePriceValue": "340",
    "exchangeName": "PumpSwap",
    "exchangeAddress": "pAMMBay6oceH9fJKBRHGP5D4bD4sWpmSwMn52FMfXEA",
    "firstSwapTimestamp": "2025-06-24T06:10:39+00:00",
    "firstSwapType": "buy",
    "firstBuyerOrSeller": "FWMVpoQYQGwi3kAddqHbSXesnmNtys1VqmsA3ZJoBcAQ",
    "firstTradeValueUsd": 1.448370993
}