{
    "label": 63,
    "mint": "4fqZoiMLA64DFyain4oNB8HbrByENwbJSmRjVUCopump",
    "name": "Peace Pepe",
    "symbol": "PPEPE",
    "decimals": "6",
    "totalSupply": "999953840466332",
    "totalSupplyFormatted": "999953840.466332",
    "sellerFeeBasisPoints": 0,
    "isMutable": true,
    "primarySaleHappened": 0,
    "updateAuthority": "GkR6qWG3NnNZmLjVoofRBs5nSBbz7uow5taVRSnxG2EQ",
    "usdPrice": 1.1469e-05,
    "nativePriceValue": "75.1653",
    "exchangeName": "PumpSwap",
    "exchangeAddress": "pAMMBay6oceH9fJKBRHGP5D4bD4sWpmSwMn52FMfXEA",
    "firstSwapTimestamp": "2025-06-15T23:21:26+00:00",
    "firstSwapType": "buy",
    "firstBuyerOrSeller": "AdB1vj5gTJn9ZcRoZkEqEoCv1ubJKrMadUeYRMeJdgh4",
    "firstTradeValueUsd": 1.521660222
}