{
    "label": 43,
    "mint": "13VBscTMjrW2UiQWg7xZNEXzv6ZKdCqZHWiSBkzopump",
    "name": "The Solflare Bird",
    "symbol": "Chiki",
    "decimals": "6",
    "totalSupply": "1343316055628",
    "totalSupplyFormatted": "1343316.055628",
    "sellerFeeBasisPoints": 0,
    "isMutable": false,
    "primarySaleHappened": 0,
    "updateAuthority": "CpRvgfTRTGu4bpncTkCQBYXMCCd2JLuemgh2Geha4WMw",
    "usdPrice": 5.281e-10,
    "nativePriceValue": "0.00326619",
    "exchangeName": "PumpSwap",
    "exchangeAddress": "pAMMBay6oceH9fJKBRHGP5D4bD4sWpmSwMn52FMfXEA",
    "firstSwapTimestamp": "2025-06-29T09:01:30+00:00",
    "firstSwapType": "buy",
    "firstBuyerOrSeller": "cakewAiZcEFuE3YjRd6KzBVqdpykNCZupJxdft7u5vW",
    "firstTradeValueUsd": 0.009651224
}