{
    "label": 63,
    "mint": "3sxnuypZbadPyyEKeNrMS3DDLbQZj3NsdHL8utn2pump",
    "name": "SuperMark",
    "symbol": "SUPERMARK",
    "decimals": "6",
    "totalSupply": "999765397802027",
    "totalSupplyFormatted": "999765397.802027",
    "sellerFeeBasisPoints": 0,
    "isMutable": true,
    "primarySaleHappened": 0,
    "updateAuthority": "8Wzjzqx15Szzu35BE1a9zQPRo5QeKknSi4kbrY28yVct",
    "usdPrice": 4.1877e-05,
    "nativePriceValue": "283",
    "exchangeName": "PumpSwap",
    "exchangeAddress": "pAMMBay6oceH9fJKBRHGP5D4bD4sWpmSwMn52FMfXEA",
    "firstSwapTimestamp": "2025-06-20T12:45:36+00:00",
    "firstSwapType": "buy",
    "firstBuyerOrSeller": "2ky21UvP2gfQRm2e74R874jzsULAdsVBD1bmuzaFoBi7",
    "firstTradeValueUsd": 1.651288087
}