{
    "label": 47,
    "mint": "1234gt4feAnvAaTz7Js7AX2axtXgPBpcdyeJMqrJpump",
    "name": "Diamond Hands Coin",
    "symbol": "DMND",
    "decimals": "6",
    "totalSupply": "424880785828",
    "totalSupplyFormatted": "424880.785828",
    "sellerFeeBasisPoints": 0,
    "isMutable": false,
    "primarySaleHappened": 0,
    "updateAuthority": "2s1EuBmEidzTRwtDTPqNjb1JXpAZQ2E3H3mUgWVSb9fm",
    "usdPrice": 5.7862e-09,
    "nativePriceValue": "0.0357",
    "exchangeName": "PumpSwap",
    "exchangeAddress": "pAMMBay6oceH9fJKBRHGP5D4bD4sWpmSwMn52FMfXEA",
    "firstSwapTimestamp": "2025-06-22T00:02:12+00:00",
    "firstSwapType": "buy",
    "firstBuyerOrSeller": "27HFmP7ccLadGswvQfvea4o3juLw75cPF4V6jWpHM3MX",
    "firstTradeValueUsd": 0.014238639
}