{
    "label": 63,
    "mint": "144fWAnst4AppacF38jzG6prM77u5YLWhK4nLhWRpump",
    "name": "Otto The Grouch",
    "symbol": "OTTO",
    "decimals": "6",
    "totalSupply": "722030326468",
    "totalSupplyFormatted": "722030.326468",
    "sellerFeeBasisPoints": 0,
    "isMutable": false,
    "primarySaleHappened": 0,
    "updateAuthority": "9CBto6xjM9WhyfbhahRVrmHG4FQbuR2UhFjy8xua2bZw",
    "usdPrice": 4.761e-06,
    "nativePriceValue": "29.4524",
    "exchangeName": "PumpSwap",
    "exchangeAddress": "pAMMBay6oceH9fJKBRHGP5D4bD4sWpmSwMn52FMfXEA",
    "firstSwapTimestamp": "2025-06-21T19:00:10+00:00",
    "firstSwapType": "buy",
    "firstBuyerOrSeller": "5iywveQKkidqPDKt2CExJcWKex2EXz9kbGcYiZvhuXWs",
    "firstTradeValueUsd": 0.013732177
}