{
    "label": 82,
    "mint": "4FVFtVbsrmhBZwouxnM8tp4GQwZTMEhH8m9jZE7Wpump",
    "name": "AI fruits",
    "symbol": "fruits",
    "decimals": "6",
    "totalSupply": "999949660221827",
    "totalSupplyFormatted": "999949660.221827",
    "sellerFeeBasisPoints": 0,
    "isMutable": true,
    "primarySaleHappened": 0,
    "updateAuthority": "CU6LrxqZax8wcXw9FCRTNevhkq2LrJoDGzTRSZicPFq6",
    "usdPrice": 3.8302e-05,
    "nativePriceValue": "259",
    "exchangeName": "PumpSwap",
    "exchangeAddress": "pAMMBay6oceH9fJKBRHGP5D4bD4sWpmSwMn52FMfXEA",
    "firstSwapTimestamp": "2025-06-18T02:15:19+00:00",
    "firstSwapType": "buy",
    "firstBuyerOrSeller": "5dnFxM648UQpBTonstiBE1HWZaVG49Cv3yuNhX6Y1nFU",
    "firstTradeValueUsd": 14.70511806
}