{
    "label": 63,
    "mint": "4vv1s8yMFkSWRoncAmZD45qUZJiBG2PZNnfxTF3Fpump",
    "name": "Tardigrades Cult",
    "symbol": "TARD",
    "decimals": "6",
    "totalSupply": "999782959311134",
    "totalSupplyFormatted": "999782959.311134",
    "sellerFeeBasisPoints": 0,
    "isMutable": true,
    "primarySaleHappened": 0,
    "updateAuthority": "5JyrM7JFpdCDrRnyfwffoyH3niXbA2GVS7hopYZSFReq",
    "usdPrice": 1.1078e-05,
    "nativePriceValue": "76.8226",
    "exchangeName": "PumpSwap",
    "exchangeAddress": "pAMMBay6oceH9fJKBRHGP5D4bD4sWpmSwMn52FMfXEA",
    "firstSwapTimestamp": "2025-06-24T10:48:05+00:00",
    "firstSwapType": "buy",
    "firstBuyerOrSeller": "97TjdjQr6vQZ6YTFZ4Ux5wPsCPGjNHTbURmJGsJdxdry",
    "firstTradeValueUsd": 14.352490439
}