{
    "label": 63,
    "mint": "4bZGbErhhh2bC5T2CuoqL2eMAkWfxnYnLBovkHQXpump",
    "name": "mizu",
    "symbol": "mizu",
    "decimals": "6",
    "totalSupply": "999798433223092",
    "totalSupplyFormatted": "999798433.223092",
    "sellerFeeBasisPoints": 0,
    "isMutable": true,
    "primarySaleHappened": 0,
    "updateAuthority": "4onFcrzpBVT6pg32j2pPSFpTUMNp1b9jwtkiNtLnDz3J",
    "usdPrice": 2.4212e-05,
    "nativePriceValue": "171",
    "exchangeName": "PumpSwap",
    "exchangeAddress": "pAMMBay6oceH9fJKBRHGP5D4bD4sWpmSwMn52FMfXEA",
    "firstSwapTimestamp": "2025-06-27T04:11:54+00:00",
    "firstSwapType": "buy",
    "firstBuyerOrSeller": "CLAcdeC4MmSA9h9BZbVf94cnwfd8BvVatf4jP6g6FoYE",
    "firstTradeValueUsd": 1.266657091
}