{
    "label": 66,
    "mint": "14U2m81tmws8q9D577kQiTRkzGxWic5suaqefFS2pump",
    "name": "Unstable Stable Asset",
    "symbol": "USA",
    "decimals": "6",
    "totalSupply": "180291851371",
    "totalSupplyFormatted": "180291.851371",
    "sellerFeeBasisPoints": 0,
    "isMutable": false,
    "primarySaleHappened": 0,
    "updateAuthority": "G2yT2pk7kYQj4z9NxZGH5A7qKkt3erhLSiokoZdPD21Z",
    "usdPrice": 5.723e-06,
    "nativePriceValue": "35.3285",
    "exchangeName": "PumpSwap",
    "exchangeAddress": "pAMMBay6oceH9fJKBRHGP5D4bD4sWpmSwMn52FMfXEA",
    "firstSwapTimestamp": "2025-06-22T04:02:30+00:00",
    "firstSwapType": "buy",
    "firstBuyerOrSeller": "cakewAiZcEFuE3YjRd6KzBVqdpykNCZupJxdft7u5vW",
    "firstTradeValueUsd": 0.008647157
}