{
    "label": 63,
    "mint": "3yTXvjDGXpVMZJGfTRMTsyUdsaowionNDKvS7Jfnpump",
    "name": "tutututu",
    "symbol": "tutututu",
    "decimals": "6",
    "totalSupply": "999973184581185",
    "totalSupplyFormatted": "999973184.581185",
    "sellerFeeBasisPoints": 0,
    "isMutable": true,
    "primarySaleHappened": 0,
    "updateAuthority": "2fb3L1uEAYKkaS3Y5QaxH1VapLavK99mSwQKTQ3vsrcN",
    "usdPrice": 7.1873e-05,
    "nativePriceValue": "499",
    "exchangeName": "PumpSwap",
    "exchangeAddress": "pAMMBay6oceH9fJKBRHGP5D4bD4sWpmSwMn52FMfXEA",
    "firstSwapTimestamp": "2025-06-25T22:12:48+00:00",
    "firstSwapType": "buy",
    "firstBuyerOrSeller": "HJKLfCjKoL4639MKxbnZ5pVCeu9niKQceXTuWj2fyutN",
    "firstTradeValueUsd": 1.421402254
}