{
    "label": 80,
    "mint": "2nGVmoAhzVry9Cga48LtjNNZ34tu2iJmkpVTByrMpump",
    "name": "pspsps",
    "symbol": "pspsps",
    "decimals": "6",
    "totalSupply": "999998918957586",
    "totalSupplyFormatted": "999998918.957586",
    "sellerFeeBasisPoints": 0,
    "isMutable": true,
    "primarySaleHappened": 0,
    "updateAuthority": "Qq6sqMsM84cuxBroAEyw2iYnmJh2t7MP4aCU9AVWvH8",
    "usdPrice": 5.9388e-05,
    "nativePriceValue": "377",
    "exchangeName": "PumpSwap",
    "exchangeAddress": "pAMMBay6oceH9fJKBRHGP5D4bD4sWpmSwMn52FMfXEA",
    "firstSwapTimestamp": "2025-06-30T17:15:22+00:00",
    "firstSwapType": "buy",
    "firstBuyerOrSeller": "9Dny7M9VerDvVui4oavbWSHEizECoZoSTviZzZsadsxa",
    "firstTradeValueUsd": 52.014851976
}