{
    "label": 62,
    "mint": "4MV7YxsGX9HqJjQmEEQnF7NJtpZ9YaeA2hj6cf8tpump",
    "name": "society if",
    "symbol": "society",
    "decimals": "6",
    "totalSupply": "999998598077295",
    "totalSupplyFormatted": "999998598.077295",
    "sellerFeeBasisPoints": 0,
    "isMutable": true,
    "primarySaleHappened": 0,
    "updateAuthority": "Cdkt8XPWQ4PCoZHtiVvdQ3KcDQi3WJ9PGVs8DHmZ1zJX",
    "usdPrice": 8.7644e-05,
    "nativePriceValue": "600",
    "exchangeName": "PumpSwap",
    "exchangeAddress": "pAMMBay6oceH9fJKBRHGP5D4bD4sWpmSwMn52FMfXEA",
    "firstSwapTimestamp": "2025-06-25T11:25:14+00:00",
    "firstSwapType": "buy",
    "firstBuyerOrSeller": "EWfnPghEku1TRDoQyc8HsGqDuL14P5zvsH8u1HNyVXDh",
    "firstTradeValueUsd": 1.569546598
}