{
    "label": 63,
    "mint": "2bcZmpcSYtnar1pjqS6AUkeD6BVrFobcxdFYSdjEpump",
    "name": "Trump Emoji",
    "symbol": "\u270a",
    "decimals": "6",
    "totalSupply": "999972868970018",
    "totalSupplyFormatted": "999972868.970018",
    "sellerFeeBasisPoints": 0,
    "isMutable": true,
    "primarySaleHappened": 0,
    "updateAuthority": "7AtEVPWYtYvqQup4zgWgHWPqogTECWV561AKnooD8sg1",
    "usdPrice": 9.1415e-05,
    "nativePriceValue": "589",
    "exchangeName": "PumpSwap",
    "exchangeAddress": "pAMMBay6oceH9fJKBRHGP5D4bD4sWpmSwMn52FMfXEA",
    "firstSwapTimestamp": "2025-06-16T12:59:36+00:00",
    "firstSwapType": "buy",
    "firstBuyerOrSeller": "6ZSSbyWfDG4MSCV2Nzhzd5ZPj35hn2mgci5iMH1D2Xij",
    "firstTradeValueUsd": 2.169745296
}