{
    "label": 64,
    "mint": "2ewS26LaMCoay9sMPipR4HXDFjpep7xiVbxVpNSMpump",
    "name": "fuck you higher",
    "symbol": "fyh",
    "decimals": "6",
    "totalSupply": "2761673374651",
    "totalSupplyFormatted": "2761673.374651",
    "sellerFeeBasisPoints": 0,
    "isMutable": false,
    "primarySaleHappened": 0,
    "updateAuthority": "EfdFfkonZVgBK7EG8x7T9vnNd82TbKpCk8MubfjLbbdT",
    "usdPrice": 6.896e-06,
    "nativePriceValue": "47.764",
    "exchangeName": "PumpSwap",
    "exchangeAddress": "pAMMBay6oceH9fJKBRHGP5D4bD4sWpmSwMn52FMfXEA",
    "firstSwapTimestamp": "2025-06-28T06:05:47+00:00",
    "firstSwapType": "buy",
    "firstBuyerOrSeller": "EfdFfkonZVgBK7EG8x7T9vnNd82TbKpCk8MubfjLbbdT",
    "firstTradeValueUsd": 1.43e-07
}