{
    "label": 63,
    "mint": "4rZewDE2BB95MLeDUnd6XVjk4mYWh89zKcBM3GwNpump",
    "name": "bee cat",
    "symbol": "BC",
    "decimals": "6",
    "totalSupply": "490555264329",
    "totalSupplyFormatted": "490555.264329",
    "sellerFeeBasisPoints": 0,
    "isMutable": false,
    "primarySaleHappened": 0,
    "updateAuthority": "hWNzj54tHg9LHBNGsvQav3EWV9pNDVGRaDuE3c9bD57",
    "usdPrice": 9.804e-06,
    "nativePriceValue": "65.3592",
    "exchangeName": "PumpSwap",
    "exchangeAddress": "pAMMBay6oceH9fJKBRHGP5D4bD4sWpmSwMn52FMfXEA",
    "firstSwapTimestamp": "2025-07-07T18:51:55+00:00",
    "firstSwapType": "buy",
    "firstBuyerOrSeller": "DHWQyuY3sUfNnucLziaQpKfbpFxN1tdbj3XTPQ7ghBrw",
    "firstTradeValueUsd": 0.373939394
}