{
    "label": 36,
    "mint": "12LsQJdThFSaLN2oC6ZC5f8mM5E4RTNdZRVwZoQspump",
    "name": "MyToken",
    "symbol": "MTK",
    "decimals": "6",
    "totalSupply": "4787716381",
    "totalSupplyFormatted": "4787.716381",
    "sellerFeeBasisPoints": 0,
    "isMutable": false,
    "primarySaleHappened": 0,
    "updateAuthority": "Aovk9dyBNG9Tu8bcysVoFqVCNtozXwDE4tSvQauAsf8U",
    "usdPrice": 5.643e-06,
    "nativePriceValue": "34.812",
    "exchangeName": "PumpSwap",
    "exchangeAddress": "pAMMBay6oceH9fJKBRHGP5D4bD4sWpmSwMn52FMfXEA",
    "firstSwapTimestamp": "2025-06-19T19:02:11+00:00",
    "firstSwapType": "buy",
    "firstBuyerOrSeller": "4woXzDiykf2ykiWw4jTeK5ce3rcMBNm9z5FqQwoReFTg",
    "firstTradeValueUsd": 0.011618942
}