{
    "label": 63,
    "mint": "3rHYZDbMCHDQqeZTtoFpiQCJzZsGwQyUq7UZvAzYpump",
    "name": "CompanyAI",
    "symbol": "CompanyAI",
    "decimals": "6",
    "totalSupply": "999661445823602",
    "totalSupplyFormatted": "999661445.823602",
    "sellerFeeBasisPoints": 0,
    "isMutable": true,
    "primarySaleHappened": 0,
    "updateAuthority": "CV2pHJvpx4Nu7GqdmHzxN54aB69ENGg4ZGX25MMG4g3V",
    "usdPrice": 4.9725e-05,
    "nativePriceValue": "321",
    "exchangeName": "PumpSwap",
    "exchangeAddress": "pAMMBay6oceH9fJKBRHGP5D4bD4sWpmSwMn52FMfXEA",
    "firstSwapTimestamp": "2025-07-02T22:10:27+00:00",
    "firstSwapType": "buy",
    "firstBuyerOrSeller": "2jYSccZUuXM4TY2y2641PB5zV65BSqjkfshWukL8QPkP",
    "firstTradeValueUsd": 1.533532658
}