{
    "label": 44,
    "mint": "13rRDbpjMvej5V3gUe43TLU8shVY8T15wjoz8r22pump",
    "name": "Portal Pixel Creators",
    "symbol": "PORT",
    "decimals": "6",
    "totalSupply": "2827986054",
    "totalSupplyFormatted": "2827.986054",
    "sellerFeeBasisPoints": 0,
    "isMutable": false,
    "primarySaleHappened": 0,
    "updateAuthority": "Awf21dE2Ya66oC5mBDvvKEixuk2ejspXqd2fWq6JXBjE",
    "usdPrice": 4.3902e-05,
    "nativePriceValue": "270",
    "exchangeName": "PumpSwap",
    "exchangeAddress": "pAMMBay6oceH9fJKBRHGP5D4bD4sWpmSwMn52FMfXEA",
    "firstSwapTimestamp": "2025-06-19T12:03:41+00:00",
    "firstSwapType": "buy",
    "firstBuyerOrSeller": "27HFmP7ccLadGswvQfvea4o3juLw75cPF4V6jWpHM3MX",
    "firstTradeValueUsd": 0.015221878
}