{
    "label": 63,
    "mint": "4vJ8ZcHgzMsG8WDSDrbCsDZyAYLSnUJFFSrdnNRPpump",
    "name": "SPL",
    "symbol": "SPL",
    "decimals": "6",
    "totalSupply": "999999605635255",
    "totalSupplyFormatted": "999999605.635255",
    "sellerFeeBasisPoints": 0,
    "isMutable": true,
    "primarySaleHappened": 0,
    "updateAuthority": "2ULdfYwvjC28FLcviQevGXCxEUCvSH5BE2L9Lo58aUtZ",
    "usdPrice": 4.4954e-05,
    "nativePriceValue": "295",
    "exchangeName": "PumpSwap",
    "exchangeAddress": "pAMMBay6oceH9fJKBRHGP5D4bD4sWpmSwMn52FMfXEA",
    "firstSwapTimestamp": "2025-06-16T00:34:08+00:00",
    "firstSwapType": "buy",
    "firstBuyerOrSeller": "DRv6TMMngRdKy8FjJnUtyjj9XxVuV6vFk4zfzGJnmPuQ",
    "firstTradeValueUsd": 15.200383558
}