{
    "label": 63,
    "mint": "3ZZ72QwYTdoi7L289rAAp42WkayWATNHz9r6moi3pump",
    "name": "Pweace",
    "symbol": "Pweace",
    "decimals": "6",
    "totalSupply": "999979493029385",
    "totalSupplyFormatted": "999979493.029385",
    "sellerFeeBasisPoints": 0,
    "isMutable": true,
    "primarySaleHappened": 0,
    "updateAuthority": "2UtzdXt9v7aHdJN2JYhwThqdNutMaDq5zS6wUD22YSG8",
    "usdPrice": 4.5618e-05,
    "nativePriceValue": "341",
    "exchangeName": "PumpSwap",
    "exchangeAddress": "pAMMBay6oceH9fJKBRHGP5D4bD4sWpmSwMn52FMfXEA",
    "firstSwapTimestamp": "2025-06-22T09:36:35+00:00",
    "firstSwapType": "buy",
    "firstBuyerOrSeller": "ChooDVvynTZkodEorMAdEomLuK6hqQvqd3rC8hs92uec",
    "firstTradeValueUsd": 0.811674911
}