{
    "label": 36,
    "mint": "1VAdY3pVki6a1NuUAdJaTZKGaVSFnLMunXqZhV8pump",
    "name": "MEMECOIN",
    "symbol": "SLANT",
    "decimals": "6",
    "totalSupply": "4725253158",
    "totalSupplyFormatted": "4725.253158",
    "sellerFeeBasisPoints": 0,
    "isMutable": false,
    "primarySaleHappened": 0,
    "updateAuthority": "3Aiq4X5vAnYYqR3x1tHHv3AUvyZ7BHq9cbWhMApuXMc7",
    "usdPrice": 2.456e-06,
    "nativePriceValue": "15.1824",
    "exchangeName": "PumpSwap",
    "exchangeAddress": "pAMMBay6oceH9fJKBRHGP5D4bD4sWpmSwMn52FMfXEA",
    "firstSwapTimestamp": "2025-06-17T10:01:03+00:00",
    "firstSwapType": "buy",
    "firstBuyerOrSeller": "4woXzDiykf2ykiWw4jTeK5ce3rcMBNm9z5FqQwoReFTg",
    "firstTradeValueUsd": 0.012085464
}