{
    "label": 36,
    "mint": "14GHfuYiJaEXircR4nSKYcoFFbBMg3SoPDuFrbPLpump",
    "name": "Ven Currency",
    "symbol": "VEN",
    "decimals": "6",
    "totalSupply": "3453715923",
    "totalSupplyFormatted": "3453.715923",
    "sellerFeeBasisPoints": 0,
    "isMutable": false,
    "primarySaleHappened": 0,
    "updateAuthority": "HjYiXFdp1cV9uoUQ9CDuafTkveZtntUEjUuVCZ8daShU",
    "usdPrice": 6.901e-06,
    "nativePriceValue": "42.6479",
    "exchangeName": "PumpSwap",
    "exchangeAddress": "pAMMBay6oceH9fJKBRHGP5D4bD4sWpmSwMn52FMfXEA",
    "firstSwapTimestamp": "2025-06-27T05:06:49+00:00",
    "firstSwapType": "buy",
    "firstBuyerOrSeller": "cakewAiZcEFuE3YjRd6KzBVqdpykNCZupJxdft7u5vW",
    "firstTradeValueUsd": 0.009049035
}