{
    "label": 67,
    "mint": "3vbd4X5h3MVfw1N87c5CkAeKuMu2gFECXdqFtSWppump",
    "name": "GoPulse",
    "symbol": "GO",
    "decimals": "6",
    "totalSupply": "999465453198868",
    "totalSupplyFormatted": "999465453.198868",
    "sellerFeeBasisPoints": 0,
    "isMutable": true,
    "primarySaleHappened": 0,
    "updateAuthority": "3oSP3nimwT2U9gte5JpP6juEcQbw1GVhtkRfzGZt3gqw",
    "usdPrice": 1508744.230660718,
    "nativePriceValue": "8110272045454",
    "exchangeName": "PumpSwap",
    "exchangeAddress": "pAMMBay6oceH9fJKBRHGP5D4bD4sWpmSwMn52FMfXEA",
    "firstSwapTimestamp": "2025-06-25T23:02:40+00:00",
    "firstSwapType": "buy",
    "firstBuyerOrSeller": "5dnFxM648UQpBTonstiBE1HWZaVG49Cv3yuNhX6Y1nFU",
    "firstTradeValueUsd": 14.251847011
}