{
    "label": 63,
    "mint": "3R3Bpsm1a1kLRAYBW2Bz6JAXcJx9SegGNLJk4iYMpump",
    "name": "New Nasa Mascot",
    "symbol": "Gator",
    "decimals": "6",
    "totalSupply": "999890651410309",
    "totalSupplyFormatted": "999890651.410309",
    "sellerFeeBasisPoints": 0,
    "isMutable": true,
    "primarySaleHappened": 0,
    "updateAuthority": "3eKHbX2uf1fPuzrrBLes3Q4FqDJUox9Gh9WmNmVwT9Ud",
    "usdPrice": 4.9283e-05,
    "nativePriceValue": "332",
    "exchangeName": "PumpSwap",
    "exchangeAddress": "pAMMBay6oceH9fJKBRHGP5D4bD4sWpmSwMn52FMfXEA",
    "firstSwapTimestamp": "2025-06-20T12:13:23+00:00",
    "firstSwapType": "buy",
    "firstBuyerOrSeller": "CFgZuRgFDhCgEoFiSsYiSPq26BZ8exuxhvz7V9pqSjwb",
    "firstTradeValueUsd": 2.25298684
}