{
    "label": 63,
    "mint": "48iq2BPqHEyr7hQKwvphAptzGnzn2CrfVW73ro2jpump",
    "name": "the faith",
    "symbol": "faith",
    "decimals": "6",
    "totalSupply": "999997651836413",
    "totalSupplyFormatted": "999997651.836413",
    "sellerFeeBasisPoints": 0,
    "isMutable": true,
    "primarySaleHappened": 0,
    "updateAuthority": "DLcjaCFtpJuUrV3k9nibhDkxbVsXaPNR3kget6ArtT1d",
    "usdPrice": 0.00011576,
    "nativePriceValue": "754",
    "exchangeName": "PumpSwap",
    "exchangeAddress": "pAMMBay6oceH9fJKBRHGP5D4bD4sWpmSwMn52FMfXEA",
    "firstSwapTimestamp": "2025-06-17T03:42:55+00:00",
    "firstSwapType": "buy",
    "firstBuyerOrSeller": "2uav5q4X6T4MaWRtH5ysVYffTe33kHVFkz5zChKvvc4D",
    "firstTradeValueUsd": 2.140134923
}