{
    "label": 63,
    "mint": "32ddK8ezHu1912yja7TiAbXy3jYipPWBcdsiDyRmpump",
    "name": "this will go crazy",
    "symbol": "SchizoCoin",
    "decimals": "6",
    "totalSupply": "999999752168829",
    "totalSupplyFormatted": "999999752.168829",
    "sellerFeeBasisPoints": 0,
    "isMutable": true,
    "primarySaleHappened": 0,
    "updateAuthority": "Co9k4TingX7EePXJjybRsJegaDFq1b8FEjqBcdsp65gY",
    "usdPrice": 0.00012662,
    "nativePriceValue": "890",
    "exchangeName": "PumpSwap",
    "exchangeAddress": "pAMMBay6oceH9fJKBRHGP5D4bD4sWpmSwMn52FMfXEA",
    "firstSwapTimestamp": "2025-06-21T10:30:56+00:00",
    "firstSwapType": "buy",
    "firstBuyerOrSeller": "pMbNzWqcxoxecC19G9qguCh3z6o5ZgoG58NQGnA6Kd4",
    "firstTradeValueUsd": 1.420310103
}