{
    "label": 67,
    "mint": "4VFDuwJM5USKkupdSVnj69cdQLtWMS6f1Bde5R6Kpump",
    "name": "Gorbagana Daemon",
    "symbol": "TrashCan",
    "decimals": "6",
    "totalSupply": "999829853214935",
    "totalSupplyFormatted": "999829853.214935",
    "sellerFeeBasisPoints": 0,
    "isMutable": true,
    "primarySaleHappened": 0,
    "updateAuthority": "2VyaDKZQXHN8vcnAdVXJbqWCA1oqwjVGQsrV4ZznYt9g",
    "usdPrice": 6.7525e-05,
    "nativePriceValue": "464",
    "exchangeName": "PumpSwap",
    "exchangeAddress": "pAMMBay6oceH9fJKBRHGP5D4bD4sWpmSwMn52FMfXEA",
    "firstSwapTimestamp": "2025-06-20T07:00:35+00:00",
    "firstSwapType": "buy",
    "firstBuyerOrSeller": "FWMVpoQYQGwi3kAddqHbSXesnmNtys1VqmsA3ZJoBcAQ",
    "firstTradeValueUsd": 14.51366293
}