{
    "label": 65,
    "mint": "4BbwBWGW84zz5SgdwRiS4hVmyh6SYNe7hsJXrYYTpump",
    "name": "BONK FUCKS",
    "symbol": "BONKED",
    "decimals": "6",
    "totalSupply": "937413736206",
    "totalSupplyFormatted": "937413.736206",
    "sellerFeeBasisPoints": 0,
    "isMutable": false,
    "primarySaleHappened": 0,
    "updateAuthority": "8997JSy8Fjqce6cbdxLU9zGAm6TbprXNjoQ94x7AxTZi",
    "usdPrice": 9.112e-06,
    "nativePriceValue": "59.5074",
    "exchangeName": "PumpSwap",
    "exchangeAddress": "pAMMBay6oceH9fJKBRHGP5D4bD4sWpmSwMn52FMfXEA",
    "firstSwapTimestamp": "2025-07-03T00:07:13+00:00",
    "firstSwapType": "buy",
    "firstBuyerOrSeller": "8997JSy8Fjqce6cbdxLU9zGAm6TbprXNjoQ94x7AxTZi",
    "firstTradeValueUsd": 1.52e-07
}