{
    "label": 69,
    "mint": "3RqAiYRFnuZzknPa2RvYZeUUC7gH1ta64sjgRuuUpump",
    "name": "daddylon",
    "symbol": "daddylon",
    "decimals": "6",
    "totalSupply": "999823457254211",
    "totalSupplyFormatted": "999823457.254211",
    "sellerFeeBasisPoints": 0,
    "isMutable": true,
    "primarySaleHappened": 0,
    "updateAuthority": "6xT5ZUcSBRg3Qha32wgnrFiKF3Hrr3tfhQ3E8Br7iJLU",
    "usdPrice": 5.2651e-05,
    "nativePriceValue": "334",
    "exchangeName": "PumpSwap",
    "exchangeAddress": "pAMMBay6oceH9fJKBRHGP5D4bD4sWpmSwMn52FMfXEA",
    "firstSwapTimestamp": "2025-06-16T08:12:04+00:00",
    "firstSwapType": "buy",
    "firstBuyerOrSeller": "Gd4w6EZcbYRC9K8ofXqpeagNCAKYdQLfsNPeRnH1wR3C",
    "firstTradeValueUsd": 15.680471829
}