{
    "label": 48,
    "mint": "12tkEcPLABhZAWnPTdWT2weYdbfqcAN2RFN86eSxpump",
    "name": "Horse Owl Unicorn Snake Elaphant",
    "symbol": "HOUSE",
    "decimals": "6",
    "totalSupply": "2047678832",
    "totalSupplyFormatted": "2047.678832",
    "sellerFeeBasisPoints": 0,
    "isMutable": false,
    "primarySaleHappened": 0,
    "updateAuthority": "HXKWjRXoAmQ5TmayfWGrj7Ek87u71AVMKPWyPuYdQd1u",
    "usdPrice": 6.8012e-05,
    "nativePriceValue": "475",
    "exchangeName": "PumpSwap",
    "exchangeAddress": "pAMMBay6oceH9fJKBRHGP5D4bD4sWpmSwMn52FMfXEA",
    "firstSwapTimestamp": "2025-06-26T07:06:58+00:00",
    "firstSwapType": "buy",
    "firstBuyerOrSeller": "cakewAiZcEFuE3YjRd6KzBVqdpykNCZupJxdft7u5vW",
    "firstTradeValueUsd": 0.009282465
}