{
    "label": 29,
    "mint": "31dRSm7quBCByFigGPZTzRXT7MTjJa91TbEMDJzQpump",
    "name": "BONKTAG",
    "symbol": "BONKTAG",
    "decimals": "6",
    "totalSupply": "1000000000000000",
    "totalSupplyFormatted": "1000000000",
    "sellerFeeBasisPoints": 0,
    "isMutable": false,
    "primarySaleHappened": 0,
    "updateAuthority": "WLHv2UAZm6z4KyaaELi5pjdbJh6RESMva1Rnn8pJVVh",
    "usdPrice": 4.256e-06,
    "nativePriceValue": "28.038",
    "exchangeName": "Raydium",
    "exchangeAddress": "LanMV9sAd7wArD4vJFi2qDdfnVhFxYSUg6eADduJ3uj",
    "firstSwapTimestamp": "2025-07-07T00:07:39+00:00",
    "firstSwapType": "buy",
    "firstBuyerOrSeller": "2ity67fMbVmGLLy9S2nJCoqA89mdfvJNvcCLWRySyPL2",
    "firstTradeValueUsd": 136.586561535
}