{
    "label": 80,
    "mint": "32VMdc95Q2a4WMKu1qsrchqBnc2SqijjzzHUQSCGpump",
    "name": "ULTRASPACE MOON TOKEN",
    "symbol": "USMT",
    "decimals": "6",
    "totalSupply": "999995344793971",
    "totalSupplyFormatted": "999995344.793971",
    "sellerFeeBasisPoints": 0,
    "isMutable": true,
    "primarySaleHappened": 0,
    "updateAuthority": "Qq6sqMsM84cuxBroAEyw2iYnmJh2t7MP4aCU9AVWvH8",
    "usdPrice": 4.7361e-05,
    "nativePriceValue": "307",
    "exchangeName": "PumpSwap",
    "exchangeAddress": "pAMMBay6oceH9fJKBRHGP5D4bD4sWpmSwMn52FMfXEA",
    "firstSwapTimestamp": "2025-07-01T03:53:08+00:00",
    "firstSwapType": "buy",
    "firstBuyerOrSeller": "HvqKUW3ehdd7ZJLyzuVNWZByKUrxwjEQGjtajJbbxtKu",
    "firstTradeValueUsd": 1.382790938
}