{
    "label": 29,
    "mint": "2DWdC9jqZemMeS68FHAcJez77TLxp5UBNDEEGDnDpump",
    "name": "LunchMoney",
    "symbol": "LMoney",
    "decimals": "6",
    "totalSupply": "1000000000000000",
    "totalSupplyFormatted": "1000000000",
    "sellerFeeBasisPoints": 0,
    "isMutable": false,
    "primarySaleHappened": 0,
    "updateAuthority": "WLHv2UAZm6z4KyaaELi5pjdbJh6RESMva1Rnn8pJVVh",
    "usdPrice": 4.176e-06,
    "nativePriceValue": "27.7998",
    "exchangeName": "Raydium",
    "exchangeAddress": "LanMV9sAd7wArD4vJFi2qDdfnVhFxYSUg6eADduJ3uj",
    "firstSwapTimestamp": "2025-07-08T15:42:24+00:00",
    "firstSwapType": "buy",
    "firstBuyerOrSeller": "8ycU7Sy9nuqUawgAopyJ7JHdF4ZRrRXeAfzyACm3AkfS",
    "firstTradeValueUsd": 150.252822526
}