{
    "label": 80,
    "mint": "3d4cnSrgXkpqBm1cZFrCZszfP6Wxd1fbgkKPc13Apump",
    "name": "CARA THE MEME TURTLE",
    "symbol": "CARA",
    "decimals": "6",
    "totalSupply": "999850334493553",
    "totalSupplyFormatted": "999850334.493553",
    "sellerFeeBasisPoints": 0,
    "isMutable": true,
    "primarySaleHappened": 0,
    "updateAuthority": "3oSP3nimwT2U9gte5JpP6juEcQbw1GVhtkRfzGZt3gqw",
    "usdPrice": 1.8133e-05,
    "nativePriceValue": "126",
    "exchangeName": "PumpSwap",
    "exchangeAddress": "pAMMBay6oceH9fJKBRHGP5D4bD4sWpmSwMn52FMfXEA",
    "firstSwapTimestamp": "2025-06-25T18:09:06+00:00",
    "firstSwapType": "buy",
    "firstBuyerOrSeller": "5dnFxM648UQpBTonstiBE1HWZaVG49Cv3yuNhX6Y1nFU",
    "firstTradeValueUsd": 14.320036838
}