{
    "label": 63,
    "mint": "3VW8kgH7saBTNDYK4md6ubu1ZKNqvjuS9eJk2fFQpump",
    "name": "cataclysm",
    "symbol": "cataclysm",
    "decimals": "6",
    "totalSupply": "999921743948068",
    "totalSupplyFormatted": "999921743.948068",
    "sellerFeeBasisPoints": 0,
    "isMutable": true,
    "primarySaleHappened": 0,
    "updateAuthority": "8CdF12TrCBR2aqEUu6Sggmg8i5qS3g9YWT9pmQnuFnvk",
    "usdPrice": 4.7377e-05,
    "nativePriceValue": "315",
    "exchangeName": "PumpSwap",
    "exchangeAddress": "pAMMBay6oceH9fJKBRHGP5D4bD4sWpmSwMn52FMfXEA",
    "firstSwapTimestamp": "2025-06-29T04:22:59+00:00",
    "firstSwapType": "buy",
    "firstBuyerOrSeller": "FE8W9kNjRr21Fkg41feu1AoaRzfTn2pJ8S83VawLsayk",
    "firstTradeValueUsd": 1.492077112
}