{
    "label": 63,
    "mint": "4B5LJK2nqegAtk24S44UFv1aUWzciaWARbEfuvttpump",
    "name": "BONKERS",
    "symbol": "BONKERS",
    "decimals": "6",
    "totalSupply": "519574478148",
    "totalSupplyFormatted": "519574.478148",
    "sellerFeeBasisPoints": 0,
    "isMutable": false,
    "primarySaleHappened": 0,
    "updateAuthority": "8rxssXyJnwtvZKDaZD8j7ryDTcGj9FLnrtg91gvQNkbk",
    "usdPrice": 9.228e-06,
    "nativePriceValue": "60.9956",
    "exchangeName": "PumpSwap",
    "exchangeAddress": "pAMMBay6oceH9fJKBRHGP5D4bD4sWpmSwMn52FMfXEA",
    "firstSwapTimestamp": "2025-07-07T00:23:19+00:00",
    "firstSwapType": "buy",
    "firstBuyerOrSeller": "8rxssXyJnwtvZKDaZD8j7ryDTcGj9FLnrtg91gvQNkbk",
    "firstTradeValueUsd": 1.51e-07
}