{
    "label": 29,
    "mint": "4Wpm693Tie2WC3tdQHP11uayHfPKp7B4S8277kjBpump",
    "name": "TechRevolt",
    "symbol": "TRV",
    "decimals": "6",
    "totalSupply": "999999999034052",
    "totalSupplyFormatted": "999999999.034052",
    "sellerFeeBasisPoints": 0,
    "isMutable": false,
    "primarySaleHappened": 0,
    "updateAuthority": "WLHv2UAZm6z4KyaaELi5pjdbJh6RESMva1Rnn8pJVVh",
    "usdPrice": 4.567e-06,
    "nativePriceValue": "27.7206",
    "exchangeName": "Raydium",
    "exchangeAddress": "LanMV9sAd7wArD4vJFi2qDdfnVhFxYSUg6eADduJ3uj",
    "firstSwapTimestamp": "2025-07-11T01:22:23+00:00",
    "firstSwapType": "buy",
    "firstBuyerOrSeller": "GToSJV7ZJd4x2tsR1XaMbST6QB8YdCJqXbKqBg8yKDmk",
    "firstTradeValueUsd": 144.53296756
}