{
    "label": 63,
    "mint": "4n54otUTSMGxETHMBPrVCnvmVZ7Jb3ocoTfZSANUpump",
    "name": "Biggest Fade Ever",
    "symbol": "BFE",
    "decimals": "6",
    "totalSupply": "999648003556790",
    "totalSupplyFormatted": "999648003.55679",
    "sellerFeeBasisPoints": 0,
    "isMutable": true,
    "primarySaleHappened": 0,
    "updateAuthority": "5s8Fc6qNfNsjZgYyKxYeDFb1QNogssGyotuwRBNFp8cy",
    "usdPrice": 0.000159941,
    "nativePriceValue": "1070",
    "exchangeName": "PumpSwap",
    "exchangeAddress": "pAMMBay6oceH9fJKBRHGP5D4bD4sWpmSwMn52FMfXEA",
    "firstSwapTimestamp": "2025-06-29T03:04:07+00:00",
    "firstSwapType": "buy",
    "firstBuyerOrSeller": "3joKYvUT7hRFNUBdX1e1TfGhJrGMtWYWs147TnUTQeh3",
    "firstTradeValueUsd": 1.49371282
}