{
    "label": 63,
    "mint": "3K5w4keSATtLo7eg2NscP74VHtdV768rAeKs2vg5pump",
    "name": "Tardigrades Cult",
    "symbol": "TARD",
    "decimals": "6",
    "totalSupply": "999955450455685",
    "totalSupplyFormatted": "999955450.455685",
    "sellerFeeBasisPoints": 0,
    "isMutable": true,
    "primarySaleHappened": 0,
    "updateAuthority": "59hdcpF4AowvS5W3UFRpj1PoPuyqi8hVfH6G5NQvohab",
    "usdPrice": 1.1926e-05,
    "nativePriceValue": "82.9118",
    "exchangeName": "PumpSwap",
    "exchangeAddress": "pAMMBay6oceH9fJKBRHGP5D4bD4sWpmSwMn52FMfXEA",
    "firstSwapTimestamp": "2025-06-24T10:39:50+00:00",
    "firstSwapType": "buy",
    "firstBuyerOrSeller": "8BP2ReBG48TsV3DFArDoXW9f1D3mcgh9q5997SaQ5Rgz",
    "firstTradeValueUsd": 1.0277368
}