{
    "label": 80,
    "mint": "3pMq5b17yiu7w6SZhHJCrCYnadgS78Tjy3uFyk3epump",
    "name": "BUTTCOIN 2011",
    "symbol": "BUTT",
    "decimals": "6",
    "totalSupply": "999998770649285",
    "totalSupplyFormatted": "999998770.649285",
    "sellerFeeBasisPoints": 0,
    "isMutable": true,
    "primarySaleHappened": 0,
    "updateAuthority": "Qq6sqMsM84cuxBroAEyw2iYnmJh2t7MP4aCU9AVWvH8",
    "usdPrice": 1.7509e-05,
    "nativePriceValue": "135",
    "exchangeName": "PumpSwap",
    "exchangeAddress": "pAMMBay6oceH9fJKBRHGP5D4bD4sWpmSwMn52FMfXEA",
    "firstSwapTimestamp": "2025-06-22T19:04:14+00:00",
    "firstSwapType": "buy",
    "firstBuyerOrSeller": "89FuDMzqFbUC4QHvvgARXXRkVdbjdKM3Fd9xKFYqAD5Q",
    "firstTradeValueUsd": 12.871371343
}