{
    "label": 63,
    "mint": "2q8U1jjCoc9tFTpfLdQKthSxB6tE1zSTaWUCr5kTpump",
    "name": "DEBT SLAVERY",
    "symbol": "DS",
    "decimals": "6",
    "totalSupply": "999999851401544",
    "totalSupplyFormatted": "999999851.401544",
    "sellerFeeBasisPoints": 0,
    "isMutable": true,
    "primarySaleHappened": 0,
    "updateAuthority": "BU78SJc9u37kkLZ3i5bVd5jReZ6QgBauk4WEJQKmAKzQ",
    "usdPrice": 4.5725e-05,
    "nativePriceValue": "290",
    "exchangeName": "PumpSwap",
    "exchangeAddress": "pAMMBay6oceH9fJKBRHGP5D4bD4sWpmSwMn52FMfXEA",
    "firstSwapTimestamp": "2025-06-30T19:47:45+00:00",
    "firstSwapType": "buy",
    "firstBuyerOrSeller": "7nTG4bHe8JjY1PS6G5bVeA9QySjS1viEBuZygnFRcogi",
    "firstTradeValueUsd": 0.049195906
}