{
    "label": 80,
    "mint": "2yb7yAV7LorLjbvyxdov74Lc9beHEZNG6TxBB5F1pump",
    "name": "The Little Coin",
    "symbol": "Bitty",
    "decimals": "6",
    "totalSupply": "999949635391242",
    "totalSupplyFormatted": "999949635.391242",
    "sellerFeeBasisPoints": 0,
    "isMutable": true,
    "primarySaleHappened": 0,
    "updateAuthority": "BwDAY1KxoupcsjqXVu9Ty6HYABqrNCYuPHGptwM7DPtQ",
    "usdPrice": 2.8758e-05,
    "nativePriceValue": "183",
    "exchangeName": "PumpSwap",
    "exchangeAddress": "pAMMBay6oceH9fJKBRHGP5D4bD4sWpmSwMn52FMfXEA",
    "firstSwapTimestamp": "2025-06-16T09:12:10+00:00",
    "firstSwapType": "buy",
    "firstBuyerOrSeller": "GMexXMCN3kiZ49GNvzydrXMCGc4jKcudxmm5KBNJ2aWB",
    "firstTradeValueUsd": 1.999955267
}