{
    "label": 63,
    "mint": "4mvwZ6vx3tZJNynUgbZhzjtbNpYnbcNcvnNkamRapump",
    "name": "IRAN COIN",
    "symbol": "IRAN",
    "decimals": "6",
    "totalSupply": "999880878504208",
    "totalSupplyFormatted": "999880878.504208",
    "sellerFeeBasisPoints": 0,
    "isMutable": true,
    "primarySaleHappened": 0,
    "updateAuthority": "8YpmvbyhTXs4qoht7mtj7E9f5tBCDwZTcibFDuiEqJ4b",
    "usdPrice": 1.08e-07,
    "nativePriceValue": "0.7676",
    "exchangeName": "PumpSwap",
    "exchangeAddress": "pAMMBay6oceH9fJKBRHGP5D4bD4sWpmSwMn52FMfXEA",
    "firstSwapTimestamp": "2025-06-21T13:04:06+00:00",
    "firstSwapType": "buy",
    "firstBuyerOrSeller": "5M1ogcHpMJPWwcuKmrmZB2Z4UtbTnSFyBtv7bgRkm2pv",
    "firstTradeValueUsd": 14.16936573
}