{
    "label": 80,
    "mint": "4ByeHcAmbVZxHAU1nkLiqbScFHGvf1MbTsY13fcJpump",
    "name": "DONAKD J. TRUMP",
    "symbol": "DONAKD)",
    "decimals": "6",
    "totalSupply": "999713182723395",
    "totalSupplyFormatted": "999713182.723395",
    "sellerFeeBasisPoints": 0,
    "isMutable": true,
    "primarySaleHappened": 0,
    "updateAuthority": "71drNvQDfRWHXP7N7LKocDhopUQnfA4Xr17LqyP5KYqu",
    "usdPrice": 3.7533e-05,
    "nativePriceValue": "289",
    "exchangeName": "PumpSwap",
    "exchangeAddress": "pAMMBay6oceH9fJKBRHGP5D4bD4sWpmSwMn52FMfXEA",
    "firstSwapTimestamp": "2025-06-22T21:14:30+00:00",
    "firstSwapType": "buy",
    "firstBuyerOrSeller": "Cd3UHZDauHCQGKycM5uQAhWWGauf66SGBNoaqYy64Na8",
    "firstTradeValueUsd": 12.937282551
}