{
    "label": 63,
    "mint": "3w445YYiBPxqxiZptC1JxCFLnsvPFLbCMi6MTeZEpump",
    "name": "jesushouse",
    "symbol": "church",
    "decimals": "6",
    "totalSupply": "999940146428699",
    "totalSupplyFormatted": "999940146.428699",
    "sellerFeeBasisPoints": 0,
    "isMutable": true,
    "primarySaleHappened": 0,
    "updateAuthority": "Dcyy5x3YTcKsijqYHJyERtrSwSdmwLHfGc9nXXRa4HCT",
    "usdPrice": 2.9961e-05,
    "nativePriceValue": "209",
    "exchangeName": "PumpSwap",
    "exchangeAddress": "pAMMBay6oceH9fJKBRHGP5D4bD4sWpmSwMn52FMfXEA",
    "firstSwapTimestamp": "2025-06-26T14:47:18+00:00",
    "firstSwapType": "buy",
    "firstBuyerOrSeller": "E8J9ocJF3UDii4koYgjgPQpBuLRRLhF6YKta1kY48BYS",
    "firstTradeValueUsd": 2.790543097
}