{
    "label": 63,
    "mint": "4w1vo3YjdHmvhkfDVzBpEcUqnishZFhkfEnRuGsmpump",
    "name": "works while you sleep",
    "symbol": "PASSIVE",
    "decimals": "6",
    "totalSupply": "999969641306066",
    "totalSupplyFormatted": "999969641.306066",
    "sellerFeeBasisPoints": 0,
    "isMutable": true,
    "primarySaleHappened": 0,
    "updateAuthority": "2Rj8YY5ZRsSCbTAucpzBDYwnFuo19NHBBf8bv4gyaSZb",
    "usdPrice": 7.3781e-05,
    "nativePriceValue": "493",
    "exchangeName": "PumpSwap",
    "exchangeAddress": "pAMMBay6oceH9fJKBRHGP5D4bD4sWpmSwMn52FMfXEA",
    "firstSwapTimestamp": "2025-06-29T03:05:09+00:00",
    "firstSwapType": "buy",
    "firstBuyerOrSeller": "BUq41XLEwdxB5VGk8ko8Mk7F2RMGEzSoct8Gf8MqeFXg",
    "firstTradeValueUsd": 0.978926725
}