{
    "label": 63,
    "mint": "2mbbsVv9eqTVknqk15bHemUp78hKCiQueqnaFsyRpump",
    "name": "COOK COIN",
    "symbol": "COOK",
    "decimals": "6",
    "totalSupply": "999833958604879",
    "totalSupplyFormatted": "999833958.604879",
    "sellerFeeBasisPoints": 0,
    "isMutable": true,
    "primarySaleHappened": 0,
    "updateAuthority": "62AKhggfmpabUt8HRt2c3DQ4civpRa4P2Cag5FAoFyCR",
    "usdPrice": 2.888e-06,
    "nativePriceValue": "21.6717",
    "exchangeName": "PumpSwap",
    "exchangeAddress": "pAMMBay6oceH9fJKBRHGP5D4bD4sWpmSwMn52FMfXEA",
    "firstSwapTimestamp": "2025-06-22T12:14:06+00:00",
    "firstSwapType": "buy",
    "firstBuyerOrSeller": "GcaceTEdMNGiNwVypmdehHuTzrQjFnPDgbeJCDiTpzvT",
    "firstTradeValueUsd": 1.065630829
}