{
    "label": 63,
    "mint": "2rwJT9ijCgiWg4XFBPFVKw18uuPZs58cT8EyY1Czpump",
    "name": "Unconditional Surrender",
    "symbol": "UNCSURR",
    "decimals": "6",
    "totalSupply": "999960929491029",
    "totalSupplyFormatted": "999960929.491029",
    "sellerFeeBasisPoints": 0,
    "isMutable": true,
    "primarySaleHappened": 0,
    "updateAuthority": "GkKGZAqoDxQzLkukdVjMH1bcphmj4iNQvW8DNTvKhrGQ",
    "usdPrice": 7.4809e-05,
    "nativePriceValue": "503",
    "exchangeName": "PumpSwap",
    "exchangeAddress": "pAMMBay6oceH9fJKBRHGP5D4bD4sWpmSwMn52FMfXEA",
    "firstSwapTimestamp": "2025-06-18T03:10:59+00:00",
    "firstSwapType": "buy",
    "firstBuyerOrSeller": "DnvRApke4JvZK8jrS56ro34uEdcDXsFkdCRXMpRrsNhH",
    "firstTradeValueUsd": 14.730385822
}