{
    "label": 66,
    "mint": "3XuZ1b9LDozKhxncapqNAX4oF8L56dMmvudeZK89pump",
    "name": "BurningJup",
    "symbol": "BURN",
    "decimals": "6",
    "totalSupply": "756417994556",
    "totalSupplyFormatted": "756417.994556",
    "sellerFeeBasisPoints": 0,
    "isMutable": false,
    "primarySaleHappened": 0,
    "updateAuthority": "646uoRHAsavofhwL4VavecmceHtQdsUYoANb6XogieXo",
    "usdPrice": 8.724e-06,
    "nativePriceValue": "59.2929",
    "exchangeName": "PumpSwap",
    "exchangeAddress": "pAMMBay6oceH9fJKBRHGP5D4bD4sWpmSwMn52FMfXEA",
    "firstSwapTimestamp": "2025-07-05T23:54:50+00:00",
    "firstSwapType": "buy",
    "firstBuyerOrSeller": "646uoRHAsavofhwL4VavecmceHtQdsUYoANb6XogieXo",
    "firstTradeValueUsd": 1.46e-07
}