{
    "label": 63,
    "mint": "3yqAVn3xYd9ApZXP1YToPJ5mP9ZftssnpqQeo1zipump",
    "name": "Housecoin for Girlies",
    "symbol": "Kitchen",
    "decimals": "6",
    "totalSupply": "999994930537611",
    "totalSupplyFormatted": "999994930.537611",
    "sellerFeeBasisPoints": 0,
    "isMutable": true,
    "primarySaleHappened": 0,
    "updateAuthority": "HziXK29paYVtbm8darnqwTaKyRDAvTxEwwsMD7cfbKgn",
    "usdPrice": 3.245e-05,
    "nativePriceValue": "227",
    "exchangeName": "PumpSwap",
    "exchangeAddress": "pAMMBay6oceH9fJKBRHGP5D4bD4sWpmSwMn52FMfXEA",
    "firstSwapTimestamp": "2025-06-27T13:47:53+00:00",
    "firstSwapType": "buy",
    "firstBuyerOrSeller": "bpDk4nZxqCN7iXtgKYppNcWoK3HZ1w1X5Q2rfoU8EHj",
    "firstTradeValueUsd": 2.454017924
}