{
    "mint": "f39JBcAHB4GTJfuxhVBcfJXVQqQv4zLbnJWjsB2pump",
    "name": "Brainrotted",
    "symbol": "ROTT",
    "decimals": "6",
    "totalSupply": "88395615934",
    "totalSupplyFormatted": "88395.615934",
    "sellerFeeBasisPoints": 0,
    "isMutable": false,
    "primarySaleHappened": 0,
    "updateAuthority": "FUFkzZWST2MZEvMNiRYSpo76Cu7vJ1xhuQsKw7aNYAf3",
    "usdPrice": 2.085e-06,
    "nativePriceValue": "12.8742",
    "exchangeName": "PumpSwap",
    "exchangeAddress": "pAMMBay6oceH9fJKBRHGP5D4bD4sWpmSwMn52FMfXEA",
    "firstSwapTimestamp": "2025-06-20T00:47:24+00:00",
    "firstSwapType": "buy",
    "firstBuyerOrSeller": "27HFmP7ccLadGswvQfvea4o3juLw75cPF4V6jWpHM3MX",
    "firstTradeValueUsd": 0.015446259,
    "label": 62
}