{
    "mint": "8mTEat1b78A4PSKYSuT2j9QtJqcoHWjSuPGQg3eSpump",
    "name": "bob the frog",
    "symbol": "bob",
    "decimals": "6",
    "totalSupply": "999999490096686",
    "totalSupplyFormatted": "999999490.096686",
    "sellerFeeBasisPoints": 0,
    "isMutable": true,
    "primarySaleHappened": 0,
    "updateAuthority": "CJxWoUhJ381M25YxJxeEJ9E6KReMv1cT2ychWiYNa2Vi",
    "usdPrice": 0.000130765,
    "nativePriceValue": "865",
    "exchangeName": "PumpSwap",
    "exchangeAddress": "pAMMBay6oceH9fJKBRHGP5D4bD4sWpmSwMn52FMfXEA",
    "firstSwapTimestamp": "2025-06-28T18:56:33+00:00",
    "firstSwapType": "buy",
    "firstBuyerOrSeller": "BzQPrs33w1CxYoVNaSgahCC4N2TyHAVbWfy4v6WT3vCa",
    "firstTradeValueUsd": 15.084022225,
    "label": 63
}