{
    "mint": "J2PoBJRSWe25z2oNCcmfVUCZAJSkakgsJUoNDZSmpump",
    "name": "Palantir Inu",
    "symbol": "PI",
    "decimals": "6",
    "totalSupply": "999588125321655",
    "totalSupplyFormatted": "999588125.321655",
    "sellerFeeBasisPoints": 0,
    "isMutable": true,
    "primarySaleHappened": 0,
    "updateAuthority": "EkKSQQDV85WTwdd4wP29JrQ195mG4eRLR2bxAqnRMAz3",
    "usdPrice": 2.4265e-05,
    "nativePriceValue": "166",
    "exchangeName": "PumpSwap",
    "exchangeAddress": "pAMMBay6oceH9fJKBRHGP5D4bD4sWpmSwMn52FMfXEA",
    "firstSwapTimestamp": "2025-06-19T04:06:24+00:00",
    "firstSwapType": "buy",
    "firstBuyerOrSeller": "FWMVpoQYQGwi3kAddqHbSXesnmNtys1VqmsA3ZJoBcAQ",
    "firstTradeValueUsd": 1.457973059,
    "label": 63
}