{
    "mint": "96rxUy4y4vADLZDJpxa7PUoSWTX2drp14LqF1ropump",
    "name": "Unemployed Solana Dumb Traders",
    "symbol": "USDT",
    "decimals": "6",
    "totalSupply": "3669209508",
    "totalSupplyFormatted": "3669.209508",
    "sellerFeeBasisPoints": 0,
    "isMutable": false,
    "primarySaleHappened": 0,
    "updateAuthority": "GW3jzUM356Z4ukv43cwYyNWpU5oxjxCX6SEhXZoE7HHX",
    "usdPrice": 6.663e-06,
    "nativePriceValue": "41.1838",
    "exchangeName": "PumpSwap",
    "exchangeAddress": "pAMMBay6oceH9fJKBRHGP5D4bD4sWpmSwMn52FMfXEA",
    "firstSwapTimestamp": "2025-06-18T13:04:18+00:00",
    "firstSwapType": "buy",
    "firstBuyerOrSeller": "5iywveQKkidqPDKt2CExJcWKex2EXz9kbGcYiZvhuXWs",
    "firstTradeValueUsd": 0.01448062,
    "label": 46
}