{
    "mint": "CiWUhLQwNyFYE9DLK3jZDsKGv7HtmnkWAgeGiAbpump",
    "name": "meowlove",
    "symbol": "MEOWL",
    "decimals": "6",
    "totalSupply": "4169950317",
    "totalSupplyFormatted": "4169.950317",
    "sellerFeeBasisPoints": 0,
    "isMutable": false,
    "primarySaleHappened": 0,
    "updateAuthority": "8TiT6EfAKjMC5UtY3Jjhoge9HcdQqdi9LuphpkwYsq8K",
    "usdPrice": 4.737e-06,
    "nativePriceValue": "29.2398",
    "exchangeName": "PumpSwap",
    "exchangeAddress": "pAMMBay6oceH9fJKBRHGP5D4bD4sWpmSwMn52FMfXEA",
    "firstSwapTimestamp": "2025-06-16T16:07:37+00:00",
    "firstSwapType": "buy",
    "firstBuyerOrSeller": "5iywveQKkidqPDKt2CExJcWKex2EXz9kbGcYiZvhuXWs",
    "firstTradeValueUsd": 0.015664994,
    "label": 42
}