{
    "mint": "tz2kNCuhqHvB4y4VgX4qDxRd2f361dBoEae3B1Fpump",
    "name": "ion miss nunademhoes",
    "symbol": "nundemhoes",
    "decimals": "6",
    "totalSupply": "999904728012143",
    "totalSupplyFormatted": "999904728.012143",
    "sellerFeeBasisPoints": 0,
    "isMutable": true,
    "primarySaleHappened": 0,
    "updateAuthority": "3oSP3nimwT2U9gte5JpP6juEcQbw1GVhtkRfzGZt3gqw",
    "usdPrice": 2.5298e-05,
    "nativePriceValue": "178",
    "exchangeName": "PumpSwap",
    "exchangeAddress": "pAMMBay6oceH9fJKBRHGP5D4bD4sWpmSwMn52FMfXEA",
    "firstSwapTimestamp": "2025-06-27T04:49:23+00:00",
    "firstSwapType": "buy",
    "firstBuyerOrSeller": "5dnFxM648UQpBTonstiBE1HWZaVG49Cv3yuNhX6Y1nFU",
    "firstTradeValueUsd": 14.106919251,
    "label": 80
}