{
    "mint": "DdopzCqvPMDC22B99YHRapHYQ5NAv7Ywdu9u7jqEpump",
    "name": "Bean Cabal",
    "symbol": "CABAL",
    "decimals": "6",
    "totalSupply": "999999316074130",
    "totalSupplyFormatted": "999999316.07413",
    "sellerFeeBasisPoints": 0,
    "isMutable": true,
    "primarySaleHappened": 0,
    "updateAuthority": "BH6LkR2ZJWHC6B7VtoaVEAUXjPttfLCMWhyd3pHoSBZ9",
    "usdPrice": 0.000228756,
    "nativePriceValue": "1586",
    "exchangeName": "PumpSwap",
    "exchangeAddress": "pAMMBay6oceH9fJKBRHGP5D4bD4sWpmSwMn52FMfXEA",
    "firstSwapTimestamp": "2025-06-18T19:26:21+00:00",
    "firstSwapType": "buy",
    "firstBuyerOrSeller": "Cd3UHZDauHCQGKycM5uQAhWWGauf66SGBNoaqYy64Na8",
    "firstTradeValueUsd": 14.476809624,
    "label": 79
}