{
    "mint": "AZEuuUZZmYWKDjUadukZYPyFEF4nNnH95cDhcW3fpump",
    "name": "ScalePlus",
    "symbol": "SP",
    "decimals": "6",
    "totalSupply": "999999049404956",
    "totalSupplyFormatted": "999999049.404956",
    "sellerFeeBasisPoints": 0,
    "isMutable": true,
    "primarySaleHappened": 0,
    "updateAuthority": "6awvEkjxxT1AXw1fv4r3eL2Ra4o642e6G47QSpvkQxe3",
    "usdPrice": 5.4601e-05,
    "nativePriceValue": "374",
    "exchangeName": "PumpSwap",
    "exchangeAddress": "pAMMBay6oceH9fJKBRHGP5D4bD4sWpmSwMn52FMfXEA",
    "firstSwapTimestamp": "2025-06-18T18:18:32+00:00",
    "firstSwapType": "buy",
    "firstBuyerOrSeller": "45Nzq9MiciKfWd4KH3arn1FxnpGyzk8jrCLeAue3tYoT",
    "firstTradeValueUsd": 2.530468238,
    "label": 63
}