{
    "mint": "AyjnuhLPWGvdFXRQJLXqZmrZS7gmDhb9j5b5y5Npump",
    "name": "culture coin",
    "symbol": "culture",
    "decimals": "6",
    "totalSupply": "60448026973",
    "totalSupplyFormatted": "60448.026973",
    "sellerFeeBasisPoints": 0,
    "isMutable": false,
    "primarySaleHappened": 0,
    "updateAuthority": "9dVMWWHA9E6X2sxWZ9W7jWdj1kX5SgJUw1g7tCxwXRe6",
    "usdPrice": 6.947e-06,
    "nativePriceValue": "42.9095",
    "exchangeName": "PumpSwap",
    "exchangeAddress": "pAMMBay6oceH9fJKBRHGP5D4bD4sWpmSwMn52FMfXEA",
    "firstSwapTimestamp": "2025-06-30T09:14:23+00:00",
    "firstSwapType": "buy",
    "firstBuyerOrSeller": "27HFmP7ccLadGswvQfvea4o3juLw75cPF4V6jWpHM3MX",
    "firstTradeValueUsd": 0.015775158,
    "label": 62
}