{
    "mint": "9S7JoPByKx1TGTcAHpspdbHBTnWeJZoDcAisocX5pump",
    "name": "SEEDANCE",
    "symbol": "SEEDANCE",
    "decimals": "6",
    "totalSupply": "333421818164",
    "totalSupplyFormatted": "333421.818164",
    "sellerFeeBasisPoints": 0,
    "isMutable": true,
    "primarySaleHappened": 0,
    "updateAuthority": "BcoUvPakdewbG7rKRU6s3VAZtVGVUgL5qQjmkYgD6Pm6",
    "usdPrice": 0.000160294,
    "nativePriceValue": "1055",
    "exchangeName": "PumpSwap",
    "exchangeAddress": "pAMMBay6oceH9fJKBRHGP5D4bD4sWpmSwMn52FMfXEA",
    "firstSwapTimestamp": "2025-06-16T01:11:06+00:00",
    "firstSwapType": "buy",
    "firstBuyerOrSeller": "83636Ps18wU3H5Ah8AJHAgwH4tqJ7t6hTBeWifLApeDH",
    "firstTradeValueUsd": 46.168430014,
    "label": 62
}