{
    "mint": "7DQgPU7sZEBQKxPiS2Tb8MHCYfFXq7xJt237gQc2pump",
    "name": "MOON GOR",
    "symbol": "MOONGOR",
    "decimals": "6",
    "totalSupply": "999945502342228",
    "totalSupplyFormatted": "999945502.342228",
    "sellerFeeBasisPoints": 0,
    "isMutable": true,
    "primarySaleHappened": 0,
    "updateAuthority": "CMuMsF6fZn53uxrwgmUbxE4iGy6XXdEmYsGLTq2RYPki",
    "usdPrice": 0.000160037,
    "nativePriceValue": "1136",
    "exchangeName": "PumpSwap",
    "exchangeAddress": "pAMMBay6oceH9fJKBRHGP5D4bD4sWpmSwMn52FMfXEA",
    "firstSwapTimestamp": "2025-06-27T06:19:51+00:00",
    "firstSwapType": "buy",
    "firstBuyerOrSeller": "8g5ZUSMEZ8D913go2JK1Sq3jR8syWME5MNegTbvxL4Ny",
    "firstTradeValueUsd": 14.065986684,
    "label": 63
}