{
    "mint": "9ZioD8Srz2QpbxPVMtywwvjumN3Dji1qfao3NvNqpump",
    "name": "STANDBY",
    "symbol": "STANDBY",
    "decimals": "6",
    "totalSupply": "172911639371",
    "totalSupplyFormatted": "172911.639371",
    "sellerFeeBasisPoints": 0,
    "isMutable": true,
    "primarySaleHappened": 0,
    "updateAuthority": "BcoUvPakdewbG7rKRU6s3VAZtVGVUgL5qQjmkYgD6Pm6",
    "usdPrice": 0.000187427,
    "nativePriceValue": "1272",
    "exchangeName": "PumpSwap",
    "exchangeAddress": "pAMMBay6oceH9fJKBRHGP5D4bD4sWpmSwMn52FMfXEA",
    "firstSwapTimestamp": "2025-06-18T00:22:48+00:00",
    "firstSwapType": "buy",
    "firstBuyerOrSeller": "KWq7esvBkhAh6TP6iDb1LtGPhQbTN76L6iN3p5Dd81E",
    "firstTradeValueUsd": 46.309673712,
    "label": 65
}