{
    "mint": "CSUbQdocBSUdMt1ornSDyASQtKiUnry8Hf1zhh8kpump",
    "name": "CIGMA",
    "symbol": "CIGMA",
    "decimals": "6",
    "totalSupply": "999997117834472",
    "totalSupplyFormatted": "999997117.834472",
    "sellerFeeBasisPoints": 0,
    "isMutable": true,
    "primarySaleHappened": 0,
    "updateAuthority": "FEwGYyHpQZqp6Grt95FRe2z6Sv7U14ki2LFc6SLYCVYt",
    "usdPrice": 0.02913279,
    "nativePriceValue": "201493",
    "exchangeName": "PumpSwap",
    "exchangeAddress": "pAMMBay6oceH9fJKBRHGP5D4bD4sWpmSwMn52FMfXEA",
    "firstSwapTimestamp": "2025-06-19T13:14:16+00:00",
    "firstSwapType": "buy",
    "firstBuyerOrSeller": "CFgZuRgFDhCgEoFiSsYiSPq26BZ8exuxhvz7V9pqSjwb",
    "firstTradeValueUsd": 2.20398839,
    "label": 66
}