{
    "mint": "FfVB2R275x9FNSFwhXXi9byAomKqXaLwRUYF1nZWpump",
    "name": "Fart Token",
    "symbol": "FRT",
    "decimals": "6",
    "totalSupply": "999943184467121",
    "totalSupplyFormatted": "999943184.467121",
    "sellerFeeBasisPoints": 0,
    "isMutable": true,
    "primarySaleHappened": 0,
    "updateAuthority": "H92XDJQGQK75ymsZmYfRkJtH9r5o89FikXp6YQRrn7aG",
    "usdPrice": 0.000265228,
    "nativePriceValue": "1824",
    "exchangeName": "PumpSwap",
    "exchangeAddress": "pAMMBay6oceH9fJKBRHGP5D4bD4sWpmSwMn52FMfXEA",
    "firstSwapTimestamp": "2025-06-15T08:29:36+00:00",
    "firstSwapType": "buy",
    "firstBuyerOrSeller": "6VdDWwbbSHs7RqViYJ3A6dzf8WWnHnaArhDZYJdGPUQN",
    "firstTradeValueUsd": 1.450375542,
    "label": 63
}