{
    "mint": "34CvFjYzZkB2GAv9Cu6okAB5XqiwuojjbBCymCi6pump",
    "name": "Batteries",
    "symbol": "BATTERIES",
    "decimals": "6",
    "totalSupply": "999995886518209",
    "totalSupplyFormatted": "999995886.518209",
    "sellerFeeBasisPoints": 0,
    "isMutable": true,
    "primarySaleHappened": 0,
    "updateAuthority": "Hc7i5b9eawkJ5N42MJ4C97cmQB2DsfUPeoCoHPPK5kHG",
    "usdPrice": 4.0318e-05,
    "nativePriceValue": "267",
    "exchangeName": "PumpSwap",
    "exchangeAddress": "pAMMBay6oceH9fJKBRHGP5D4bD4sWpmSwMn52FMfXEA",
    "firstSwapTimestamp": "2025-06-28T20:44:11+00:00",
    "firstSwapType": "buy",
    "firstBuyerOrSeller": "4o5vfPQxxK4ph72EoWgRuGCQHPd9iMGkmu6UwypGaHfC",
    "firstTradeValueUsd": 0.060969525,
    "label": 63
}