{
    "mint": "BzVDgu9KU2mTCHqYu6tFoWRnzkv9Ypt8StVyB3qCpump",
    "name": "X \u00c6 A-XII Elon MUSK",
    "symbol": "X",
    "decimals": "6",
    "totalSupply": "999959851617553",
    "totalSupplyFormatted": "999959851.617553",
    "sellerFeeBasisPoints": 0,
    "isMutable": true,
    "primarySaleHappened": 0,
    "updateAuthority": "WTi7ZKMMKoaSXDQ9zhxtXULresy1fPVNAfuGrirqFaU",
    "usdPrice": 110.99347617,
    "nativePriceValue": "785570312",
    "exchangeName": "PumpSwap",
    "exchangeAddress": "pAMMBay6oceH9fJKBRHGP5D4bD4sWpmSwMn52FMfXEA",
    "firstSwapTimestamp": "2025-06-21T08:59:09+00:00",
    "firstSwapType": "buy",
    "firstBuyerOrSeller": "nVik8eFLm8MWwNXbzBhncLx3dmembDpQ9JT7bxziyXL",
    "firstTradeValueUsd": 0.905347564,
    "label": 67
}