{
    "mint": "93u5ZhVSZxDuAdAMvbLrQPiAkbgFiwSHqcvZr5Nwpump",
    "name": "People",
    "symbol": "PEOPLE",
    "decimals": "6",
    "totalSupply": "999734571746996",
    "totalSupplyFormatted": "999734571.746996",
    "sellerFeeBasisPoints": 0,
    "isMutable": true,
    "primarySaleHappened": 0,
    "updateAuthority": "13xeGMkZR2GYfWmXaBBDAypumHmLXW5maBW9iJuRmriA",
    "usdPrice": 5.4117e-05,
    "nativePriceValue": "369",
    "exchangeName": "PumpSwap",
    "exchangeAddress": "pAMMBay6oceH9fJKBRHGP5D4bD4sWpmSwMn52FMfXEA",
    "firstSwapTimestamp": "2025-06-13T20:44:54+00:00",
    "firstSwapType": "buy",
    "firstBuyerOrSeller": "FngfGmdrTVJvuv75yQbQmSkFZxuaAYSTuDFk9fzSTfCR",
    "firstTradeValueUsd": 2.939891076,
    "label": 67
}