{
    "mint": "J52QBbtsyVPQZ5ibJji8HRKDvgfxXuZeuGdAUuwGpump",
    "name": "that one friend",
    "symbol": "Friend",
    "decimals": "6",
    "totalSupply": "999999198984277",
    "totalSupplyFormatted": "999999198.984277",
    "sellerFeeBasisPoints": 0,
    "isMutable": true,
    "primarySaleHappened": 0,
    "updateAuthority": "H6Sv1N2uUAJTrAPKYJXxCajxQeAVvVa9pWTLzG2uNuMV",
    "usdPrice": 186.599955427,
    "nativePriceValue": "1233106761",
    "exchangeName": "PumpSwap",
    "exchangeAddress": "pAMMBay6oceH9fJKBRHGP5D4bD4sWpmSwMn52FMfXEA",
    "firstSwapTimestamp": "2025-06-30T03:24:58+00:00",
    "firstSwapType": "buy",
    "firstBuyerOrSeller": "UBa1Az7fa43QL6Ku1Yp7kuG3PCofqMcfWnXZQooBy2U",
    "firstTradeValueUsd": 497.50282367,
    "label": 67
}