{
    "mint": "5m6HWoPZePnJeSpPVMABAD3BWH7GcoVrcfwjRrF2pump",
    "name": "Haru Urara",
    "symbol": "HARU URARA",
    "decimals": "6",
    "totalSupply": "562178198067",
    "totalSupplyFormatted": "562178.198067",
    "sellerFeeBasisPoints": 0,
    "isMutable": false,
    "primarySaleHappened": 0,
    "updateAuthority": "GbNyJngJaULkNr2PYKd7j4PutBcpAcvdSEtYVdf6bVpu",
    "usdPrice": 9.215e-06,
    "nativePriceValue": "63.1913",
    "exchangeName": "PumpSwap",
    "exchangeAddress": "pAMMBay6oceH9fJKBRHGP5D4bD4sWpmSwMn52FMfXEA",
    "firstSwapTimestamp": "2025-07-05T18:05:50+00:00",
    "firstSwapType": "buy",
    "firstBuyerOrSeller": "GbNyJngJaULkNr2PYKd7j4PutBcpAcvdSEtYVdf6bVpu",
    "firstTradeValueUsd": 1.46e-07,
    "label": 63
}