{
    "mint": "2qKKwzQB98TuGYMJX3dJe8xC8xxb1S1UsXR47rqHpump",
    "name": "the void",
    "symbol": "viod",
    "decimals": "6",
    "totalSupply": "99964290971387075",
    "totalSupplyFormatted": "99964290971.387075",
    "sellerFeeBasisPoints": 0,
    "isMutable": false,
    "primarySaleHappened": 0,
    "updateAuthority": "4MqUQk6eDbC6T212haWHkjirAVgRtWc5wZYZS5xH9gbX",
    "usdPrice": 0.002209,
    "nativePriceValue": "15150.2",
    "exchangeName": "Raydium",
    "exchangeAddress": "CAMMCzo5YL8w4VFF8KVHrK22GGUsp5VTaW7grrKgrWqK",
    "firstSwapTimestamp": "2025-06-14T02:23:58+00:00",
    "firstSwapType": "buy",
    "firstBuyerOrSeller": "4MqUQk6eDbC6T212haWHkjirAVgRtWc5wZYZS5xH9gbX",
    "firstTradeValueUsd": 6665.334404,
    "label": 68
}