{
    "mint": "9E4bxVGSag6Ru5wuLw2CEvfi6FAhrSvCe8ULFn6fpump",
    "name": "nobel pweace pwize",
    "symbol": "pwize",
    "decimals": "6",
    "totalSupply": "999938997029045",
    "totalSupplyFormatted": "999938997.029045",
    "sellerFeeBasisPoints": 0,
    "isMutable": true,
    "primarySaleHappened": 0,
    "updateAuthority": "E2hqkUE4dFWmPdM5FrU8epjgXj5VADw4g4y6vjw7uN42",
    "usdPrice": 5.4884e-05,
    "nativePriceValue": "376",
    "exchangeName": "PumpSwap",
    "exchangeAddress": "pAMMBay6oceH9fJKBRHGP5D4bD4sWpmSwMn52FMfXEA",
    "firstSwapTimestamp": "2025-06-24T14:58:13+00:00",
    "firstSwapType": "buy",
    "firstBuyerOrSeller": "Cd3UHZDauHCQGKycM5uQAhWWGauf66SGBNoaqYy64Na8",
    "firstTradeValueUsd": 14.452218743,
    "label": 63
}