{
    "mint": "9ZpfaP1FX7F4aCbBviFMBZfHtcdsbLZcuWPAdeLFpump",
    "name": "PulseX",
    "symbol": "PLSX",
    "decimals": "6",
    "totalSupply": "999688123954216",
    "totalSupplyFormatted": "999688123.954216",
    "sellerFeeBasisPoints": 0,
    "isMutable": true,
    "primarySaleHappened": 0,
    "updateAuthority": "Qq6sqMsM84cuxBroAEyw2iYnmJh2t7MP4aCU9AVWvH8",
    "usdPrice": 2.8229e-05,
    "nativePriceValue": "198",
    "exchangeName": "PumpSwap",
    "exchangeAddress": "pAMMBay6oceH9fJKBRHGP5D4bD4sWpmSwMn52FMfXEA",
    "firstSwapTimestamp": "2025-06-26T17:13:12+00:00",
    "firstSwapType": "buy",
    "firstBuyerOrSeller": "89FuDMzqFbUC4QHvvgARXXRkVdbjdKM3Fd9xKFYqAD5Q",
    "firstTradeValueUsd": 14.193584331,
    "label": 80
}