{
    "mint": "59ZGHpo1j8jGghyUSy2GNwQks4Av9PwkibcpjW54pump",
    "name": "TELEGRAM",
    "symbol": "TELEGRAM",
    "decimals": "6",
    "totalSupply": "999912578182455",
    "totalSupplyFormatted": "999912578.182455",
    "sellerFeeBasisPoints": 0,
    "isMutable": true,
    "primarySaleHappened": 0,
    "updateAuthority": "4ztBtPTLJXhpfVZgSn3dPz7eDCpYj3ckWo4rM6R8zhiq",
    "usdPrice": 7.4672e-05,
    "nativePriceValue": "517",
    "exchangeName": "PumpSwap",
    "exchangeAddress": "pAMMBay6oceH9fJKBRHGP5D4bD4sWpmSwMn52FMfXEA",
    "firstSwapTimestamp": "2025-06-18T12:57:11+00:00",
    "firstSwapType": "buy",
    "firstBuyerOrSeller": "FWMVpoQYQGwi3kAddqHbSXesnmNtys1VqmsA3ZJoBcAQ",
    "firstTradeValueUsd": 1.4489151,
    "label": 63
}