{
    "mint": "6Ckh51yFNEkbKgPvyMZRWrsNLu724NjS9wruFWEHpump",
    "name": "dogwiftwerk",
    "symbol": "Perreza",
    "decimals": "6",
    "totalSupply": "999998723070031",
    "totalSupplyFormatted": "999998723.070031",
    "sellerFeeBasisPoints": 0,
    "isMutable": true,
    "primarySaleHappened": 0,
    "updateAuthority": "5yQPqscfBeTkfH9PRiiLqJ6QtVUeUvs1xCtxMu2xksdm",
    "usdPrice": 3.2495e-05,
    "nativePriceValue": "242",
    "exchangeName": "PumpSwap",
    "exchangeAddress": "pAMMBay6oceH9fJKBRHGP5D4bD4sWpmSwMn52FMfXEA",
    "firstSwapTimestamp": "2025-06-23T12:59:08+00:00",
    "firstSwapType": "buy",
    "firstBuyerOrSeller": "5VM944Jny2LEhuzLckLfrg4iga9RAseBmZzKaSiRZAEk",
    "firstTradeValueUsd": 1.282080329,
    "label": 81
}