{
    "mint": "EzeL9dHjxhLJHq1tMg7uiaisxeJPHpWK8fiZSKG5pump",
    "name": "Alligator Alcatraz",
    "symbol": "ICE",
    "decimals": "6",
    "totalSupply": "999624879910740",
    "totalSupplyFormatted": "999624879.91074",
    "sellerFeeBasisPoints": 0,
    "isMutable": true,
    "primarySaleHappened": 0,
    "updateAuthority": "ES5WxbQpVMaGSjA9Vf41XowF4Zsg1WcL9N8WcMewsffe",
    "usdPrice": 4.5354e-05,
    "nativePriceValue": "299",
    "exchangeName": "PumpSwap",
    "exchangeAddress": "pAMMBay6oceH9fJKBRHGP5D4bD4sWpmSwMn52FMfXEA",
    "firstSwapTimestamp": "2025-06-29T11:16:41+00:00",
    "firstSwapType": "buy",
    "firstBuyerOrSeller": "BUq41XLEwdxB5VGk8ko8Mk7F2RMGEzSoct8Gf8MqeFXg",
    "firstTradeValueUsd": 0.679470157,
    "label": 67
}