{
    "mint": "9nSUmZMr1wVCV4NGG1KH6JHA3ZsMyimCtuXYbaEupump",
    "name": "IrishFTW",
    "symbol": "DRG",
    "decimals": "6",
    "totalSupply": "999898154365106",
    "totalSupplyFormatted": "999898154.365106",
    "sellerFeeBasisPoints": 0,
    "isMutable": true,
    "primarySaleHappened": 0,
    "updateAuthority": "8n2XfLPV2kSeiLj6hgvDEvxESGuGT2xscp4w7P7NNzer",
    "usdPrice": 0.000168146,
    "nativePriceValue": "1121",
    "exchangeName": "PumpSwap",
    "exchangeAddress": "pAMMBay6oceH9fJKBRHGP5D4bD4sWpmSwMn52FMfXEA",
    "firstSwapTimestamp": "2025-07-04T07:51:41+00:00",
    "firstSwapType": "buy",
    "firstBuyerOrSeller": "9bHBfnrJ2gro41BqdKx6ebPD5Cf74UyWf3kfD5FceJi1",
    "firstTradeValueUsd": 1.503051838,
    "label": 63
}