{
    "mint": "CZGy6pyx4MhRCQJFXYBPdwvEXRw1Lzy39nboYJmwpump",
    "name": "LETSGANG.FUN",
    "symbol": "GANGPAWS",
    "decimals": "6",
    "totalSupply": "999999444227508",
    "totalSupplyFormatted": "999999444.227508",
    "sellerFeeBasisPoints": 0,
    "isMutable": true,
    "primarySaleHappened": 0,
    "updateAuthority": "Qq6sqMsM84cuxBroAEyw2iYnmJh2t7MP4aCU9AVWvH8",
    "usdPrice": 2.3944e-05,
    "nativePriceValue": "164",
    "exchangeName": "PumpSwap",
    "exchangeAddress": "pAMMBay6oceH9fJKBRHGP5D4bD4sWpmSwMn52FMfXEA",
    "firstSwapTimestamp": "2025-06-19T01:01:20+00:00",
    "firstSwapType": "buy",
    "firstBuyerOrSeller": "89FuDMzqFbUC4QHvvgARXXRkVdbjdKM3Fd9xKFYqAD5Q",
    "firstTradeValueUsd": 14.634175699,
    "label": 80
}