{
    "mint": "Ebiew6DiKByEHhnjc8hkKSavpd5EpEx1a8VkC8espump",
    "name": "Chill House Killer",
    "symbol": "CHILLNADO",
    "decimals": "6",
    "totalSupply": "999999255875204",
    "totalSupplyFormatted": "999999255.875204",
    "sellerFeeBasisPoints": 0,
    "isMutable": true,
    "primarySaleHappened": 0,
    "updateAuthority": "2J6sF6uUSJ4sGxNMZVt3wmw6wfs6pygd2CSotqvdDHTE",
    "usdPrice": 8.8333e-05,
    "nativePriceValue": "619",
    "exchangeName": "PumpSwap",
    "exchangeAddress": "pAMMBay6oceH9fJKBRHGP5D4bD4sWpmSwMn52FMfXEA",
    "firstSwapTimestamp": "2025-06-26T16:15:57+00:00",
    "firstSwapType": "buy",
    "firstBuyerOrSeller": "HJKLfCjKoL4639MKxbnZ5pVCeu9niKQceXTuWj2fyutN",
    "firstTradeValueUsd": 1.700733055,
    "label": 67
}