{
    "mint": "DpReuiy54vnpJG1MTZyAt3isakbyUjGkCruSUrWdpump",
    "name": "COCA COLA",
    "symbol": "COCACOLA",
    "decimals": "6",
    "totalSupply": "999969417713777",
    "totalSupplyFormatted": "999969417.713777",
    "sellerFeeBasisPoints": 0,
    "isMutable": true,
    "primarySaleHappened": 0,
    "updateAuthority": "AFWwMaQP4HrbfPk8q8to8d9T1WNuSzucgu7EPT9N85wA",
    "usdPrice": 0.000114003,
    "nativePriceValue": "772",
    "exchangeName": "PumpSwap",
    "exchangeAddress": "pAMMBay6oceH9fJKBRHGP5D4bD4sWpmSwMn52FMfXEA",
    "firstSwapTimestamp": "2025-06-28T09:59:55+00:00",
    "firstSwapType": "buy",
    "firstBuyerOrSeller": "pMbNzWqcxoxecC19G9qguCh3z6o5ZgoG58NQGnA6Kd4",
    "firstTradeValueUsd": 1.466437575,
    "label": 63
}