{
    "mint": "muUPY7AoPKddbFUrui3sXpquRpy58wzdn9aApeepump",
    "name": "SECRET LEVEL",
    "symbol": "SECRET",
    "decimals": "6",
    "totalSupply": "999998909409725",
    "totalSupplyFormatted": "999998909.409725",
    "sellerFeeBasisPoints": 0,
    "isMutable": true,
    "primarySaleHappened": 0,
    "updateAuthority": "EjUtDKoTQHtZL5m6YtJ2ckwBDMLpGFTdohPTqp6Wum9r",
    "usdPrice": 7.7824e-05,
    "nativePriceValue": "535",
    "exchangeName": "PumpSwap",
    "exchangeAddress": "pAMMBay6oceH9fJKBRHGP5D4bD4sWpmSwMn52FMfXEA",
    "firstSwapTimestamp": "2025-06-19T08:29:21+00:00",
    "firstSwapType": "buy",
    "firstBuyerOrSeller": "FLMusxh9if28hiUonuGSr1JyuGj4ZBoABxUyXjdnehjQ",
    "firstTradeValueUsd": 2.593059412,
    "label": 63
}