{
    "mint": "9PEpr4dQhDXUmLw1sfeHwYqGsvj7bbEExm8FbDxpump",
    "name": "ZENA AI",
    "symbol": "ZENA",
    "decimals": "6",
    "totalSupply": "3452938057117",
    "totalSupplyFormatted": "3452938.057117",
    "sellerFeeBasisPoints": 0,
    "isMutable": false,
    "primarySaleHappened": 0,
    "updateAuthority": "3kPyfXokpy5KkKYPgo86vHEfEJLDdtZ5smyvUi2P74zo",
    "usdPrice": 2.12e-07,
    "nativePriceValue": "1.3177",
    "exchangeName": "PumpSwap",
    "exchangeAddress": "pAMMBay6oceH9fJKBRHGP5D4bD4sWpmSwMn52FMfXEA",
    "firstSwapTimestamp": "2025-06-16T12:01:30+00:00",
    "firstSwapType": "buy",
    "firstBuyerOrSeller": "cakewAiZcEFuE3YjRd6KzBVqdpykNCZupJxdft7u5vW",
    "firstTradeValueUsd": 0.012525821,
    "label": 44
}