{
    "mint": "5N2iry8eHiLTGbhkxBGoECRZJ6fmM8UBmgdXncN1pump",
    "name": "War Explained",
    "symbol": "WE",
    "decimals": "6",
    "totalSupply": "999787678017949",
    "totalSupplyFormatted": "999787678.017949",
    "sellerFeeBasisPoints": 0,
    "isMutable": true,
    "primarySaleHappened": 0,
    "updateAuthority": "6V2QwBfj1whUUck1Yk8srtedKkSrEuUK6MM8MSEFqXqb",
    "usdPrice": 3.0376e-05,
    "nativePriceValue": "208",
    "exchangeName": "PumpSwap",
    "exchangeAddress": "pAMMBay6oceH9fJKBRHGP5D4bD4sWpmSwMn52FMfXEA",
    "firstSwapTimestamp": "2025-06-13T18:23:57+00:00",
    "firstSwapType": "buy",
    "firstBuyerOrSeller": "Cd3UHZDauHCQGKycM5uQAhWWGauf66SGBNoaqYy64Na8",
    "firstTradeValueUsd": 14.540953099,
    "label": 75
}