{
    "mint": "FHA5KTVLd5UgwgAxWXgWbU1X6rjDTRF3VdrnB38Fpump",
    "name": "BLORB",
    "symbol": "BLORB",
    "decimals": "6",
    "totalSupply": "999948929954006",
    "totalSupplyFormatted": "999948929.954006",
    "sellerFeeBasisPoints": 0,
    "isMutable": true,
    "primarySaleHappened": 0,
    "updateAuthority": "77L5KrCcdYGdTCVXbaU6Q2tFiniV1kBCs1ZUyNLkXuYM",
    "usdPrice": 0.181816824,
    "nativePriceValue": "1274905",
    "exchangeName": "PumpSwap",
    "exchangeAddress": "pAMMBay6oceH9fJKBRHGP5D4bD4sWpmSwMn52FMfXEA",
    "firstSwapTimestamp": "2025-06-28T01:32:27+00:00",
    "firstSwapType": "buy",
    "firstBuyerOrSeller": "FE8W9kNjRr21Fkg41feu1AoaRzfTn2pJ8S83VawLsayk",
    "firstTradeValueUsd": 1.409556266,
    "label": 67
}