{
    "mint": "GNyFH3YLHDp5D5gf9xYWudBH2vEcDY3biPrFywiZpump",
    "name": "Art of our era",
    "symbol": "ART",
    "decimals": "6",
    "totalSupply": "999999328346183",
    "totalSupplyFormatted": "999999328.346183",
    "sellerFeeBasisPoints": 0,
    "isMutable": true,
    "primarySaleHappened": 0,
    "updateAuthority": "2SQmT33B5omgZTvNjh8cSX21tnnKTjKBcnkm1sYR7VrK",
    "usdPrice": 9.429e-06,
    "nativePriceValue": "64.9839",
    "exchangeName": "PumpSwap",
    "exchangeAddress": "pAMMBay6oceH9fJKBRHGP5D4bD4sWpmSwMn52FMfXEA",
    "firstSwapTimestamp": "2025-06-17T13:07:25+00:00",
    "firstSwapType": "buy",
    "firstBuyerOrSeller": "2JUU74qA5BCWSjBfggLcxMfypbzEeawqMpuhWpqV3zZn",
    "firstTradeValueUsd": 1.494101843,
    "label": 62
}