{
    "mint": "G2xqceoFyGkwCv863nTRcDCpzX5dS5swEiEM99i7pump",
    "name": "Hedge Coin",
    "symbol": "Hedge",
    "decimals": "6",
    "totalSupply": "3536729833425",
    "totalSupplyFormatted": "3536729.833425",
    "sellerFeeBasisPoints": 0,
    "isMutable": false,
    "primarySaleHappened": 0,
    "updateAuthority": "BNQzwkhjX3bPt6iUWsv9YH7vvU4pL1F67e6o9swJvff5",
    "usdPrice": 4.282e-06,
    "nativePriceValue": "29.0869",
    "exchangeName": "PumpSwap",
    "exchangeAddress": "pAMMBay6oceH9fJKBRHGP5D4bD4sWpmSwMn52FMfXEA",
    "firstSwapTimestamp": "2025-07-06T00:50:39+00:00",
    "firstSwapType": "buy",
    "firstBuyerOrSeller": "76NMKsKmTf4p93tik1rjsFZY8LTRbD6zwsbMqZhKZDAP",
    "firstTradeValueUsd": 0.183767979,
    "label": 63
}