{
    "mint": "H3S9QZqNHqCkrAGNPQe2C96xBXcbXhuLiLLJdrqmpump",
    "name": "M",
    "symbol": "M",
    "decimals": "6",
    "totalSupply": "999999117830562",
    "totalSupplyFormatted": "999999117.830562",
    "sellerFeeBasisPoints": 0,
    "isMutable": true,
    "primarySaleHappened": 0,
    "updateAuthority": "B2pnjLpHBapaFeB93zksrStrk4sVwYuEuR4QHT1rqDkz",
    "usdPrice": 3.1881e-05,
    "nativePriceValue": "210",
    "exchangeName": "PumpSwap",
    "exchangeAddress": "pAMMBay6oceH9fJKBRHGP5D4bD4sWpmSwMn52FMfXEA",
    "firstSwapTimestamp": "2025-06-30T05:14:02+00:00",
    "firstSwapType": "buy",
    "firstBuyerOrSeller": "kiwiC4pg5mC4N5AhpXc4Av3V6oV7Sn2p3CqB7NeHbJJ",
    "firstTradeValueUsd": 0.006056623,
    "label": 65
}