{
    "mint": "BPkxi9qz93jpBwTgNMx9Fpj9Na5C6PT5NzKjjAJZpump",
    "name": "Trump Mobile",
    "symbol": "T1",
    "decimals": "6",
    "totalSupply": "4105792581473",
    "totalSupplyFormatted": "4105792.581473",
    "sellerFeeBasisPoints": 0,
    "isMutable": false,
    "primarySaleHappened": 0,
    "updateAuthority": "6mhqBHyAzHNxd68E7fJodKF1v5htJpdqus3SwGim26HP",
    "usdPrice": 8.138e-06,
    "nativePriceValue": "53.6544",
    "exchangeName": "PumpSwap",
    "exchangeAddress": "pAMMBay6oceH9fJKBRHGP5D4bD4sWpmSwMn52FMfXEA",
    "firstSwapTimestamp": "2025-06-17T09:45:09+00:00",
    "firstSwapType": "buy",
    "firstBuyerOrSeller": "6mhqBHyAzHNxd68E7fJodKF1v5htJpdqus3SwGim26HP",
    "firstTradeValueUsd": 1.51e-07,
    "label": 62
}