{
    "mint": "6ZnvDpp74kBXM1QRvX2nPtNJmDML67D4tKg1N9Jgpump",
    "name": "ZombieDollars",
    "symbol": "ZOMBIE",
    "decimals": "6",
    "totalSupply": "1000000000000000",
    "totalSupplyFormatted": "1000000000",
    "sellerFeeBasisPoints": 0,
    "isMutable": false,
    "primarySaleHappened": 0,
    "updateAuthority": "WLHv2UAZm6z4KyaaELi5pjdbJh6RESMva1Rnn8pJVVh",
    "usdPrice": 4.39e-06,
    "nativePriceValue": "27.6677",
    "exchangeName": "Raydium",
    "exchangeAddress": "LanMV9sAd7wArD4vJFi2qDdfnVhFxYSUg6eADduJ3uj",
    "firstSwapTimestamp": "2025-07-10T18:41:39+00:00",
    "firstSwapType": "buy",
    "firstBuyerOrSeller": "C77BKbA6qEniXEHHkMLV5SCWHJXzYivrw878qL2RzUgP",
    "firstTradeValueUsd": 103.168949442,
    "label": 29
}