{
    "mint": "6H61akqY3Wf7MX1oyA3nrJuiDaA2Gpgpw6uQUtKMpump",
    "name": "werld pees",
    "symbol": "pees",
    "decimals": "6",
    "totalSupply": "999953899984298",
    "totalSupplyFormatted": "999953899.984298",
    "sellerFeeBasisPoints": 0,
    "isMutable": true,
    "primarySaleHappened": 0,
    "updateAuthority": "DYDscYFYjGYEcF2dMedQXrFWfeTzFTdFeDhqfFyaJrMh",
    "usdPrice": 0.000171853,
    "nativePriceValue": "1216",
    "exchangeName": "PumpSwap",
    "exchangeAddress": "pAMMBay6oceH9fJKBRHGP5D4bD4sWpmSwMn52FMfXEA",
    "firstSwapTimestamp": "2025-06-23T20:45:51+00:00",
    "firstSwapType": "buy",
    "firstBuyerOrSeller": "8g5ZUSMEZ8D913go2JK1Sq3jR8syWME5MNegTbvxL4Ny",
    "firstTradeValueUsd": 14.109931256,
    "label": 63
}