{
    "mint": "8MPRtA2yeNbL5EUvs9E1CFYX2vdJvQJGQo7Nvk6wpump",
    "name": "goldcoin",
    "symbol": "goldcoin",
    "decimals": "6",
    "totalSupply": "999999992910817",
    "totalSupplyFormatted": "999999992.910817",
    "sellerFeeBasisPoints": 0,
    "isMutable": true,
    "primarySaleHappened": 0,
    "updateAuthority": "3pKW15aivhTqjqTcpZxDthMsmRQzbZ2PdSgPtrPrE2ve",
    "usdPrice": 0.000105813,
    "nativePriceValue": "725",
    "exchangeName": "PumpSwap",
    "exchangeAddress": "pAMMBay6oceH9fJKBRHGP5D4bD4sWpmSwMn52FMfXEA",
    "firstSwapTimestamp": "2025-06-13T17:40:51+00:00",
    "firstSwapType": "buy",
    "firstBuyerOrSeller": "2JUU74qA5BCWSjBfggLcxMfypbzEeawqMpuhWpqV3zZn",
    "firstTradeValueUsd": 1.461004296,
    "label": 63
}