{
    "mint": "pdHxKPVLC2MUkFFyN2SPQrmn2sAxVSftZnAejbPpump",
    "name": "BLANK",
    "symbol": "BLANK",
    "decimals": "6",
    "totalSupply": "175916058867",
    "totalSupplyFormatted": "175916.058867",
    "sellerFeeBasisPoints": 0,
    "isMutable": false,
    "primarySaleHappened": 0,
    "updateAuthority": "93ULnCjcFeEDS6EGS9Mx2ov1ZBsoR6wyMxwRqBzirzbY",
    "usdPrice": 4.971e-06,
    "nativePriceValue": "30.7192",
    "exchangeName": "PumpSwap",
    "exchangeAddress": "pAMMBay6oceH9fJKBRHGP5D4bD4sWpmSwMn52FMfXEA",
    "firstSwapTimestamp": "2025-07-11T17:20:17+00:00",
    "firstSwapType": "buy",
    "firstBuyerOrSeller": "27HFmP7ccLadGswvQfvea4o3juLw75cPF4V6jWpHM3MX",
    "firstTradeValueUsd": 0.017194353,
    "label": 78
}