{
    "mint": "CzafeLSooNGVe8EJLfSYPATyod7NtBrMsrxUAmq9pump",
    "name": "Digital Super Intelligence",
    "symbol": "DSI",
    "decimals": "6",
    "totalSupply": "999900336850060",
    "totalSupplyFormatted": "999900336.85006",
    "sellerFeeBasisPoints": 0,
    "isMutable": true,
    "primarySaleHappened": 0,
    "updateAuthority": "Qq6sqMsM84cuxBroAEyw2iYnmJh2t7MP4aCU9AVWvH8",
    "usdPrice": 1.88e-07,
    "nativePriceValue": "1.2794",
    "exchangeName": "PumpSwap",
    "exchangeAddress": "pAMMBay6oceH9fJKBRHGP5D4bD4sWpmSwMn52FMfXEA",
    "firstSwapTimestamp": "2025-06-19T21:43:28+00:00",
    "firstSwapType": "buy",
    "firstBuyerOrSeller": "Hn4hntpxdFtDvnUB6JsNJQUHNwcytSJcG4aSx9jzCRyu",
    "firstTradeValueUsd": 733.00761515,
    "label": 80
}