{
    "mint": "Ab9CsLnTcZkLrHs43borj5wV1dooUk7MPLs2u53qpump",
    "name": "dog with drawing",
    "symbol": "withdraw",
    "decimals": "6",
    "totalSupply": "999988162649228",
    "totalSupplyFormatted": "999988162.649228",
    "sellerFeeBasisPoints": 0,
    "isMutable": true,
    "primarySaleHappened": 0,
    "updateAuthority": "DEC8Ag7Ftrnr9ucZc95FM1HS8dgU23B6gb7AaXTJMhpd",
    "usdPrice": 0.000102813,
    "nativePriceValue": "694",
    "exchangeName": "PumpSwap",
    "exchangeAddress": "pAMMBay6oceH9fJKBRHGP5D4bD4sWpmSwMn52FMfXEA",
    "firstSwapTimestamp": "2025-07-04T14:08:20+00:00",
    "firstSwapType": "buy",
    "firstBuyerOrSeller": "76NMKsKmTf4p93tik1rjsFZY8LTRbD6zwsbMqZhKZDAP",
    "firstTradeValueUsd": 1.484321533,
    "label": 63
}