{
    "mint": "7LcK1N4vg2JkwFvvjzqw8b4wd8Ep7A7jzZ8kTM1Jpump",
    "name": "The Forbidden QR",
    "symbol": "404",
    "decimals": "6",
    "totalSupply": "999999471761676",
    "totalSupplyFormatted": "999999471.761676",
    "sellerFeeBasisPoints": 0,
    "isMutable": true,
    "primarySaleHappened": 0,
    "updateAuthority": "8TGeX8KWs3AgBkj4DBYZMcCxPZyWffJdj8R4rnJqJggF",
    "usdPrice": 0.000210979,
    "nativePriceValue": "1406",
    "exchangeName": "PumpSwap",
    "exchangeAddress": "pAMMBay6oceH9fJKBRHGP5D4bD4sWpmSwMn52FMfXEA",
    "firstSwapTimestamp": "2025-06-29T06:16:42+00:00",
    "firstSwapType": "buy",
    "firstBuyerOrSeller": "76NMKsKmTf4p93tik1rjsFZY8LTRbD6zwsbMqZhKZDAP",
    "firstTradeValueUsd": 0.898530008,
    "label": 63
}