{
    "mint": "6ozZ8fe1yzsVLe49oV2AHk9BvzakiFNmBTk87b1cpump",
    "name": "Awkward Look Monkey",
    "symbol": "Kento",
    "decimals": "6",
    "totalSupply": "999999428480971",
    "totalSupplyFormatted": "999999428.480971",
    "sellerFeeBasisPoints": 0,
    "isMutable": true,
    "primarySaleHappened": 0,
    "updateAuthority": "H263MbFhLp6Awm6QAswS9Ty2ZQqcgJLFZCzAezGkMHPR",
    "usdPrice": 0.000127672,
    "nativePriceValue": "890",
    "exchangeName": "PumpSwap",
    "exchangeAddress": "pAMMBay6oceH9fJKBRHGP5D4bD4sWpmSwMn52FMfXEA",
    "firstSwapTimestamp": "2025-06-26T15:00:44+00:00",
    "firstSwapType": "buy",
    "firstBuyerOrSeller": "CQWCSPaEM6KcgB7pwjVzwFPUD94Gtqaj7Sdeyvk6n6e9",
    "firstTradeValueUsd": 1.285076153,
    "label": 63
}