{
    "mint": "DMa27kMXtLc8qwdKbD9Kba7hExrdzRRYF19CtcRgpump",
    "name": "Unconditional Surrender",
    "symbol": "UNCSURR",
    "decimals": "6",
    "totalSupply": "999999076297063",
    "totalSupplyFormatted": "999999076.297063",
    "sellerFeeBasisPoints": 0,
    "isMutable": true,
    "primarySaleHappened": 0,
    "updateAuthority": "urUVJfSTTiJLfCtS6h1vzcvcWuGa7AWDo2wJgpUw7bt",
    "usdPrice": 0.000103951,
    "nativePriceValue": "703",
    "exchangeName": "PumpSwap",
    "exchangeAddress": "pAMMBay6oceH9fJKBRHGP5D4bD4sWpmSwMn52FMfXEA",
    "firstSwapTimestamp": "2025-06-17T21:31:23+00:00",
    "firstSwapType": "buy",
    "firstBuyerOrSeller": "641ZjCAWs1JyWuxKNhGdTxVi9uLgVhg8i7t11cshxACR",
    "firstTradeValueUsd": 14.788097512,
    "label": 63
}