{
    "mint": "ArEb6UMCe8qJXKJqPBFwHDcfJ4BqEmYrNXJprLtzpump",
    "name": "Artificial Investment",
    "symbol": "AI",
    "decimals": "6",
    "totalSupply": "999998923796259",
    "totalSupplyFormatted": "999998923.796259",
    "sellerFeeBasisPoints": 0,
    "isMutable": true,
    "primarySaleHappened": 0,
    "updateAuthority": "4h9eZuehd1MzTMQYYJFtmtFvgDr35tdxgDCXLQpDcp8U",
    "usdPrice": 7.661e-06,
    "nativePriceValue": "51.5836",
    "exchangeName": "PumpSwap",
    "exchangeAddress": "pAMMBay6oceH9fJKBRHGP5D4bD4sWpmSwMn52FMfXEA",
    "firstSwapTimestamp": "2025-06-18T00:01:25+00:00",
    "firstSwapType": "buy",
    "firstBuyerOrSeller": "BzQPrs33w1CxYoVNaSgahCC4N2TyHAVbWfy4v6WT3vCa",
    "firstTradeValueUsd": 14.725724239,
    "label": 62
}