{
    "mint": "2iukAdQX6WXc16cauty3EM1LH4in7pfAT5EG8ZCqpump",
    "name": "Israel Rat",
    "symbol": "Israel Rat",
    "decimals": "6",
    "totalSupply": "999898909132072",
    "totalSupplyFormatted": "999898909.132072",
    "sellerFeeBasisPoints": 0,
    "isMutable": true,
    "primarySaleHappened": 0,
    "updateAuthority": "CU6LrxqZax8wcXw9FCRTNevhkq2LrJoDGzTRSZicPFq6",
    "usdPrice": 2.8609e-05,
    "nativePriceValue": "181",
    "exchangeName": "PumpSwap",
    "exchangeAddress": "pAMMBay6oceH9fJKBRHGP5D4bD4sWpmSwMn52FMfXEA",
    "firstSwapTimestamp": "2025-06-16T07:21:30+00:00",
    "firstSwapType": "buy",
    "firstBuyerOrSeller": "5dnFxM648UQpBTonstiBE1HWZaVG49Cv3yuNhX6Y1nFU",
    "firstTradeValueUsd": 15.622350221,
    "label": 82
}