{
    "mint": "BiT6BSLnUHXhyjhN9XgQ5kv5Taw6c5cqcBdLv2bSpump",
    "name": "Mr.Smokey",
    "symbol": "SMOKEY",
    "decimals": "6",
    "totalSupply": "581289218031",
    "totalSupplyFormatted": "581289.218031",
    "sellerFeeBasisPoints": 0,
    "isMutable": false,
    "primarySaleHappened": 0,
    "updateAuthority": "Fg68Q9vhTfj3arT3D5kAsEmfxVVwkJi9DZQd35k8tfPM",
    "usdPrice": 9.264e-06,
    "nativePriceValue": "61.0804",
    "exchangeName": "PumpSwap",
    "exchangeAddress": "pAMMBay6oceH9fJKBRHGP5D4bD4sWpmSwMn52FMfXEA",
    "firstSwapTimestamp": "2025-07-06T15:44:35+00:00",
    "firstSwapType": "buy",
    "firstBuyerOrSeller": "Fg68Q9vhTfj3arT3D5kAsEmfxVVwkJi9DZQd35k8tfPM",
    "firstTradeValueUsd": 1.5e-07,
    "label": 63
}