{
    "mint": "81CbT4UXH9jCHPjbxy4TDx8gJH1gU7FtQwShRekzpump",
    "name": "unpredictable coin",
    "symbol": "USUP",
    "decimals": "6",
    "totalSupply": "999999911484973",
    "totalSupplyFormatted": "999999911.484973",
    "sellerFeeBasisPoints": 0,
    "isMutable": true,
    "primarySaleHappened": 0,
    "updateAuthority": "5wi3g3QgsFbQXLiWAsQupJEs2SeGJhMAXfeXmq6Hud7W",
    "usdPrice": 0.000203686,
    "nativePriceValue": "1355",
    "exchangeName": "PumpSwap",
    "exchangeAddress": "pAMMBay6oceH9fJKBRHGP5D4bD4sWpmSwMn52FMfXEA",
    "firstSwapTimestamp": "2025-06-29T16:32:20+00:00",
    "firstSwapType": "buy",
    "firstBuyerOrSeller": "tqeUdfY435HMFR1dui5GCWmiEP1kM9MowPGSfZsAEPd",
    "firstTradeValueUsd": 446.803261702,
    "label": 62
}