{
    "mint": "CiJYEeTQsseKxUkz26dzhJJ3a43rWA3C6vZ7Ltrrpump",
    "name": "Pepe The Grouch",
    "symbol": "gorpe",
    "decimals": "6",
    "totalSupply": "999659191571213",
    "totalSupplyFormatted": "999659191.571213",
    "sellerFeeBasisPoints": 0,
    "isMutable": true,
    "primarySaleHappened": 0,
    "updateAuthority": "3L4B4zYT7Yz2CjZ9jqm5ePCbPeTqsiePPiHDEn1spfBB",
    "usdPrice": 4.2622e-05,
    "nativePriceValue": "303",
    "exchangeName": "PumpSwap",
    "exchangeAddress": "pAMMBay6oceH9fJKBRHGP5D4bD4sWpmSwMn52FMfXEA",
    "firstSwapTimestamp": "2025-06-21T17:21:15+00:00",
    "firstSwapType": "buy",
    "firstBuyerOrSeller": "Bo5zd1Ns6q3dhqher9rtSBVcDTKpSagdxBvy1ApRSBkb",
    "firstTradeValueUsd": 14.020002651,
    "label": 63
}