{
    "mint": "m5xz7rHneiotXrYTemp4MdPEbHH2AnEj6Q5FpRFpump",
    "name": "The First HODLER",
    "symbol": "GRUG",
    "decimals": "6",
    "totalSupply": "1562561203924",
    "totalSupplyFormatted": "1562561.203924",
    "sellerFeeBasisPoints": 0,
    "isMutable": false,
    "primarySaleHappened": 0,
    "updateAuthority": "3aDMWF3DmjAaYmcgWdARuyhiaSU6mmmHr8GoyjgZHG2m",
    "usdPrice": 5.721e-06,
    "nativePriceValue": "35.3249",
    "exchangeName": "PumpSwap",
    "exchangeAddress": "pAMMBay6oceH9fJKBRHGP5D4bD4sWpmSwMn52FMfXEA",
    "firstSwapTimestamp": "2025-06-20T22:26:35+00:00",
    "firstSwapType": "buy",
    "firstBuyerOrSeller": "cakewAiZcEFuE3YjRd6KzBVqdpykNCZupJxdft7u5vW",
    "firstTradeValueUsd": 0.011115645,
    "label": 63
}