{
    "mint": "12UHZ7L4eNRt7DCW2qDNpB6KiuwbD1s3htLJpMyFpump",
    "name": "1 coin can change your life",
    "symbol": "unicoin",
    "decimals": "6",
    "totalSupply": "1256108364040",
    "totalSupplyFormatted": "1256108.36404",
    "sellerFeeBasisPoints": 0,
    "isMutable": false,
    "primarySaleHappened": 0,
    "updateAuthority": "CEQrtysCbfVQWT3wNHBnubuTHUnafrY6L7AQtSjsEDqG",
    "usdPrice": 9.798e-10,
    "nativePriceValue": "0.0060583",
    "exchangeName": "PumpSwap",
    "exchangeAddress": "pAMMBay6oceH9fJKBRHGP5D4bD4sWpmSwMn52FMfXEA",
    "firstSwapTimestamp": "2025-06-29T23:47:33+00:00",
    "firstSwapType": "buy",
    "firstBuyerOrSeller": "5iywveQKkidqPDKt2CExJcWKex2EXz9kbGcYiZvhuXWs",
    "firstTradeValueUsd": 0.015283699,
    "label": 59
}