{
    "mint": "edA3NREksUfc7ecXJyTv3DDJJNgrKrtPinqzZkxpump",
    "name": "King of The United States",
    "symbol": "KOTUS",
    "decimals": "6",
    "totalSupply": "2896245795465",
    "totalSupplyFormatted": "2896245.795465",
    "sellerFeeBasisPoints": 0,
    "isMutable": false,
    "primarySaleHappened": 0,
    "updateAuthority": "39ikaDrwtx56JXs4AA73F9C8ozs4MJpVd8zYK6suoBy5",
    "usdPrice": 2.46e-07,
    "nativePriceValue": "1.523",
    "exchangeName": "PumpSwap",
    "exchangeAddress": "pAMMBay6oceH9fJKBRHGP5D4bD4sWpmSwMn52FMfXEA",
    "firstSwapTimestamp": "2025-06-15T11:29:35+00:00",
    "firstSwapType": "buy",
    "firstBuyerOrSeller": "cakewAiZcEFuE3YjRd6KzBVqdpykNCZupJxdft7u5vW",
    "firstTradeValueUsd": 0.01166055,
    "label": 63
}