{
    "mint": "SxskHogPQjcPkbagVVHuo6qhqiFAt6c6vfRXhy5pump",
    "name": "Pump Wars",
    "symbol": "WARS",
    "decimals": "6",
    "totalSupply": "3558630682",
    "totalSupplyFormatted": "3558.630682",
    "sellerFeeBasisPoints": 0,
    "isMutable": false,
    "primarySaleHappened": 0,
    "updateAuthority": "ZqGXdmMahoCSrjY8z5qsqYcZkAczRqRNDbHi3zCRYZD",
    "usdPrice": 6.361e-06,
    "nativePriceValue": "39.2933",
    "exchangeName": "PumpSwap",
    "exchangeAddress": "pAMMBay6oceH9fJKBRHGP5D4bD4sWpmSwMn52FMfXEA",
    "firstSwapTimestamp": "2025-06-27T01:25:52+00:00",
    "firstSwapType": "buy",
    "firstBuyerOrSeller": "27HFmP7ccLadGswvQfvea4o3juLw75cPF4V6jWpHM3MX",
    "firstTradeValueUsd": 0.014646049,
    "label": 36
}