{
    "mint": "344J8HVkBMcBZ1ioyZQ99AyihfLj1vFu4o633oxDpump",
    "name": "dog without fur",
    "symbol": "raw dog",
    "decimals": "6",
    "totalSupply": "373703661372",
    "totalSupplyFormatted": "373703.661372",
    "sellerFeeBasisPoints": 0,
    "isMutable": true,
    "primarySaleHappened": 0,
    "updateAuthority": "BcoUvPakdewbG7rKRU6s3VAZtVGVUgL5qQjmkYgD6Pm6",
    "usdPrice": 354192.892010975,
    "nativePriceValue": "1850000833333",
    "exchangeName": "PumpSwap",
    "exchangeAddress": "pAMMBay6oceH9fJKBRHGP5D4bD4sWpmSwMn52FMfXEA",
    "firstSwapTimestamp": "2025-06-27T07:06:01+00:00",
    "firstSwapType": "buy",
    "firstBuyerOrSeller": "KWq7esvBkhAh6TP6iDb1LtGPhQbTN76L6iN3p5Dd81E",
    "firstTradeValueUsd": 44.403851932,
    "label": 69
}