{
    "mint": "4TukYem1W3NyndavEhbbGMJw7cva23MePcarG5eqpump",
    "name": "craptocurrency",
    "symbol": "crapto",
    "decimals": "6",
    "totalSupply": "999997543587518",
    "totalSupplyFormatted": "999997543.587518",
    "sellerFeeBasisPoints": 0,
    "isMutable": true,
    "primarySaleHappened": 0,
    "updateAuthority": "5yQPqscfBeTkfH9PRiiLqJ6QtVUeUvs1xCtxMu2xksdm",
    "usdPrice": 7.346e-06,
    "nativePriceValue": "49.527",
    "exchangeName": "PumpSwap",
    "exchangeAddress": "pAMMBay6oceH9fJKBRHGP5D4bD4sWpmSwMn52FMfXEA",
    "firstSwapTimestamp": "2025-06-17T14:37:58+00:00",
    "firstSwapType": "buy",
    "firstBuyerOrSeller": "2uav5q4X6T4MaWRtH5ysVYffTe33kHVFkz5zChKvvc4D",
    "firstTradeValueUsd": 1.914403518,
    "label": 81
}