{
    "mint": "7BhBkLVmFdZp8YQg8hzJ2yzPGuHuC7XBBTAMnBG3pump",
    "name": "Amazon",
    "symbol": "Amazon",
    "decimals": "6",
    "totalSupply": "999998640233044",
    "totalSupplyFormatted": "999998640.233044",
    "sellerFeeBasisPoints": 0,
    "isMutable": true,
    "primarySaleHappened": 0,
    "updateAuthority": "8VqnvpQEAUVktjscRS3ZEPfVLAcoyvMZ6TSoVMeL8by4",
    "usdPrice": 0.000145113,
    "nativePriceValue": "965",
    "exchangeName": "PumpSwap",
    "exchangeAddress": "pAMMBay6oceH9fJKBRHGP5D4bD4sWpmSwMn52FMfXEA",
    "firstSwapTimestamp": "2025-06-17T00:23:29+00:00",
    "firstSwapType": "buy",
    "firstBuyerOrSeller": "2jYSccZUuXM4TY2y2641PB5zV65BSqjkfshWukL8QPkP",
    "firstTradeValueUsd": 1.502022014,
    "label": 63
}