{
    "mint": "33cXygSmckDa3PyLuqhmchpVmnYvvNL37HsVPqoPpump",
    "name": "Based Pumpfun",
    "symbol": "BASEDPUMP",
    "decimals": "6",
    "totalSupply": "999931488668014",
    "totalSupplyFormatted": "999931488.668014",
    "sellerFeeBasisPoints": 0,
    "isMutable": true,
    "primarySaleHappened": 0,
    "updateAuthority": "BeAMrf3H8spifwBKBoLcLZR6ViBsgaBPwxxxcXq4gZCe",
    "usdPrice": 8.5647e-05,
    "nativePriceValue": "622",
    "exchangeName": "PumpSwap",
    "exchangeAddress": "pAMMBay6oceH9fJKBRHGP5D4bD4sWpmSwMn52FMfXEA",
    "firstSwapTimestamp": "2025-06-20T17:38:52+00:00",
    "firstSwapType": "buy",
    "firstBuyerOrSeller": "Bo5zd1Ns6q3dhqher9rtSBVcDTKpSagdxBvy1ApRSBkb",
    "firstTradeValueUsd": 13.607335608,
    "label": 63
}