{
    "mint": "5vBuyDtw9C5HEEU4vwgCuVGYp3r6HzBMfLyRFZeSpump",
    "name": "SPAC MERGE",
    "symbol": "SPAC",
    "decimals": "6",
    "totalSupply": "999839946503397",
    "totalSupplyFormatted": "999839946.503397",
    "sellerFeeBasisPoints": 0,
    "isMutable": true,
    "primarySaleHappened": 0,
    "updateAuthority": "BoZ8YbB5DptFJFY2AEkHaWD1pPHeWk5YWBP25VNZXgD9",
    "usdPrice": 3.8547e-05,
    "nativePriceValue": "254",
    "exchangeName": "PumpSwap",
    "exchangeAddress": "pAMMBay6oceH9fJKBRHGP5D4bD4sWpmSwMn52FMfXEA",
    "firstSwapTimestamp": "2025-07-01T06:00:11+00:00",
    "firstSwapType": "buy",
    "firstBuyerOrSeller": "DHWQyuY3sUfNnucLziaQpKfbpFxN1tdbj3XTPQ7ghBrw",
    "firstTradeValueUsd": 1.205035197,
    "label": 67
}