{
    "mint": "oif74RyVLTiXq52EnsA21CBg5S5pVp6DpdHtBCCpump",
    "name": "MINDLESS COIN",
    "symbol": "MINDLESS",
    "decimals": "6",
    "totalSupply": "1044131156081",
    "totalSupplyFormatted": "1044131.156081",
    "sellerFeeBasisPoints": 0,
    "isMutable": false,
    "primarySaleHappened": 0,
    "updateAuthority": "Cm7o8qRMe9zxPbXgnhcfchyaExGg3X75DKFmbgrvydSh",
    "usdPrice": 4.46e-10,
    "nativePriceValue": "0.00302562",
    "exchangeName": "PumpSwap",
    "exchangeAddress": "pAMMBay6oceH9fJKBRHGP5D4bD4sWpmSwMn52FMfXEA",
    "firstSwapTimestamp": "2025-06-28T05:43:21+00:00",
    "firstSwapType": "buy",
    "firstBuyerOrSeller": "cakewAiZcEFuE3YjRd6KzBVqdpykNCZupJxdft7u5vW",
    "firstTradeValueUsd": 0.009234927,
    "label": 61
}