{
    "mint": "GAKT72mWUYvLMGdJWLU1DZ9SXJMqP9dnwj8gAnWgpump",
    "name": "Xolo",
    "symbol": "Xolo",
    "decimals": "6",
    "totalSupply": "999918246826578",
    "totalSupplyFormatted": "999918246.826578",
    "sellerFeeBasisPoints": 0,
    "isMutable": true,
    "primarySaleHappened": 0,
    "updateAuthority": "EL1PC8SureT8Po7tKPXW8NYXHbo9neTNthvEmvyNpwQd",
    "usdPrice": 0.000104024,
    "nativePriceValue": "696",
    "exchangeName": "PumpSwap",
    "exchangeAddress": "pAMMBay6oceH9fJKBRHGP5D4bD4sWpmSwMn52FMfXEA",
    "firstSwapTimestamp": "2025-06-29T02:21:11+00:00",
    "firstSwapType": "buy",
    "firstBuyerOrSeller": "2jYSccZUuXM4TY2y2641PB5zV65BSqjkfshWukL8QPkP",
    "firstTradeValueUsd": 1.491734276,
    "label": 62
}