{
    "mint": "9T12WMxM9Fwf7H5YUG9kcGBdEGEMoLCNsYpRnHvQpump",
    "name": "Circle",
    "symbol": "Circle",
    "decimals": "6",
    "totalSupply": "999997173705222",
    "totalSupplyFormatted": "999997173.705222",
    "sellerFeeBasisPoints": 0,
    "isMutable": true,
    "primarySaleHappened": 0,
    "updateAuthority": "5yQPqscfBeTkfH9PRiiLqJ6QtVUeUvs1xCtxMu2xksdm",
    "usdPrice": 779440.61022191,
    "nativePriceValue": "5555556000000",
    "exchangeName": "PumpSwap",
    "exchangeAddress": "pAMMBay6oceH9fJKBRHGP5D4bD4sWpmSwMn52FMfXEA",
    "firstSwapTimestamp": "2025-06-21T04:18:30+00:00",
    "firstSwapType": "buy",
    "firstBuyerOrSeller": "ASSu3Hd49H9sAstSw2YnEGDvsuabGUZogirjfyhMQLVW",
    "firstTradeValueUsd": 0.631200186,
    "label": 67
}