{
    "mint": "H1d68aFFhD9Sz54EE2TLhucDYGKWubzFHCVSEYGKpump",
    "name": "moontard",
    "symbol": "moontard",
    "decimals": "6",
    "totalSupply": "999880628437795",
    "totalSupplyFormatted": "999880628.437795",
    "sellerFeeBasisPoints": 0,
    "isMutable": true,
    "primarySaleHappened": 0,
    "updateAuthority": "9rHFD5vsZZ6Yhv2W5TiPCTacDr8QJZR9HHdjHtF5KQCn",
    "usdPrice": 2.3879e-05,
    "nativePriceValue": "166",
    "exchangeName": "PumpSwap",
    "exchangeAddress": "pAMMBay6oceH9fJKBRHGP5D4bD4sWpmSwMn52FMfXEA",
    "firstSwapTimestamp": "2025-06-27T22:39:59+00:00",
    "firstSwapType": "buy",
    "firstBuyerOrSeller": "DLwcHXEgXZ39TtfrofTAY4RN1zy2qfDp6qakZyqtVQxw",
    "firstTradeValueUsd": 62.862508859,
    "label": 63
}