{
    "mint": "vw766beNVdmzS6ZMLPkzidzAsiJt7TWJdYVVt9cpump",
    "name": "That shit cray",
    "symbol": "CRAY",
    "decimals": "6",
    "totalSupply": "7124065398",
    "totalSupplyFormatted": "7124.065398",
    "sellerFeeBasisPoints": 0,
    "isMutable": false,
    "primarySaleHappened": 0,
    "updateAuthority": "6dcw98umJhd7KycNL4M6rFPcMEQMetvLzsCAsmJNsJ4v",
    "usdPrice": 5.781e-06,
    "nativePriceValue": "35.7446",
    "exchangeName": "PumpSwap",
    "exchangeAddress": "pAMMBay6oceH9fJKBRHGP5D4bD4sWpmSwMn52FMfXEA",
    "firstSwapTimestamp": "2025-06-20T20:54:52+00:00",
    "firstSwapType": "buy",
    "firstBuyerOrSeller": "cakewAiZcEFuE3YjRd6KzBVqdpykNCZupJxdft7u5vW",
    "firstTradeValueUsd": 0.011276619,
    "label": 49
}