{
    "mint": "nm2mYcYmx6ZvhZsTweAN2vXUmW7hwa26EYwLw4Ypump",
    "name": "iShowSpeed",
    "symbol": "HIGHER",
    "decimals": "6",
    "totalSupply": "999858221312235",
    "totalSupplyFormatted": "999858221.312235",
    "sellerFeeBasisPoints": 0,
    "isMutable": true,
    "primarySaleHappened": 0,
    "updateAuthority": "CU6LrxqZax8wcXw9FCRTNevhkq2LrJoDGzTRSZicPFq6",
    "usdPrice": 2.7416e-05,
    "nativePriceValue": "173",
    "exchangeName": "PumpSwap",
    "exchangeAddress": "pAMMBay6oceH9fJKBRHGP5D4bD4sWpmSwMn52FMfXEA",
    "firstSwapTimestamp": "2025-06-16T18:07:56+00:00",
    "firstSwapType": "buy",
    "firstBuyerOrSeller": "5dnFxM648UQpBTonstiBE1HWZaVG49Cv3yuNhX6Y1nFU",
    "firstTradeValueUsd": 15.672458571,
    "label": 82
}