{
    "mint": "uT3zBRc8TGKmPs1ksF1R8xvizgaJAqU5kQSY4YFpump",
    "name": "OG GOR",
    "symbol": "OGGOR",
    "decimals": "6",
    "totalSupply": "3705406415",
    "totalSupplyFormatted": "3705.406415",
    "sellerFeeBasisPoints": 0,
    "isMutable": false,
    "primarySaleHappened": 0,
    "updateAuthority": "G4QoytKkbtNEmmsxRHKeRbfnx3JSxBuaqcyx1DDHiFb5",
    "usdPrice": 5.864e-06,
    "nativePriceValue": "36.1948",
    "exchangeName": "PumpSwap",
    "exchangeAddress": "pAMMBay6oceH9fJKBRHGP5D4bD4sWpmSwMn52FMfXEA",
    "firstSwapTimestamp": "2025-06-21T01:38:17+00:00",
    "firstSwapType": "buy",
    "firstBuyerOrSeller": "cakewAiZcEFuE3YjRd6KzBVqdpykNCZupJxdft7u5vW",
    "firstTradeValueUsd": 0.008990768,
    "label": 36
}