{
    "mint": "LfktbjGqn8DULcQnEPuF32UskLCH9DWXcoEbwYGpump",
    "name": "Just an X guy",
    "symbol": "XGUY",
    "decimals": "6",
    "totalSupply": "920635786923",
    "totalSupplyFormatted": "920635.786923",
    "sellerFeeBasisPoints": 0,
    "isMutable": false,
    "primarySaleHappened": 0,
    "updateAuthority": "5YKGTybQbE48owt1mNVEKNgbS3h5BMLkrREBF2RuRAMw",
    "usdPrice": 7.1e-07,
    "nativePriceValue": "4.385",
    "exchangeName": "PumpSwap",
    "exchangeAddress": "pAMMBay6oceH9fJKBRHGP5D4bD4sWpmSwMn52FMfXEA",
    "firstSwapTimestamp": "2025-06-19T13:29:43+00:00",
    "firstSwapType": "buy",
    "firstBuyerOrSeller": "4woXzDiykf2ykiWw4jTeK5ce3rcMBNm9z5FqQwoReFTg",
    "firstTradeValueUsd": 0.011591388,
    "label": 44
}