{
    "mint": "5r2RYXKHhjFo5m7ed7q9Zpr7CnBq6p4RV5urnpqLpump",
    "name": "BitcoinAI",
    "symbol": "BITCOINAI",
    "decimals": "6",
    "totalSupply": "999847201759006",
    "totalSupplyFormatted": "999847201.759006",
    "sellerFeeBasisPoints": 0,
    "isMutable": true,
    "primarySaleHappened": 0,
    "updateAuthority": "BtZYs7wcJhTfWAHKR4hTPT71hXcnFUuWVfguhqQCoJsh",
    "usdPrice": 4.4764e-05,
    "nativePriceValue": "297",
    "exchangeName": "PumpSwap",
    "exchangeAddress": "pAMMBay6oceH9fJKBRHGP5D4bD4sWpmSwMn52FMfXEA",
    "firstSwapTimestamp": "2025-06-17T14:09:38+00:00",
    "firstSwapType": "buy",
    "firstBuyerOrSeller": "DCJCaoJEexKZbC7zcvf9PSgcgAmmiSdqdoQQBVViF3cW",
    "firstTradeValueUsd": 1.499220693,
    "label": 63
}