{
    "mint": "DMdkBMWkHaGuuAm7pfzcLggHWKoRfbvTGELjf2dopump",
    "name": "The Decepticons",
    "symbol": "Decepticon",
    "decimals": "6",
    "totalSupply": "999863508168452",
    "totalSupplyFormatted": "999863508.168452",
    "sellerFeeBasisPoints": 0,
    "isMutable": true,
    "primarySaleHappened": 0,
    "updateAuthority": "EbJF4QvD1Bv66ehCMpdbP8D7XG4hAFEjnv3tGhfPBWtf",
    "usdPrice": 7.4314e-05,
    "nativePriceValue": "509",
    "exchangeName": "PumpSwap",
    "exchangeAddress": "pAMMBay6oceH9fJKBRHGP5D4bD4sWpmSwMn52FMfXEA",
    "firstSwapTimestamp": "2025-06-20T02:58:14+00:00",
    "firstSwapType": "buy",
    "firstBuyerOrSeller": "2JUU74qA5BCWSjBfggLcxMfypbzEeawqMpuhWpqV3zZn",
    "firstTradeValueUsd": 1.455319864,
    "label": 63
}