{
    "mint": "95ZDXuX9ASB8z2vFy44t9K9JRgKA9gb73hbSSuZEpump",
    "name": "ponk",
    "symbol": "ponk",
    "decimals": "6",
    "totalSupply": "3628460835931",
    "totalSupplyFormatted": "3628460.835931",
    "sellerFeeBasisPoints": 0,
    "isMutable": false,
    "primarySaleHappened": 0,
    "updateAuthority": "8bMAXBYNA8PwBR5CrUiWhkzmDKY6xCJpCAgVHus6SGZX",
    "usdPrice": 4.274e-06,
    "nativePriceValue": "28.1165",
    "exchangeName": "PumpSwap",
    "exchangeAddress": "pAMMBay6oceH9fJKBRHGP5D4bD4sWpmSwMn52FMfXEA",
    "firstSwapTimestamp": "2025-07-07T05:49:17+00:00",
    "firstSwapType": "buy",
    "firstBuyerOrSeller": "DHWQyuY3sUfNnucLziaQpKfbpFxN1tdbj3XTPQ7ghBrw",
    "firstTradeValueUsd": 0.379172371,
    "label": 63
}