{
    "mint": "5Rx628EBcskEfhC4oV6KdmUMMcEyHj19cjZa4fBspump",
    "name": "POKE6900",
    "symbol": "POKE6900",
    "decimals": "6",
    "totalSupply": "999999223038003",
    "totalSupplyFormatted": "999999223.038003",
    "sellerFeeBasisPoints": 0,
    "isMutable": true,
    "primarySaleHappened": 0,
    "updateAuthority": "3oSP3nimwT2U9gte5JpP6juEcQbw1GVhtkRfzGZt3gqw",
    "usdPrice": 7.2319e-05,
    "nativePriceValue": "471",
    "exchangeName": "PumpSwap",
    "exchangeAddress": "pAMMBay6oceH9fJKBRHGP5D4bD4sWpmSwMn52FMfXEA",
    "firstSwapTimestamp": "2025-06-29T23:05:55+00:00",
    "firstSwapType": "buy",
    "firstBuyerOrSeller": "DwzcaEJn6TS1xoVb7yF5ocQbBrXEqmUq734hZBkQf9xR",
    "firstTradeValueUsd": 67.049819003,
    "label": 80
}