{
    "mint": "FtZBn14mHrv5bztJWnjcNH7bKC9A7YMU5hoQmPgXpump",
    "name": "Falcon 9",
    "symbol": "FALCON9",
    "decimals": "6",
    "totalSupply": "999969631946435",
    "totalSupplyFormatted": "999969631.946435",
    "sellerFeeBasisPoints": 0,
    "isMutable": true,
    "primarySaleHappened": 0,
    "updateAuthority": "4rV3PdhdhKzTXEnQ3bPPSfnQufC2wjNb9bZ8usdqwSEa",
    "usdPrice": 9.3566e-05,
    "nativePriceValue": "665",
    "exchangeName": "PumpSwap",
    "exchangeAddress": "pAMMBay6oceH9fJKBRHGP5D4bD4sWpmSwMn52FMfXEA",
    "firstSwapTimestamp": "2025-06-21T01:35:50+00:00",
    "firstSwapType": "buy",
    "firstBuyerOrSeller": "YeKGpySEJSYmpBhaQVxp181nNEB44qqa4NQN49Vg2Cb",
    "firstTradeValueUsd": 13.998772266,
    "label": 63
}