{
    "mint": "BiSuuyjyz78e531JoDt6WKNBkdnWURh3M9tZPBxrpump",
    "name": "Grok 5",
    "symbol": "Grok5",
    "decimals": "6",
    "totalSupply": "999721610046286",
    "totalSupplyFormatted": "999721610.046286",
    "sellerFeeBasisPoints": 0,
    "isMutable": true,
    "primarySaleHappened": 0,
    "updateAuthority": "G5ts9uj3zNdATCeJEVupNkbMqziSa36ZXfgF3gHFxYbA",
    "usdPrice": 2.6727e-05,
    "nativePriceValue": "179",
    "exchangeName": "PumpSwap",
    "exchangeAddress": "pAMMBay6oceH9fJKBRHGP5D4bD4sWpmSwMn52FMfXEA",
    "firstSwapTimestamp": "2025-07-02T05:02:01+00:00",
    "firstSwapType": "buy",
    "firstBuyerOrSeller": "9bHBfnrJ2gro41BqdKx6ebPD5Cf74UyWf3kfD5FceJi1",
    "firstTradeValueUsd": 1.484953273,
    "label": 63
}