{
    "mint": "H7jkSbMYVEa8yWpGUq84w2f13TZNB7HkPbhekdoFpump",
    "name": "smoldier",
    "symbol": "smoldier",
    "decimals": "6",
    "totalSupply": "999712827928711",
    "totalSupplyFormatted": "999712827.928711",
    "sellerFeeBasisPoints": 0,
    "isMutable": true,
    "primarySaleHappened": 0,
    "updateAuthority": "GJy2UhPs2UYGWJghZK4aHMm9u8yEDcb3gg8BtMtM9VGs",
    "usdPrice": 3.9493e-05,
    "nativePriceValue": "305",
    "exchangeName": "PumpSwap",
    "exchangeAddress": "pAMMBay6oceH9fJKBRHGP5D4bD4sWpmSwMn52FMfXEA",
    "firstSwapTimestamp": "2025-06-22T19:47:49+00:00",
    "firstSwapType": "buy",
    "firstBuyerOrSeller": "BzQPrs33w1CxYoVNaSgahCC4N2TyHAVbWfy4v6WT3vCa",
    "firstTradeValueUsd": 12.827254343,
    "label": 63
}