{
    "mint": "BZv1YpDmnNFY1psHbXG6JMt5PhBoU9zQCR7kg69qpump",
    "name": "HEX",
    "symbol": "HEX",
    "decimals": "6",
    "totalSupply": "999999540451116",
    "totalSupplyFormatted": "999999540.451116",
    "sellerFeeBasisPoints": 0,
    "isMutable": true,
    "primarySaleHappened": 0,
    "updateAuthority": "3oSP3nimwT2U9gte5JpP6juEcQbw1GVhtkRfzGZt3gqw",
    "usdPrice": 3.627788541,
    "nativePriceValue": "18738541",
    "exchangeName": "PumpSwap",
    "exchangeAddress": "pAMMBay6oceH9fJKBRHGP5D4bD4sWpmSwMn52FMfXEA",
    "firstSwapTimestamp": "2025-06-27T22:03:51+00:00",
    "firstSwapType": "buy",
    "firstBuyerOrSeller": "bpDk4nZxqCN7iXtgKYppNcWoK3HZ1w1X5Q2rfoU8EHj",
    "firstTradeValueUsd": 2.494107685,
    "label": 67
}