{
    "mint": "HjukXXC7H77RmbFFDdtgu2eJdy31Jk31gXwaXufwpump",
    "name": "\u30c9\u30c3\u30c8\u7d75",
    "symbol": "Pixel",
    "decimals": "6",
    "totalSupply": "3614662788542",
    "totalSupplyFormatted": "3614662.788542",
    "sellerFeeBasisPoints": 0,
    "isMutable": false,
    "primarySaleHappened": 0,
    "updateAuthority": "3VY5PRbUSrp4ynW2BRaGCjRATPnh3sML8rPWYgZgKnRw",
    "usdPrice": 4.323e-06,
    "nativePriceValue": "28.3925",
    "exchangeName": "PumpSwap",
    "exchangeAddress": "pAMMBay6oceH9fJKBRHGP5D4bD4sWpmSwMn52FMfXEA",
    "firstSwapTimestamp": "2025-07-07T09:27:58+00:00",
    "firstSwapType": "buy",
    "firstBuyerOrSeller": "3VY5PRbUSrp4ynW2BRaGCjRATPnh3sML8rPWYgZgKnRw",
    "firstTradeValueUsd": 1.51e-07,
    "label": 67
}