{
    "mint": "5kYaK81woVspwABfqCHPakdhx5D4ZK9fYuSo8Skkpump",
    "name": "PewDiePie",
    "symbol": "PEWDIEPIE",
    "decimals": "6",
    "totalSupply": "999795136720581",
    "totalSupplyFormatted": "999795136.720581",
    "sellerFeeBasisPoints": 0,
    "isMutable": true,
    "primarySaleHappened": 0,
    "updateAuthority": "GDoXaSshL26mMMgBxx7v1vQK9xFsfVXTFz7PnFysJ7QS",
    "usdPrice": 3.0657e-05,
    "nativePriceValue": "207",
    "exchangeName": "PumpSwap",
    "exchangeAddress": "pAMMBay6oceH9fJKBRHGP5D4bD4sWpmSwMn52FMfXEA",
    "firstSwapTimestamp": "2025-07-01T13:24:09+00:00",
    "firstSwapType": "buy",
    "firstBuyerOrSeller": "HP9uvEaUqsEjaa7HDBeLqipv4Nrc4VCkJAQmKtsJ6tBw",
    "firstTradeValueUsd": 1.47527743,
    "label": 64
}