{
    "mint": "Fax2Mjdxcx9xLNFPFT2VuPkHXZgyWYyVqm26s4epump",
    "name": "by Draup",
    "symbol": "ETTER",
    "decimals": "6",
    "totalSupply": "147875085084",
    "totalSupplyFormatted": "147875.085084",
    "sellerFeeBasisPoints": 0,
    "isMutable": false,
    "primarySaleHappened": 0,
    "updateAuthority": "BssmHjv8t1heUUjAT9aJC7q749MTB8SdincaNV6D49BG",
    "usdPrice": 2.07075e-08,
    "nativePriceValue": "0.1299",
    "exchangeName": "PumpSwap",
    "exchangeAddress": "pAMMBay6oceH9fJKBRHGP5D4bD4sWpmSwMn52FMfXEA",
    "firstSwapTimestamp": "2025-06-30T03:53:42+00:00",
    "firstSwapType": "buy",
    "firstBuyerOrSeller": "5iywveQKkidqPDKt2CExJcWKex2EXz9kbGcYiZvhuXWs",
    "firstTradeValueUsd": 0.015091035,
    "label": 36
}