{
    "mint": "GN68KqqAm2djcP9vCBmPs4VZK3zn9WJnEc9tox73pump",
    "name": "Crazy Frog",
    "symbol": "Crazy Frog",
    "decimals": "6",
    "totalSupply": "999999378669643",
    "totalSupplyFormatted": "999999378.669643",
    "sellerFeeBasisPoints": 0,
    "isMutable": true,
    "primarySaleHappened": 0,
    "updateAuthority": "CGXwyeFpgu4BmDfnEjPeSdSQTpmDMWTnfNXJPs1jHALj",
    "usdPrice": 7.1941e-05,
    "nativePriceValue": "504",
    "exchangeName": "PumpSwap",
    "exchangeAddress": "pAMMBay6oceH9fJKBRHGP5D4bD4sWpmSwMn52FMfXEA",
    "firstSwapTimestamp": "2025-06-26T16:11:28+00:00",
    "firstSwapType": "buy",
    "firstBuyerOrSeller": "BzQPrs33w1CxYoVNaSgahCC4N2TyHAVbWfy4v6WT3vCa",
    "firstTradeValueUsd": 14.200343487,
    "label": 62
}