{
    "mint": "73NqZYKofmxbrcFBja8dn8E32zH9uJvEob9qeMRZpump",
    "name": "The Forbidden Coin",
    "symbol": "404",
    "decimals": "6",
    "totalSupply": "999999288482704",
    "totalSupplyFormatted": "999999288.482704",
    "sellerFeeBasisPoints": 0,
    "isMutable": true,
    "primarySaleHappened": 0,
    "updateAuthority": "9kBBLCKd4odowqc9igNfMBBXxQVEatCD7g4RD7vcEeQT",
    "usdPrice": 0.000144156,
    "nativePriceValue": "964",
    "exchangeName": "PumpSwap",
    "exchangeAddress": "pAMMBay6oceH9fJKBRHGP5D4bD4sWpmSwMn52FMfXEA",
    "firstSwapTimestamp": "2025-06-29T05:44:28+00:00",
    "firstSwapType": "buy",
    "firstBuyerOrSeller": "3joKYvUT7hRFNUBdX1e1TfGhJrGMtWYWs147TnUTQeh3",
    "firstTradeValueUsd": 1.492969293,
    "label": 63
}