{
    "mint": "8YzjnxGWLjnhM5egjioBSvqDELdRa2obDo9wYy2npump",
    "name": "SOL ETF",
    "symbol": "SSK",
    "decimals": "6",
    "totalSupply": "999999270610901",
    "totalSupplyFormatted": "999999270.610901",
    "sellerFeeBasisPoints": 0,
    "isMutable": true,
    "primarySaleHappened": 0,
    "updateAuthority": "2hciooUGRXDDmJcuqUgCS4kLhk2U4Ep5zTkAugmHRr78",
    "usdPrice": 0.00017551,
    "nativePriceValue": "1177",
    "exchangeName": "PumpSwap",
    "exchangeAddress": "pAMMBay6oceH9fJKBRHGP5D4bD4sWpmSwMn52FMfXEA",
    "firstSwapTimestamp": "2025-06-28T16:08:10+00:00",
    "firstSwapType": "buy",
    "firstBuyerOrSeller": "bpDk4nZxqCN7iXtgKYppNcWoK3HZ1w1X5Q2rfoU8EHj",
    "firstTradeValueUsd": 2.597626395,
    "label": 63
}