{
    "mint": "GjXqyTS1CCDF7RZEuuchE7cYqusdCok9TTm19YQCpump",
    "name": "BIRTHDAY TAX",
    "symbol": "BDAYTAX",
    "decimals": "6",
    "totalSupply": "999998333235629",
    "totalSupplyFormatted": "999998333.235629",
    "sellerFeeBasisPoints": 0,
    "isMutable": true,
    "primarySaleHappened": 0,
    "updateAuthority": "5Njq5ZdhDFX86FDDacWD6LafW1feNHiXz6zsbfFAjzxC",
    "usdPrice": 9.7546e-05,
    "nativePriceValue": "665",
    "exchangeName": "PumpSwap",
    "exchangeAddress": "pAMMBay6oceH9fJKBRHGP5D4bD4sWpmSwMn52FMfXEA",
    "firstSwapTimestamp": "2025-06-14T05:10:22+00:00",
    "firstSwapType": "buy",
    "firstBuyerOrSeller": "9GkwvvaYHe5jGD6ybzJFVzp4ukxFvPK8Tr5L5UKs4NWy",
    "firstTradeValueUsd": 14.628237228,
    "label": 63
}