{
    "mint": "HxGvQgXS3RKDqPo6sn75EbdSTtPQf9kHoQ3mv8ucpump",
    "name": "jewlon",
    "symbol": "jewlon",
    "decimals": "6",
    "totalSupply": "999999465302326",
    "totalSupplyFormatted": "999999465.302326",
    "sellerFeeBasisPoints": 0,
    "isMutable": true,
    "primarySaleHappened": 0,
    "updateAuthority": "BD9vNVYffDL6hKCVNwxFam6AAqcszyxnUca2WLveQNZp",
    "usdPrice": 0.000120102,
    "nativePriceValue": "803",
    "exchangeName": "PumpSwap",
    "exchangeAddress": "pAMMBay6oceH9fJKBRHGP5D4bD4sWpmSwMn52FMfXEA",
    "firstSwapTimestamp": "2025-06-17T17:49:21+00:00",
    "firstSwapType": "buy",
    "firstBuyerOrSeller": "F2fNnc1aLLBuh5LFtMmnAMSLi39hfZZBwcbZ2XdpqV6f",
    "firstTradeValueUsd": 1.866296086,
    "label": 81
}