{
    "mint": "84vvZizp2wrv8c6gSgAc9Tu8weWFnMJMQSn3TW5hpump",
    "name": "gorbagana",
    "symbol": "gor",
    "decimals": "6",
    "totalSupply": "999996923180473",
    "totalSupplyFormatted": "999996923.180473",
    "sellerFeeBasisPoints": 0,
    "isMutable": true,
    "primarySaleHappened": 0,
    "updateAuthority": "Qq6sqMsM84cuxBroAEyw2iYnmJh2t7MP4aCU9AVWvH8",
    "usdPrice": 3.4739e-05,
    "nativePriceValue": "235",
    "exchangeName": "PumpSwap",
    "exchangeAddress": "pAMMBay6oceH9fJKBRHGP5D4bD4sWpmSwMn52FMfXEA",
    "firstSwapTimestamp": "2025-06-18T23:17:52+00:00",
    "firstSwapType": "buy",
    "firstBuyerOrSeller": "89FuDMzqFbUC4QHvvgARXXRkVdbjdKM3Fd9xKFYqAD5Q",
    "firstTradeValueUsd": 14.681168508,
    "label": 80
}