{
    "mint": "QxKCJL12FJvDATrjT8eKY6ZtG4Z1bLgVHZFzvdSpump",
    "name": "Cat of Gnosis",
    "symbol": "COG",
    "decimals": "6",
    "totalSupply": "4031494715",
    "totalSupplyFormatted": "4031.494715",
    "sellerFeeBasisPoints": 0,
    "isMutable": false,
    "primarySaleHappened": 0,
    "updateAuthority": "7t7hAkwXYZswmP1NV7TRZgLR1hnJyMME85erbwmCPeT3",
    "usdPrice": 5.276e-06,
    "nativePriceValue": "32.681",
    "exchangeName": "PumpSwap",
    "exchangeAddress": "pAMMBay6oceH9fJKBRHGP5D4bD4sWpmSwMn52FMfXEA",
    "firstSwapTimestamp": "2025-06-20T04:14:30+00:00",
    "firstSwapType": "buy",
    "firstBuyerOrSeller": "cakewAiZcEFuE3YjRd6KzBVqdpykNCZupJxdft7u5vW",
    "firstTradeValueUsd": 0.011630315,
    "label": 42
}