{
    "mint": "4ELsWGzh9KKvC6gynyXoBd68MDYfAafTGTWosjRSpump",
    "name": "Trumpocalypse",
    "symbol": "TPC",
    "decimals": "6",
    "totalSupply": "999999066432526",
    "totalSupplyFormatted": "999999066.432526",
    "sellerFeeBasisPoints": 0,
    "isMutable": true,
    "primarySaleHappened": 0,
    "updateAuthority": "2d6BHYFnjAVWrGtaYiU8nwPBGEGFNvxvJWBXSLnn6NFf",
    "usdPrice": 1441805.604454166,
    "nativePriceValue": "7142857357142",
    "exchangeName": "PumpSwap",
    "exchangeAddress": "pAMMBay6oceH9fJKBRHGP5D4bD4sWpmSwMn52FMfXEA",
    "firstSwapTimestamp": "2025-06-22T09:11:38+00:00",
    "firstSwapType": "buy",
    "firstBuyerOrSeller": "8jVZekyY2ZK3HzTfqkN8s5Z7F34DMbjqnHFMBLSTuAg",
    "firstTradeValueUsd": 72.140732763,
    "label": 67
}