{
    "mint": "XprrAdGzFJKGx9KtXWCALfinVU65XwMhM1Bt4Wupump",
    "name": "N1 Neuralink Coin",
    "symbol": "N1COIN",
    "decimals": "6",
    "totalSupply": "1076603838106",
    "totalSupplyFormatted": "1076603.838106",
    "sellerFeeBasisPoints": 0,
    "isMutable": false,
    "primarySaleHappened": 0,
    "updateAuthority": "HG8HX3CFeotLprQTtUm3QnAd6S8HdxCdLvHN1HaidZjh",
    "usdPrice": 3.4171e-09,
    "nativePriceValue": "0.0211",
    "exchangeName": "PumpSwap",
    "exchangeAddress": "pAMMBay6oceH9fJKBRHGP5D4bD4sWpmSwMn52FMfXEA",
    "firstSwapTimestamp": "2025-06-28T02:35:10+00:00",
    "firstSwapType": "buy",
    "firstBuyerOrSeller": "27HFmP7ccLadGswvQfvea4o3juLw75cPF4V6jWpHM3MX",
    "firstTradeValueUsd": 0.014981028,
    "label": 36
}