{
    "mint": "CMmQnGTfWiPYgz4gYmZ7gMPmRjeNgSPGta2vafArpump",
    "name": "FOMO PARTY",
    "symbol": "FOMO",
    "decimals": "6",
    "totalSupply": "53182680480",
    "totalSupplyFormatted": "53182.68048",
    "sellerFeeBasisPoints": 0,
    "isMutable": false,
    "primarySaleHappened": 0,
    "updateAuthority": "DJpiE6VZGhk7Zy3pKviKegj56vzvRbfdtN5yj7utyYVb",
    "usdPrice": 4.112e-06,
    "nativePriceValue": "27.9617",
    "exchangeName": "PumpSwap",
    "exchangeAddress": "pAMMBay6oceH9fJKBRHGP5D4bD4sWpmSwMn52FMfXEA",
    "firstSwapTimestamp": "2025-07-06T01:24:41+00:00",
    "firstSwapType": "buy",
    "firstBuyerOrSeller": "DJpiE6VZGhk7Zy3pKviKegj56vzvRbfdtN5yj7utyYVb",
    "firstTradeValueUsd": 1.46e-07,
    "label": 62
}