{
    "mint": "7JvgSV85u3BBdW6UKReZWmyYGgbztSr8bxoNNQ2Spump",
    "name": "Babycoin",
    "symbol": "Babycoin",
    "decimals": "6",
    "totalSupply": "999969804570709",
    "totalSupplyFormatted": "999969804.570709",
    "sellerFeeBasisPoints": 0,
    "isMutable": true,
    "primarySaleHappened": 0,
    "updateAuthority": "7DbgygP1wTDjnGdgBZeatKYmeod4C62CMDorLQjx5ppS",
    "usdPrice": 3.8231e-05,
    "nativePriceValue": "268",
    "exchangeName": "PumpSwap",
    "exchangeAddress": "pAMMBay6oceH9fJKBRHGP5D4bD4sWpmSwMn52FMfXEA",
    "firstSwapTimestamp": "2025-06-26T15:17:20+00:00",
    "firstSwapType": "buy",
    "firstBuyerOrSeller": "5M1ogcHpMJPWwcuKmrmZB2Z4UtbTnSFyBtv7bgRkm2pv",
    "firstTradeValueUsd": 14.30097513,
    "label": 63
}