{
    "mint": "J4pr953B2BeySxHREEkVLJ6vwSLZQ1eZfyy8AwRypump",
    "name": "Do it for the Vine",
    "symbol": "VINE",
    "decimals": "6",
    "totalSupply": "999856241503946",
    "totalSupplyFormatted": "999856241.503946",
    "sellerFeeBasisPoints": 0,
    "isMutable": true,
    "primarySaleHappened": 0,
    "updateAuthority": "Qq6sqMsM84cuxBroAEyw2iYnmJh2t7MP4aCU9AVWvH8",
    "usdPrice": 1.9473e-05,
    "nativePriceValue": "140",
    "exchangeName": "PumpSwap",
    "exchangeAddress": "pAMMBay6oceH9fJKBRHGP5D4bD4sWpmSwMn52FMfXEA",
    "firstSwapTimestamp": "2025-06-21T18:15:49+00:00",
    "firstSwapType": "buy",
    "firstBuyerOrSeller": "EAix18TSywiub8kheoVLtYLVVBMJdiLvkwBwq4ZE7TbA",
    "firstTradeValueUsd": 0.013873193,
    "label": 80
}