{
    "mint": "nmrMqJ7nD6VC4c8YDN6e6Za8Bw9RFQ8J1GtFCXopump",
    "name": "GRUMS",
    "symbol": "GRUMS",
    "decimals": "6",
    "totalSupply": "4036947498596",
    "totalSupplyFormatted": "4036947.498596",
    "sellerFeeBasisPoints": 0,
    "isMutable": false,
    "primarySaleHappened": 0,
    "updateAuthority": "Aj7Dt9J8XuAtGBbb3rrCzc5RGDCHbuea9gpomD3znda",
    "usdPrice": 1.485e-10,
    "nativePriceValue": "0.0009157",
    "exchangeName": "PumpSwap",
    "exchangeAddress": "pAMMBay6oceH9fJKBRHGP5D4bD4sWpmSwMn52FMfXEA",
    "firstSwapTimestamp": "2025-06-21T05:35:59+00:00",
    "firstSwapType": "buy",
    "firstBuyerOrSeller": "27HFmP7ccLadGswvQfvea4o3juLw75cPF4V6jWpHM3MX",
    "firstTradeValueUsd": 0.014747562,
    "label": 44
}