{
    "mint": "6wHtQCPAyzFNRg5XeGXvsRxtqQ8RFw16xoEHKmQtpump",
    "name": "GET RICH QUICK",
    "symbol": "RICH",
    "decimals": "6",
    "totalSupply": "999998526123207",
    "totalSupplyFormatted": "999998526.123207",
    "sellerFeeBasisPoints": 0,
    "isMutable": true,
    "primarySaleHappened": 0,
    "updateAuthority": "GDJzV9pNfFpQgwtDpJDHkYh18Z6C9mKo56oTiuWavdoL",
    "usdPrice": 8.8241e-05,
    "nativePriceValue": "617",
    "exchangeName": "PumpSwap",
    "exchangeAddress": "pAMMBay6oceH9fJKBRHGP5D4bD4sWpmSwMn52FMfXEA",
    "firstSwapTimestamp": "2025-06-27T21:34:38+00:00",
    "firstSwapType": "buy",
    "firstBuyerOrSeller": "FE8W9kNjRr21Fkg41feu1AoaRzfTn2pJ8S83VawLsayk",
    "firstTradeValueUsd": 1.426460415,
    "label": 63
}