{
    "mint": "E2eUZGQhEYBkCixLMWfRBQjtV8Pt7LvTSJQUsKKNpump",
    "name": "Swolana Mainnet Fork",
    "symbol": "SWOLANA",
    "decimals": "6",
    "totalSupply": "999959554470252",
    "totalSupplyFormatted": "999959554.470252",
    "sellerFeeBasisPoints": 0,
    "isMutable": true,
    "primarySaleHappened": 0,
    "updateAuthority": "DsCaDAdpQsBocCBCHQDQwTGD4v7t5VNVHMDLbjcf4cH3",
    "usdPrice": 2.3104e-05,
    "nativePriceValue": "164",
    "exchangeName": "PumpSwap",
    "exchangeAddress": "pAMMBay6oceH9fJKBRHGP5D4bD4sWpmSwMn52FMfXEA",
    "firstSwapTimestamp": "2025-06-21T05:54:50+00:00",
    "firstSwapType": "buy",
    "firstBuyerOrSeller": "nVik8eFLm8MWwNXbzBhncLx3dmembDpQ9JT7bxziyXL",
    "firstTradeValueUsd": 0.89621459,
    "label": 71
}