{
    "mint": "G3PKKHZ8Ht4FHa6vUBxjbLhwsqsougiuabacmcNspump",
    "name": "Unicorn Coin",
    "symbol": "UNI",
    "decimals": "6",
    "totalSupply": "999813845638674",
    "totalSupplyFormatted": "999813845.638674",
    "sellerFeeBasisPoints": 0,
    "isMutable": true,
    "primarySaleHappened": 0,
    "updateAuthority": "Qq6sqMsM84cuxBroAEyw2iYnmJh2t7MP4aCU9AVWvH8",
    "usdPrice": 3.1888e-05,
    "nativePriceValue": "215",
    "exchangeName": "PumpSwap",
    "exchangeAddress": "pAMMBay6oceH9fJKBRHGP5D4bD4sWpmSwMn52FMfXEA",
    "firstSwapTimestamp": "2025-07-02T01:23:45+00:00",
    "firstSwapType": "buy",
    "firstBuyerOrSeller": "uUwXoLe7nLsGZ6SEjrajzsrDvqhfcyq16YkWLBo9wCx",
    "firstTradeValueUsd": 1.132236868,
    "label": 80
}