{
    "mint": "5tKh3Q12DiQMgNAjv6vm4CxLWHHaS4g59hRCLeEdpump",
    "name": "Zappy",
    "symbol": "ZAP",
    "decimals": "6",
    "totalSupply": "999997130118666",
    "totalSupplyFormatted": "999997130.118666",
    "sellerFeeBasisPoints": 0,
    "isMutable": true,
    "primarySaleHappened": 0,
    "updateAuthority": "GU7Am5GXBS7NiNYCtpJ8meZYdcP1JrrGCnZrmLNfKV62",
    "usdPrice": 5.6744e-05,
    "nativePriceValue": "367",
    "exchangeName": "PumpSwap",
    "exchangeAddress": "pAMMBay6oceH9fJKBRHGP5D4bD4sWpmSwMn52FMfXEA",
    "firstSwapTimestamp": "2025-07-02T21:54:58+00:00",
    "firstSwapType": "buy",
    "firstBuyerOrSeller": "9bHBfnrJ2gro41BqdKx6ebPD5Cf74UyWf3kfD5FceJi1",
    "firstTradeValueUsd": 1.535832428,
    "label": 65
}