{
    "mint": "wZSV19MxmyEy2bmqG5m6qhdAHH6AvfskxHXdKb2pump",
    "name": "Grok Voice Assistant",
    "symbol": "GVA",
    "decimals": "6",
    "totalSupply": "2627903972",
    "totalSupplyFormatted": "2627.903972",
    "sellerFeeBasisPoints": 0,
    "isMutable": false,
    "primarySaleHappened": 0,
    "updateAuthority": "2PiiVnZT8FvYxjFxc1bkUVRHiSL2rNRt8rEgXTtM51iM",
    "usdPrice": 2.0158e-05,
    "nativePriceValue": "136",
    "exchangeName": "PumpSwap",
    "exchangeAddress": "pAMMBay6oceH9fJKBRHGP5D4bD4sWpmSwMn52FMfXEA",
    "firstSwapTimestamp": "2025-06-25T07:36:18+00:00",
    "firstSwapType": "buy",
    "firstBuyerOrSeller": "cakewAiZcEFuE3YjRd6KzBVqdpykNCZupJxdft7u5vW",
    "firstTradeValueUsd": 0.009407081,
    "label": 43
}