{
    "mint": "F67SkK4ihbe21oEsqMbpuEqTxYwZsiy4fJzpVhuDpump",
    "name": "First Ever Bitcoin Cat",
    "symbol": "NEKO",
    "decimals": "6",
    "totalSupply": "444843142544",
    "totalSupplyFormatted": "444843.142544",
    "sellerFeeBasisPoints": 0,
    "isMutable": false,
    "primarySaleHappened": 0,
    "updateAuthority": "51X61itPucJFcinBPeeXZUfepCiGw6Y33v3SYmMmvKwq",
    "usdPrice": 4.926e-06,
    "nativePriceValue": "32.6183",
    "exchangeName": "PumpSwap",
    "exchangeAddress": "pAMMBay6oceH9fJKBRHGP5D4bD4sWpmSwMn52FMfXEA",
    "firstSwapTimestamp": "2025-06-29T21:00:28+00:00",
    "firstSwapType": "buy",
    "firstBuyerOrSeller": "51X61itPucJFcinBPeeXZUfepCiGw6Y33v3SYmMmvKwq",
    "firstTradeValueUsd": 1.5e-07,
    "label": 66
}