{
    "mint": "HazkqcDJfnuBijw7iNHFLB3rW2LgKzyBxwvnmaFcpump",
    "name": "Truth Terminal Cat",
    "symbol": "MOONCAT",
    "decimals": "6",
    "totalSupply": "999999136214302",
    "totalSupplyFormatted": "999999136.214302",
    "sellerFeeBasisPoints": 0,
    "isMutable": true,
    "primarySaleHappened": 0,
    "updateAuthority": "7X2s9M3TMghsenZUDoCircGVvKhYE2RsDoL1iea9LnTv",
    "usdPrice": 0.000242028,
    "nativePriceValue": "1690",
    "exchangeName": "PumpSwap",
    "exchangeAddress": "pAMMBay6oceH9fJKBRHGP5D4bD4sWpmSwMn52FMfXEA",
    "firstSwapTimestamp": "2025-06-28T03:50:24+00:00",
    "firstSwapType": "buy",
    "firstBuyerOrSeller": "CQWCSPaEM6KcgB7pwjVzwFPUD94Gtqaj7Sdeyvk6n6e9",
    "firstTradeValueUsd": 0.644174825,
    "label": 64
}