{
    "mint": "uX3pNYdSya1Xrzprs2pVGJ9q3Jaq4FmHjDqWUq3pump",
    "name": "Inside-Her trading",
    "symbol": "InsideHer",
    "decimals": "6",
    "totalSupply": "9242607115147",
    "totalSupplyFormatted": "9242607.115147",
    "sellerFeeBasisPoints": 0,
    "isMutable": false,
    "primarySaleHappened": 0,
    "updateAuthority": "9vv78VUpUV91Zi7zC9e8U4mi5qp8WLTwkcXmUCzDD9FT",
    "usdPrice": 4.236e-10,
    "nativePriceValue": "0.00262045",
    "exchangeName": "PumpSwap",
    "exchangeAddress": "pAMMBay6oceH9fJKBRHGP5D4bD4sWpmSwMn52FMfXEA",
    "firstSwapTimestamp": "2025-06-27T06:54:34+00:00",
    "firstSwapType": "buy",
    "firstBuyerOrSeller": "27HFmP7ccLadGswvQfvea4o3juLw75cPF4V6jWpHM3MX",
    "firstTradeValueUsd": 0.01484945,
    "label": 43
}