{
    "mint": "ECr7ttntN6eZiGgzWfYpHtcVdoGgVGXoZ6QQ7vRpump",
    "name": "Fake Girlfriend Filter",
    "symbol": "FGF",
    "decimals": "6",
    "totalSupply": "3964939801",
    "totalSupplyFormatted": "3964.939801",
    "sellerFeeBasisPoints": 0,
    "isMutable": false,
    "primarySaleHappened": 0,
    "updateAuthority": "YrFRuLiuDHgMoZZuwnRCYtLbMrEpdA68pXPGzarfARg",
    "usdPrice": 5.487e-06,
    "nativePriceValue": "33.8847",
    "exchangeName": "PumpSwap",
    "exchangeAddress": "pAMMBay6oceH9fJKBRHGP5D4bD4sWpmSwMn52FMfXEA",
    "firstSwapTimestamp": "2025-06-20T05:04:06+00:00",
    "firstSwapType": "buy",
    "firstBuyerOrSeller": "27HFmP7ccLadGswvQfvea4o3juLw75cPF4V6jWpHM3MX",
    "firstTradeValueUsd": 0.015203034,
    "label": 42
}