{
    "mint": "8FNoVBU46M8EN8XgKQdpA4pCU6Ehs4uQpKjVZRYDpump",
    "name": "Coin",
    "symbol": "Coin",
    "decimals": "6",
    "totalSupply": "999998597418478",
    "totalSupplyFormatted": "999998597.418478",
    "sellerFeeBasisPoints": 0,
    "isMutable": true,
    "primarySaleHappened": 0,
    "updateAuthority": "HBqB4kk4jcRoprmiqiSpS3QiDidR8oHR3EdYopGVdPYC",
    "usdPrice": 0.000110036,
    "nativePriceValue": "785",
    "exchangeName": "PumpSwap",
    "exchangeAddress": "pAMMBay6oceH9fJKBRHGP5D4bD4sWpmSwMn52FMfXEA",
    "firstSwapTimestamp": "2025-06-21T02:16:12+00:00",
    "firstSwapType": "buy",
    "firstBuyerOrSeller": "2JUU74qA5BCWSjBfggLcxMfypbzEeawqMpuhWpqV3zZn",
    "firstTradeValueUsd": 1.396157786,
    "label": 64
}