{
    "mint": "59jYPGrxm5xpzxEcUbxYao5SUB81HJyWtjFf9H3ypump",
    "name": "Trencher Broadcasting Company",
    "symbol": "TBC",
    "decimals": "6",
    "totalSupply": "999793787259383",
    "totalSupplyFormatted": "999793787.259383",
    "sellerFeeBasisPoints": 0,
    "isMutable": true,
    "primarySaleHappened": 0,
    "updateAuthority": "4RdDiVTfpGFYCFb6A5Mec78e4jepdoKdkHU3qzGCyARb",
    "usdPrice": 2.4299e-05,
    "nativePriceValue": "168",
    "exchangeName": "PumpSwap",
    "exchangeAddress": "pAMMBay6oceH9fJKBRHGP5D4bD4sWpmSwMn52FMfXEA",
    "firstSwapTimestamp": "2025-06-14T18:14:23+00:00",
    "firstSwapType": "buy",
    "firstBuyerOrSeller": "JAQsw75qSrLtbxraQ1u8E29nEqNQnR3TvCFCtMN4uY6A",
    "firstTradeValueUsd": 2.310588603,
    "label": 63
}