{
    "mint": "4jdxNy6f5PxRukjRtYD4ezgsB7bD2jf9jxGDC2Pipump",
    "name": "Just $Vibe",
    "symbol": "VIBE",
    "decimals": "6",
    "totalSupply": "535456809096",
    "totalSupplyFormatted": "535456.809096",
    "sellerFeeBasisPoints": 0,
    "isMutable": false,
    "primarySaleHappened": 0,
    "updateAuthority": "8KvqWYYL3H1iDBfRVLyKmwZVwNucqqDDDRnBpPHqWDe6",
    "usdPrice": 9.519e-06,
    "nativePriceValue": "65.0144",
    "exchangeName": "PumpSwap",
    "exchangeAddress": "pAMMBay6oceH9fJKBRHGP5D4bD4sWpmSwMn52FMfXEA",
    "firstSwapTimestamp": "2025-07-04T18:10:52+00:00",
    "firstSwapType": "buy",
    "firstBuyerOrSeller": "8KvqWYYL3H1iDBfRVLyKmwZVwNucqqDDDRnBpPHqWDe6",
    "firstTradeValueUsd": 1.46e-07,
    "label": 63
}