{
    "mint": "DQq5tkrbZmskJdVyBKp9TxtRSqewEsByre1UCEZdpump",
    "name": "POKE6900",
    "symbol": "POKE6900",
    "decimals": "6",
    "totalSupply": "999999444237421",
    "totalSupplyFormatted": "999999444.237421",
    "sellerFeeBasisPoints": 0,
    "isMutable": true,
    "primarySaleHappened": 0,
    "updateAuthority": "8Cp5A2pSyk7XsMupQKfXwGiPXyMAv2MDxdcK4ksYZxpS",
    "usdPrice": 6.5709e-05,
    "nativePriceValue": "456",
    "exchangeName": "PumpSwap",
    "exchangeAddress": "pAMMBay6oceH9fJKBRHGP5D4bD4sWpmSwMn52FMfXEA",
    "firstSwapTimestamp": "2025-06-25T17:58:31+00:00",
    "firstSwapType": "buy",
    "firstBuyerOrSeller": "Cd3UHZDauHCQGKycM5uQAhWWGauf66SGBNoaqYy64Na8",
    "firstTradeValueUsd": 14.344387169,
    "label": 63
}