{
    "mint": "Pfb4pKAyh8d4mZFWCx1vwKfrUvvGJ5Dar1qTywtpump",
    "name": "Surge Hidden Token",
    "symbol": "CAIP",
    "decimals": "6",
    "totalSupply": "3401158547",
    "totalSupplyFormatted": "3401.158547",
    "sellerFeeBasisPoints": 0,
    "isMutable": false,
    "primarySaleHappened": 0,
    "updateAuthority": "Frau6HEdS1vcdGvgbDfCJAYpqDFwFL5Vsjho9NWenNhH",
    "usdPrice": 8.059e-06,
    "nativePriceValue": "49.7534",
    "exchangeName": "PumpSwap",
    "exchangeAddress": "pAMMBay6oceH9fJKBRHGP5D4bD4sWpmSwMn52FMfXEA",
    "firstSwapTimestamp": "2025-06-24T14:05:13+00:00",
    "firstSwapType": "buy",
    "firstBuyerOrSeller": "cakewAiZcEFuE3YjRd6KzBVqdpykNCZupJxdft7u5vW",
    "firstTradeValueUsd": 0.009262218,
    "label": 36
}