{
    "mint": "8pTHtozyWfuYCBL5PyFBikPqcRYnisauiHkwqvTSpump",
    "name": "Solify100",
    "symbol": "S100",
    "decimals": "6",
    "totalSupply": "29464606988976",
    "totalSupplyFormatted": "29464606.988976",
    "sellerFeeBasisPoints": 0,
    "isMutable": false,
    "primarySaleHappened": 0,
    "updateAuthority": "JBwd64RxZRtGkZfa7depNYptdoG8Eek8K6xp7RuYoLiY",
    "usdPrice": 7.2907e-12,
    "nativePriceValue": "0.00004385",
    "exchangeName": "PumpSwap",
    "exchangeAddress": "pAMMBay6oceH9fJKBRHGP5D4bD4sWpmSwMn52FMfXEA",
    "firstSwapTimestamp": "2025-06-27T07:46:27+00:00",
    "firstSwapType": "buy",
    "firstBuyerOrSeller": "27HFmP7ccLadGswvQfvea4o3juLw75cPF4V6jWpHM3MX",
    "firstTradeValueUsd": 0.014759524,
    "label": 58
}