{
    "mint": "4keiwbfWE1zU7Yo27m9D8crRmvwez4LEq2nXjoTApump",
    "name": "BlackCoin",
    "symbol": "\u20bf",
    "decimals": "6",
    "totalSupply": "999999061339414",
    "totalSupplyFormatted": "999999061.339414",
    "sellerFeeBasisPoints": 0,
    "isMutable": true,
    "primarySaleHappened": 0,
    "updateAuthority": "78tENbLhnp9rYejELfdokaizyVQA5etRpZiVpF1UngZ1",
    "usdPrice": 0.000103926,
    "nativePriceValue": "716",
    "exchangeName": "PumpSwap",
    "exchangeAddress": "pAMMBay6oceH9fJKBRHGP5D4bD4sWpmSwMn52FMfXEA",
    "firstSwapTimestamp": "2025-06-26T06:22:21+00:00",
    "firstSwapType": "buy",
    "firstBuyerOrSeller": "HJKLfCjKoL4639MKxbnZ5pVCeu9niKQceXTuWj2fyutN",
    "firstTradeValueUsd": 1.299042838,
    "label": 63
}