{
    "mint": "FxdMKKCUSAtRBmbprKvx8cp8rqC2aaHVYn41c4GHpump",
    "name": "MORI",
    "symbol": "MORI",
    "decimals": "6",
    "totalSupply": "999952820521628",
    "totalSupplyFormatted": "999952820.521628",
    "sellerFeeBasisPoints": 0,
    "isMutable": true,
    "primarySaleHappened": 0,
    "updateAuthority": "75kGrimYRehj82XYzj3KRFdcJyMDdKgWwGtVrqeMFTX8",
    "usdPrice": 0.0001675,
    "nativePriceValue": "1152",
    "exchangeName": "PumpSwap",
    "exchangeAddress": "pAMMBay6oceH9fJKBRHGP5D4bD4sWpmSwMn52FMfXEA",
    "firstSwapTimestamp": "2025-06-25T14:07:13+00:00",
    "firstSwapType": "buy",
    "firstBuyerOrSeller": "3joKYvUT7hRFNUBdX1e1TfGhJrGMtWYWs147TnUTQeh3",
    "firstTradeValueUsd": 1.469063949,
    "label": 64
}