{
    "mint": "CThgZ61Cg7w2cJX4AVT7EXkLqSVhLH2EKKsJ2JXpump",
    "name": "Titcoin",
    "symbol": "TIT",
    "decimals": "6",
    "totalSupply": "5327956299",
    "totalSupplyFormatted": "5327.956299",
    "sellerFeeBasisPoints": 0,
    "isMutable": false,
    "primarySaleHappened": 0,
    "updateAuthority": "76MgbBxyecMwZCjC5FuBjAtSwqqK84Sq8YQUdD9x5jGb",
    "usdPrice": 1.675e-06,
    "nativePriceValue": "10.3452",
    "exchangeName": "PumpSwap",
    "exchangeAddress": "pAMMBay6oceH9fJKBRHGP5D4bD4sWpmSwMn52FMfXEA",
    "firstSwapTimestamp": "2025-06-16T02:11:58+00:00",
    "firstSwapType": "buy",
    "firstBuyerOrSeller": "4woXzDiykf2ykiWw4jTeK5ce3rcMBNm9z5FqQwoReFTg",
    "firstTradeValueUsd": 0.015629797,
    "label": 36
}