{
    "mint": "5yrja5TAhVumWeRWdJwqKouzRQtLrW728qJbwkBzpump",
    "name": "SEND ME TO THE RAY",
    "symbol": "IMPOSTOR",
    "decimals": "6",
    "totalSupply": "999999999910762",
    "totalSupplyFormatted": "999999999.910762",
    "sellerFeeBasisPoints": 0,
    "isMutable": false,
    "primarySaleHappened": 0,
    "updateAuthority": "WLHv2UAZm6z4KyaaELi5pjdbJh6RESMva1Rnn8pJVVh",
    "usdPrice": 4.498e-06,
    "nativePriceValue": "30.2619",
    "exchangeName": "Raydium",
    "exchangeAddress": "LanMV9sAd7wArD4vJFi2qDdfnVhFxYSUg6eADduJ3uj",
    "firstSwapTimestamp": "2025-07-07T20:00:54+00:00",
    "firstSwapType": "buy",
    "firstBuyerOrSeller": "DHKx8f4aWUuH8GTnkRU5FyhGdydwuwhR9n4yZV7PiFxV",
    "firstTradeValueUsd": 74.379692041,
    "label": 1
}