{
    "mint": "oj1kM6CW5c2fkz3idyLVLEFbcCxhTm6aJyU4p5zpump",
    "name": "FOMO",
    "symbol": "FOMO",
    "decimals": "6",
    "totalSupply": "4094258650",
    "totalSupplyFormatted": "4094.25865",
    "sellerFeeBasisPoints": 0,
    "isMutable": false,
    "primarySaleHappened": 0,
    "updateAuthority": "6ThkVvePdCY8ue5zCpC36u8sCMKtyyoV6oSB475TLB3S",
    "usdPrice": 5.011e-06,
    "nativePriceValue": "30.9935",
    "exchangeName": "PumpSwap",
    "exchangeAddress": "pAMMBay6oceH9fJKBRHGP5D4bD4sWpmSwMn52FMfXEA",
    "firstSwapTimestamp": "2025-06-20T09:48:22+00:00",
    "firstSwapType": "buy",
    "firstBuyerOrSeller": "5iywveQKkidqPDKt2CExJcWKex2EXz9kbGcYiZvhuXWs",
    "firstTradeValueUsd": 0.014729028,
    "label": 42
}