{
    "mint": "jrT4Qs3Bs7DE31aC8ES27te7virrTaDifeeytGBpump",
    "name": "FART (Fake Art)",
    "symbol": "FART",
    "decimals": "6",
    "totalSupply": "4021105352",
    "totalSupplyFormatted": "4021.105352",
    "sellerFeeBasisPoints": 0,
    "isMutable": false,
    "primarySaleHappened": 0,
    "updateAuthority": "CJssERA7iFqbVgs8indAMcbUuUijLwVYsM3aeJi1gi6N",
    "usdPrice": 5.204e-06,
    "nativePriceValue": "32.1905",
    "exchangeName": "PumpSwap",
    "exchangeAddress": "pAMMBay6oceH9fJKBRHGP5D4bD4sWpmSwMn52FMfXEA",
    "firstSwapTimestamp": "2025-06-20T15:40:39+00:00",
    "firstSwapType": "buy",
    "firstBuyerOrSeller": "27HFmP7ccLadGswvQfvea4o3juLw75cPF4V6jWpHM3MX",
    "firstTradeValueUsd": 0.015107098,
    "label": 42
}