{
    "mint": "9519gdw4MxKbaws3YU8JXxmH9ReFhZHzyC554oazpump",
    "name": "Omniscient",
    "symbol": "OMNI",
    "decimals": "6",
    "totalSupply": "656790022932",
    "totalSupplyFormatted": "656790.022932",
    "sellerFeeBasisPoints": 0,
    "isMutable": false,
    "primarySaleHappened": 0,
    "updateAuthority": "Ffpqck2v7fTKmXdxmtjNjicFEgAq3tTxWJ9615QbUGiR",
    "usdPrice": 9.936e-06,
    "nativePriceValue": "65.2622",
    "exchangeName": "PumpSwap",
    "exchangeAddress": "pAMMBay6oceH9fJKBRHGP5D4bD4sWpmSwMn52FMfXEA",
    "firstSwapTimestamp": "2025-07-03T02:23:20+00:00",
    "firstSwapType": "buy",
    "firstBuyerOrSeller": "Ffpqck2v7fTKmXdxmtjNjicFEgAq3tTxWJ9615QbUGiR",
    "firstTradeValueUsd": 1.52e-07,
    "label": 62
}