{
    "mint": "DbSoxshCsCGudssMuruUoedWBNZsEoT2QFr6gDGfpump",
    "name": "Every word tokenized",
    "symbol": "DICTIONARY",
    "decimals": "6",
    "totalSupply": "13187407304",
    "totalSupplyFormatted": "13187.407304",
    "sellerFeeBasisPoints": 0,
    "isMutable": true,
    "primarySaleHappened": 0,
    "updateAuthority": "BcoUvPakdewbG7rKRU6s3VAZtVGVUgL5qQjmkYgD6Pm6",
    "usdPrice": 7.6588e-05,
    "nativePriceValue": "535",
    "exchangeName": "PumpSwap",
    "exchangeAddress": "pAMMBay6oceH9fJKBRHGP5D4bD4sWpmSwMn52FMfXEA",
    "firstSwapTimestamp": "2025-06-26T12:53:31+00:00",
    "firstSwapType": "buy",
    "firstBuyerOrSeller": "KWq7esvBkhAh6TP6iDb1LtGPhQbTN76L6iN3p5Dd81E",
    "firstTradeValueUsd": 44.883083531,
    "label": 63
}