{
    "mint": "EzJtNZXWEGkCxrnrtyNNjUNwN5KjBCQnuK8j74DPpump",
    "name": "Chicken Language Model",
    "symbol": "CLM",
    "decimals": "6",
    "totalSupply": "564813766970",
    "totalSupplyFormatted": "564813.76697",
    "sellerFeeBasisPoints": 0,
    "isMutable": false,
    "primarySaleHappened": 0,
    "updateAuthority": "7Cvn15mUk2yBzDVW6KkmujkgeL3Ycwri9LZFELUPix4a",
    "usdPrice": 9.866e-06,
    "nativePriceValue": "65.9708",
    "exchangeName": "PumpSwap",
    "exchangeAddress": "pAMMBay6oceH9fJKBRHGP5D4bD4sWpmSwMn52FMfXEA",
    "firstSwapTimestamp": "2025-06-29T05:23:02+00:00",
    "firstSwapType": "buy",
    "firstBuyerOrSeller": "7Cvn15mUk2yBzDVW6KkmujkgeL3Ycwri9LZFELUPix4a",
    "firstTradeValueUsd": 1.49e-07,
    "label": 63
}