{
    "mint": "H4hM2fNHBSEbWbXL8VhVJ5G9yo4RRaayhUPcuvzipump",
    "name": "WOLFI",
    "symbol": "WOLFI",
    "decimals": "6",
    "totalSupply": "999330381556733",
    "totalSupplyFormatted": "999330381.556733",
    "sellerFeeBasisPoints": 0,
    "isMutable": true,
    "primarySaleHappened": 0,
    "updateAuthority": "Qq6sqMsM84cuxBroAEyw2iYnmJh2t7MP4aCU9AVWvH8",
    "usdPrice": 2.3825e-05,
    "nativePriceValue": "161",
    "exchangeName": "PumpSwap",
    "exchangeAddress": "pAMMBay6oceH9fJKBRHGP5D4bD4sWpmSwMn52FMfXEA",
    "firstSwapTimestamp": "2025-07-01T15:05:10+00:00",
    "firstSwapType": "buy",
    "firstBuyerOrSeller": "BtRjPK6oqgQ8ALdyBYE2wsxiTAxxQcsf27m9WUGTsKDX",
    "firstTradeValueUsd": 55.780265687,
    "label": 80
}