{
    "mint": "Fvud7W9UyPhCtzGm9avvpsm5qvfZXPtkUE7LwBQApump",
    "name": "barkin bag",
    "symbol": "barkin",
    "decimals": "6",
    "totalSupply": "999571524857530",
    "totalSupplyFormatted": "999571524.85753",
    "sellerFeeBasisPoints": 0,
    "isMutable": true,
    "primarySaleHappened": 0,
    "updateAuthority": "3oSP3nimwT2U9gte5JpP6juEcQbw1GVhtkRfzGZt3gqw",
    "usdPrice": 182838.552178193,
    "nativePriceValue": "1000000095238",
    "exchangeName": "PumpSwap",
    "exchangeAddress": "pAMMBay6oceH9fJKBRHGP5D4bD4sWpmSwMn52FMfXEA",
    "firstSwapTimestamp": "2025-06-25T22:42:44+00:00",
    "firstSwapType": "buy",
    "firstBuyerOrSeller": "5dnFxM648UQpBTonstiBE1HWZaVG49Cv3yuNhX6Y1nFU",
    "firstTradeValueUsd": 14.282028348,
    "label": 67
}