{
    "mint": "F5p56okqeYMPQp68BKKEtAaVN893hRfPrEF9sY3fpump",
    "name": "Trading Routine",
    "symbol": "TR",
    "decimals": "6",
    "totalSupply": "999817145874873",
    "totalSupplyFormatted": "999817145.874873",
    "sellerFeeBasisPoints": 0,
    "isMutable": true,
    "primarySaleHappened": 0,
    "updateAuthority": "2kpgrse3suF6d5bskAhbAon8foMGWhnzbaaS9QAdJq89",
    "usdPrice": 4.339e-06,
    "nativePriceValue": "28.668",
    "exchangeName": "PumpSwap",
    "exchangeAddress": "pAMMBay6oceH9fJKBRHGP5D4bD4sWpmSwMn52FMfXEA",
    "firstSwapTimestamp": "2025-06-28T22:46:20+00:00",
    "firstSwapType": "buy",
    "firstBuyerOrSeller": "FE8W9kNjRr21Fkg41feu1AoaRzfTn2pJ8S83VawLsayk",
    "firstTradeValueUsd": 1.51004304,
    "label": 63
}