{
    "mint": "GwwgoMfvMdYEd54c5NrGTe1WyyjNrqkpPs3PQWRZpump",
    "name": "Lunarion Token",
    "symbol": "lunr",
    "decimals": "9",
    "totalSupply": "999999561872919854",
    "totalSupplyFormatted": "999999561.872919854",
    "sellerFeeBasisPoints": 0,
    "isMutable": true,
    "primarySaleHappened": 0,
    "updateAuthority": "5ephqjW8CwfiVKMdZHHQE9Sew8d45wg9Cta3EASRbrzX",
    "usdPrice": 2.153e-06,
    "nativePriceValue": "13.3169",
    "exchangeName": "PumpSwap",
    "exchangeAddress": "pAMMBay6oceH9fJKBRHGP5D4bD4sWpmSwMn52FMfXEA",
    "firstSwapTimestamp": "2025-06-14T17:27:13+00:00",
    "firstSwapType": "buy",
    "firstBuyerOrSeller": "5iywveQKkidqPDKt2CExJcWKex2EXz9kbGcYiZvhuXWs",
    "firstTradeValueUsd": 0.014418682,
    "label": 64
}