{
    "mint": "CEYdaahTpmZWHjkdXqmGpwKC57Kese4ym9Tx1YhZpump",
    "name": "Laser Cat",
    "symbol": "LaserCat",
    "decimals": "6",
    "totalSupply": "999723103872968",
    "totalSupplyFormatted": "999723103.872968",
    "sellerFeeBasisPoints": 0,
    "isMutable": true,
    "primarySaleHappened": 0,
    "updateAuthority": "E9smm6igsJjRW5BT1UE4RVvttbuUfRRtd7CgD26DCVmL",
    "usdPrice": 3.473e-06,
    "nativePriceValue": "24.0656",
    "exchangeName": "PumpSwap",
    "exchangeAddress": "pAMMBay6oceH9fJKBRHGP5D4bD4sWpmSwMn52FMfXEA",
    "firstSwapTimestamp": "2025-06-26T09:18:42+00:00",
    "firstSwapType": "buy",
    "firstBuyerOrSeller": "FE8W9kNjRr21Fkg41feu1AoaRzfTn2pJ8S83VawLsayk",
    "firstTradeValueUsd": 1.439831288,
    "label": 63
}