{
    "mint": "94h8J61xDDYamxpauNDpWpTw1oJ19yAaFwKxTeATpump",
    "name": "TRUTH TERMINAL CAT",
    "symbol": "SEZ",
    "decimals": "6",
    "totalSupply": "999991288774074",
    "totalSupplyFormatted": "999991288.774074",
    "sellerFeeBasisPoints": 0,
    "isMutable": true,
    "primarySaleHappened": 0,
    "updateAuthority": "AJ5gkuMQDrFUvaymDBmBaU1r6w6JTyGKq2LJ1XayKPDZ",
    "usdPrice": 8.348e-06,
    "nativePriceValue": "56.6315",
    "exchangeName": "PumpSwap",
    "exchangeAddress": "pAMMBay6oceH9fJKBRHGP5D4bD4sWpmSwMn52FMfXEA",
    "firstSwapTimestamp": "2025-06-15T13:09:19+00:00",
    "firstSwapType": "buy",
    "firstBuyerOrSeller": "97TjdjQr6vQZ6YTFZ4Ux5wPsCPGjNHTbURmJGsJdxdry",
    "firstTradeValueUsd": 14.716327096,
    "label": 63
}