{
    "mint": "Ce9ZaS3q3KbdxKeVtC1m1uWjjW3dAnEuapqMzmmTpump",
    "name": "#Impeach47",
    "symbol": "#Impeach47",
    "decimals": "6",
    "totalSupply": "999999761902483",
    "totalSupplyFormatted": "999999761.902483",
    "sellerFeeBasisPoints": 0,
    "isMutable": true,
    "primarySaleHappened": 0,
    "updateAuthority": "DTWvS1cu9wkdasKrzq82BQMMajTCX93LoDerY3XcRHRN",
    "usdPrice": 4.3311e-05,
    "nativePriceValue": "334",
    "exchangeName": "PumpSwap",
    "exchangeAddress": "pAMMBay6oceH9fJKBRHGP5D4bD4sWpmSwMn52FMfXEA",
    "firstSwapTimestamp": "2025-06-22T19:20:19+00:00",
    "firstSwapType": "buy",
    "firstBuyerOrSeller": "3ZR5erCspAKtbRZs1ezwpKtU4CnmgyqmzcDEKn7yfNk3",
    "firstTradeValueUsd": 71.503581739,
    "label": 63
}