{
    "mint": "btnknGfVQuuPfhvBR2tD2rv2GSUghEcU1dU6vEGpump",
    "name": "Sol Art Exhibition",
    "symbol": "SAE",
    "decimals": "6",
    "totalSupply": "4623008359",
    "totalSupplyFormatted": "4623.008359",
    "sellerFeeBasisPoints": 0,
    "isMutable": false,
    "primarySaleHappened": 0,
    "updateAuthority": "5hiLTNW7ksLjNwiK9LMTzjWysAJm8MJmjbMzd7AqSexB",
    "usdPrice": 6.111e-06,
    "nativePriceValue": "37.7886",
    "exchangeName": "PumpSwap",
    "exchangeAddress": "pAMMBay6oceH9fJKBRHGP5D4bD4sWpmSwMn52FMfXEA",
    "firstSwapTimestamp": "2025-06-19T21:41:26+00:00",
    "firstSwapType": "buy",
    "firstBuyerOrSeller": "4woXzDiykf2ykiWw4jTeK5ce3rcMBNm9z5FqQwoReFTg",
    "firstTradeValueUsd": 0.011613003,
    "label": 36
}