{
    "mint": "BLTQjSdP1UxBt6ttwVn83ZmGa85pLM25yq4rtaJFpump",
    "name": "Moonshit",
    "symbol": "Moonshit",
    "decimals": "6",
    "totalSupply": "999466438701436",
    "totalSupplyFormatted": "999466438.701436",
    "sellerFeeBasisPoints": 0,
    "isMutable": true,
    "primarySaleHappened": 0,
    "updateAuthority": "3oSP3nimwT2U9gte5JpP6juEcQbw1GVhtkRfzGZt3gqw",
    "usdPrice": 9.709580126,
    "nativePriceValue": "48184210",
    "exchangeName": "PumpSwap",
    "exchangeAddress": "pAMMBay6oceH9fJKBRHGP5D4bD4sWpmSwMn52FMfXEA",
    "firstSwapTimestamp": "2025-07-02T03:10:16+00:00",
    "firstSwapType": "buy",
    "firstBuyerOrSeller": "TpbMw2wYYt5dipB2xad1T4hvjrotT958betTVa2nzge",
    "firstTradeValueUsd": 64.036306414,
    "label": 67
}