{
    "mint": "Bi1SSaUwmx9gm6aQwyvEHgnzEtQfkELjE67z7SqZpump",
    "name": "gorganus exchange",
    "symbol": "anus",
    "decimals": "6",
    "totalSupply": "999763241613644",
    "totalSupplyFormatted": "999763241.613644",
    "sellerFeeBasisPoints": 0,
    "isMutable": true,
    "primarySaleHappened": 0,
    "updateAuthority": "2wPD1ekiMUGGTJbxDAJyNPkznunTydTUTMTahU3NGShs",
    "usdPrice": 3.9499e-05,
    "nativePriceValue": "281",
    "exchangeName": "PumpSwap",
    "exchangeAddress": "pAMMBay6oceH9fJKBRHGP5D4bD4sWpmSwMn52FMfXEA",
    "firstSwapTimestamp": "2025-06-21T16:32:09+00:00",
    "firstSwapType": "buy",
    "firstBuyerOrSeller": "2jYSccZUuXM4TY2y2641PB5zV65BSqjkfshWukL8QPkP",
    "firstTradeValueUsd": 1.400844717,
    "label": 64
}