{
    "mint": "Hjf4i6Wg4u3mUXuA8VqfLC62uBDYVGfjKUg6KUiCpump",
    "name": "Gorbagana Daemon",
    "symbol": "OSCAR",
    "decimals": "6",
    "totalSupply": "999997379337398",
    "totalSupplyFormatted": "999997379.337398",
    "sellerFeeBasisPoints": 0,
    "isMutable": true,
    "primarySaleHappened": 0,
    "updateAuthority": "GpGzNPAXhR12WBTvFPuz4EdhfXxxe7M3HVJTg1gzVQfQ",
    "usdPrice": 8.179e-06,
    "nativePriceValue": "56.1987",
    "exchangeName": "PumpSwap",
    "exchangeAddress": "pAMMBay6oceH9fJKBRHGP5D4bD4sWpmSwMn52FMfXEA",
    "firstSwapTimestamp": "2025-06-20T05:59:00+00:00",
    "firstSwapType": "buy",
    "firstBuyerOrSeller": "Bo5zd1Ns6q3dhqher9rtSBVcDTKpSagdxBvy1ApRSBkb",
    "firstTradeValueUsd": 14.495760987,
    "label": 67
}