{
    "mint": "duEPwrXmqReN4nX3Ws6SAQiRnAZxLDDy9x49gHipump",
    "name": "Upcoin",
    "symbol": "Up",
    "decimals": "6",
    "totalSupply": "999691903150365",
    "totalSupplyFormatted": "999691903.150365",
    "sellerFeeBasisPoints": 0,
    "isMutable": true,
    "primarySaleHappened": 0,
    "updateAuthority": "2GZFXA9uBG51bh6C9ktzpwonyg4134K6mA4JaySHjEoo",
    "usdPrice": 4.2657e-05,
    "nativePriceValue": "290",
    "exchangeName": "PumpSwap",
    "exchangeAddress": "pAMMBay6oceH9fJKBRHGP5D4bD4sWpmSwMn52FMfXEA",
    "firstSwapTimestamp": "2025-06-14T03:03:56+00:00",
    "firstSwapType": "buy",
    "firstBuyerOrSeller": "HvThStcvzqrJ1jCe4kppGdowyd3yCA1WG9WGG6q3ZBHS",
    "firstTradeValueUsd": 14.633420527,
    "label": 63
}