{
    "mint": "DL6ZuGqRV79CjfUoQ4CgCjxqFk5f3tCLczni95j1pump",
    "name": "ROLLS ROYCE",
    "symbol": "ROLLS",
    "decimals": "6",
    "totalSupply": "999999237863316",
    "totalSupplyFormatted": "999999237.863316",
    "sellerFeeBasisPoints": 0,
    "isMutable": true,
    "primarySaleHappened": 0,
    "updateAuthority": "25j78PquCzMGzxRAz6pjJnUjEGxk5TJDX2fwTWhosaJ6",
    "usdPrice": 9.9617e-05,
    "nativePriceValue": "744",
    "exchangeName": "PumpSwap",
    "exchangeAddress": "pAMMBay6oceH9fJKBRHGP5D4bD4sWpmSwMn52FMfXEA",
    "firstSwapTimestamp": "2025-06-21T23:17:13+00:00",
    "firstSwapType": "buy",
    "firstBuyerOrSeller": "97TjdjQr6vQZ6YTFZ4Ux5wPsCPGjNHTbURmJGsJdxdry",
    "firstTradeValueUsd": 13.386371215,
    "label": 63
}