{
    "mint": "9JhZv1q9W4LDiuHRnbkKmqbgbQ5DiAyYnPwjAmLpump",
    "name": "brain-to-voice",
    "symbol": "BTV",
    "decimals": "6",
    "totalSupply": "1004807457282",
    "totalSupplyFormatted": "1004807.457282",
    "sellerFeeBasisPoints": 0,
    "isMutable": false,
    "primarySaleHappened": 0,
    "updateAuthority": "J9dCYrhhbLNArKSjnwVeK7ojEoC22MHvZQiF2i1Mn69A",
    "usdPrice": 7.912e-10,
    "nativePriceValue": "0.00487668",
    "exchangeName": "PumpSwap",
    "exchangeAddress": "pAMMBay6oceH9fJKBRHGP5D4bD4sWpmSwMn52FMfXEA",
    "firstSwapTimestamp": "2025-06-19T22:05:03+00:00",
    "firstSwapType": "buy",
    "firstBuyerOrSeller": "4woXzDiykf2ykiWw4jTeK5ce3rcMBNm9z5FqQwoReFTg",
    "firstTradeValueUsd": 0.01165609,
    "label": 36
}