{
    "mint": "2YkpznzNqCyMVJVE58EP49W5Np8aEz7Y7m39eba2pump",
    "name": "pweace",
    "symbol": "pweace",
    "decimals": "6",
    "totalSupply": "999999348427228",
    "totalSupplyFormatted": "999999348.427228",
    "sellerFeeBasisPoints": 0,
    "isMutable": true,
    "primarySaleHappened": 0,
    "updateAuthority": "FxygtMXCdySyU6d1uTqJEsnNnsCswUgjN4R6EHWtY7Fc",
    "usdPrice": 8.6397e-05,
    "nativePriceValue": "611",
    "exchangeName": "PumpSwap",
    "exchangeAddress": "pAMMBay6oceH9fJKBRHGP5D4bD4sWpmSwMn52FMfXEA",
    "firstSwapTimestamp": "2025-06-23T20:46:19+00:00",
    "firstSwapType": "buy",
    "firstBuyerOrSeller": "DvpA6WD4mu2eUCrzbNDyMxmcZghKvQbaMMNmM9Wr5fJ3",
    "firstTradeValueUsd": 1.331931197,
    "label": 63
}