{
    "mint": "8419Ae6ZwigG44f8RRJKdXEjWYeKk1tYPQ7iiFapump",
    "name": "Unite",
    "symbol": "UNITE",
    "decimals": "6",
    "totalSupply": "3850642443",
    "totalSupplyFormatted": "3850.642443",
    "sellerFeeBasisPoints": 0,
    "isMutable": false,
    "primarySaleHappened": 0,
    "updateAuthority": "8dA1XujNiMkbiDcVMYhmRPKAUzek1avTGEdd6fR9Tqpy",
    "usdPrice": 5.246e-06,
    "nativePriceValue": "32.3447",
    "exchangeName": "PumpSwap",
    "exchangeAddress": "pAMMBay6oceH9fJKBRHGP5D4bD4sWpmSwMn52FMfXEA",
    "firstSwapTimestamp": "2025-06-24T21:07:20+00:00",
    "firstSwapType": "buy",
    "firstBuyerOrSeller": "cakewAiZcEFuE3YjRd6KzBVqdpykNCZupJxdft7u5vW",
    "firstTradeValueUsd": 0.009262681,
    "label": 36
}