{
    "mint": "DAUNSNNFjNLF4ojSqPHgQP8hFfp51c4arbR9r2bTpump",
    "name": "Gorbagana",
    "symbol": "GOR",
    "decimals": "6",
    "totalSupply": "999779038263780",
    "totalSupplyFormatted": "999779038.26378",
    "sellerFeeBasisPoints": 0,
    "isMutable": true,
    "primarySaleHappened": 0,
    "updateAuthority": "Cay9CCjTQuzuCM8SPVbx6PnJzNgmgTPhLd1EGPB2GKbm",
    "usdPrice": 3.0675e-05,
    "nativePriceValue": "220",
    "exchangeName": "PumpSwap",
    "exchangeAddress": "pAMMBay6oceH9fJKBRHGP5D4bD4sWpmSwMn52FMfXEA",
    "firstSwapTimestamp": "2025-06-20T23:21:06+00:00",
    "firstSwapType": "buy",
    "firstBuyerOrSeller": "BzQPrs33w1CxYoVNaSgahCC4N2TyHAVbWfy4v6WT3vCa",
    "firstTradeValueUsd": 13.872295885,
    "label": 64
}