{
    "mint": "8tcnrWNi1vaC39RJWuPykHNaGvi7s4i74oCrSMqpump",
    "name": "dog@gmail.com",
    "symbol": "dog@gmail",
    "decimals": "6",
    "totalSupply": "3691699557",
    "totalSupplyFormatted": "3691.699557",
    "sellerFeeBasisPoints": 0,
    "isMutable": false,
    "primarySaleHappened": 0,
    "updateAuthority": "GACBjDWsJJ7peXVTTA9wGne7SRPJcV1zZnFN67Z8szYg",
    "usdPrice": 5.752e-06,
    "nativePriceValue": "35.5097",
    "exchangeName": "PumpSwap",
    "exchangeAddress": "pAMMBay6oceH9fJKBRHGP5D4bD4sWpmSwMn52FMfXEA",
    "firstSwapTimestamp": "2025-06-30T06:06:10+00:00",
    "firstSwapType": "buy",
    "firstBuyerOrSeller": "27HFmP7ccLadGswvQfvea4o3juLw75cPF4V6jWpHM3MX",
    "firstTradeValueUsd": 0.015890348,
    "label": 36
}