{
    "mint": "GeH1mL5QTLgU3GLbACNhAJenBiw7HgPisvbeL9ipump",
    "name": "Loredel",
    "symbol": "LDL",
    "decimals": "6",
    "totalSupply": "80630574282",
    "totalSupplyFormatted": "80630.574282",
    "sellerFeeBasisPoints": 0,
    "isMutable": false,
    "primarySaleHappened": 0,
    "updateAuthority": "CtkbvPHtAdaWtqXQTbZf4GFKYnBhUayH5tpXmaMcvRvL",
    "usdPrice": 5.06206e-08,
    "nativePriceValue": "0.3129",
    "exchangeName": "PumpSwap",
    "exchangeAddress": "pAMMBay6oceH9fJKBRHGP5D4bD4sWpmSwMn52FMfXEA",
    "firstSwapTimestamp": "2025-06-27T16:02:33+00:00",
    "firstSwapType": "buy",
    "firstBuyerOrSeller": "cakewAiZcEFuE3YjRd6KzBVqdpykNCZupJxdft7u5vW",
    "firstTradeValueUsd": 0.009177016,
    "label": 59
}