{
    "mint": "gPJEtzFmHeWyq71XgPWb5PeVqFRADNPDTbfL9SHpump",
    "name": "racist word",
    "symbol": "Karen",
    "decimals": "6",
    "totalSupply": "49605264069",
    "totalSupplyFormatted": "49605.264069",
    "sellerFeeBasisPoints": 0,
    "isMutable": false,
    "primarySaleHappened": 0,
    "updateAuthority": "8nF1UwfmLzsmsez54TWepRCHrYiNVSVRfJ5L2FD1yDJm",
    "usdPrice": 1.12e-07,
    "nativePriceValue": "0.6932",
    "exchangeName": "PumpSwap",
    "exchangeAddress": "pAMMBay6oceH9fJKBRHGP5D4bD4sWpmSwMn52FMfXEA",
    "firstSwapTimestamp": "2025-06-28T10:17:36+00:00",
    "firstSwapType": "buy",
    "firstBuyerOrSeller": "5iywveQKkidqPDKt2CExJcWKex2EXz9kbGcYiZvhuXWs",
    "firstTradeValueUsd": 0.014673807,
    "label": 58
}