{
    "mint": "28WsFgtn6BmYQE52uRoHFRt4V7xTUqeRERwdvstvpump",
    "name": "Bitcoin",
    "symbol": "BTCGOLD",
    "decimals": "6",
    "totalSupply": "999820800877940",
    "totalSupplyFormatted": "999820800.87794",
    "sellerFeeBasisPoints": 0,
    "isMutable": true,
    "primarySaleHappened": 0,
    "updateAuthority": "91JJRyGkBYtCcxy2zngAvX5rgKwCz8Y8wCNG5KNDyy1M",
    "usdPrice": 3.2168e-05,
    "nativePriceValue": "219",
    "exchangeName": "PumpSwap",
    "exchangeAddress": "pAMMBay6oceH9fJKBRHGP5D4bD4sWpmSwMn52FMfXEA",
    "firstSwapTimestamp": "2025-06-20T13:49:52+00:00",
    "firstSwapType": "buy",
    "firstBuyerOrSeller": "HvXUedU6KvmozzeiipQp3MctMRFnNeSstiAhriNgAmyo",
    "firstTradeValueUsd": 1.460845714,
    "label": 63
}