{
    "mint": "r5VfpxH6uuwsZqHH8dVnji3n9F27WKeq3rbE1CPpump",
    "name": "Revenge of P\u2019Nut the Squirrel",
    "symbol": "P\u2019Nut",
    "decimals": "6",
    "totalSupply": "3798261451",
    "totalSupplyFormatted": "3798.261451",
    "sellerFeeBasisPoints": 0,
    "isMutable": false,
    "primarySaleHappened": 0,
    "updateAuthority": "MnzifqdNDU8VuqnaY4PjbgEvkMjSWWDnknmnEvXV6e7",
    "usdPrice": 5.335e-06,
    "nativePriceValue": "33.0362",
    "exchangeName": "PumpSwap",
    "exchangeAddress": "pAMMBay6oceH9fJKBRHGP5D4bD4sWpmSwMn52FMfXEA",
    "firstSwapTimestamp": "2025-06-28T13:35:13+00:00",
    "firstSwapType": "buy",
    "firstBuyerOrSeller": "5iywveQKkidqPDKt2CExJcWKex2EXz9kbGcYiZvhuXWs",
    "firstTradeValueUsd": 0.014566664,
    "label": 36
}