{
    "mint": "7NycUMgYCtB4GoMMtqLy87M491i68oFLj7YvqYsJpump",
    "name": "Fat n Furious",
    "symbol": "FnF",
    "decimals": "6",
    "totalSupply": "999999685934329",
    "totalSupplyFormatted": "999999685.934329",
    "sellerFeeBasisPoints": 0,
    "isMutable": true,
    "primarySaleHappened": 0,
    "updateAuthority": "3g8VG8jjNrDs6876xVAivR3c1j3rSLetZgUsnNnBHHXU",
    "usdPrice": 7.0036e-05,
    "nativePriceValue": "468",
    "exchangeName": "PumpSwap",
    "exchangeAddress": "pAMMBay6oceH9fJKBRHGP5D4bD4sWpmSwMn52FMfXEA",
    "firstSwapTimestamp": "2025-07-02T06:24:49+00:00",
    "firstSwapType": "buy",
    "firstBuyerOrSeller": "9bHBfnrJ2gro41BqdKx6ebPD5Cf74UyWf3kfD5FceJi1",
    "firstTradeValueUsd": 1.487967731,
    "label": 63
}