{
    "mint": "EE3EaEYUWiEDcCqc6sdgxirzJqDs4F4srA2LNwzCpump",
    "name": "Mooonner",
    "symbol": "MOOONER",
    "decimals": "6",
    "totalSupply": "999962819758563",
    "totalSupplyFormatted": "999962819.758563",
    "sellerFeeBasisPoints": 0,
    "isMutable": true,
    "primarySaleHappened": 0,
    "updateAuthority": "DhDy6aJ95TDBSUZ9Avt3N2o4VEbdg9n3T2rBM7EzhVgN",
    "usdPrice": 2.3397e-05,
    "nativePriceValue": "154",
    "exchangeName": "PumpSwap",
    "exchangeAddress": "pAMMBay6oceH9fJKBRHGP5D4bD4sWpmSwMn52FMfXEA",
    "firstSwapTimestamp": "2025-06-29T12:30:58+00:00",
    "firstSwapType": "buy",
    "firstBuyerOrSeller": "BUq41XLEwdxB5VGk8ko8Mk7F2RMGEzSoct8Gf8MqeFXg",
    "firstTradeValueUsd": 0.679799818,
    "label": 63
}