{
    "mint": "9YMkgemYgNrFm1nkvdj4eGqg3x6dyag9w56xRkMypump",
    "name": "The coin",
    "symbol": "THE",
    "decimals": "6",
    "totalSupply": "999966098316444",
    "totalSupplyFormatted": "999966098.316444",
    "sellerFeeBasisPoints": 0,
    "isMutable": true,
    "primarySaleHappened": 0,
    "updateAuthority": "34FyjaX5NiLs8q8BXj9kn3pLJE34EzL1Miq1cEC6XwMe",
    "usdPrice": 0.000116548,
    "nativePriceValue": "799",
    "exchangeName": "PumpSwap",
    "exchangeAddress": "pAMMBay6oceH9fJKBRHGP5D4bD4sWpmSwMn52FMfXEA",
    "firstSwapTimestamp": "2025-07-01T19:49:18+00:00",
    "firstSwapType": "buy",
    "firstBuyerOrSeller": "2Sz3zPygF2SqZqUHdCoA6jFBc3zu99nZhXmryiFfBS26",
    "firstTradeValueUsd": 14.608147712,
    "label": 63
}