{
    "mint": "GCGjSSuryKj5uikmTxhhfGEatRxTYjvAieTmTquHpump",
    "name": "Vehicles, Autonomy, Humanoids",
    "symbol": "VAH",
    "decimals": "6",
    "totalSupply": "999958928197474",
    "totalSupplyFormatted": "999958928.197474",
    "sellerFeeBasisPoints": 0,
    "isMutable": true,
    "primarySaleHappened": 0,
    "updateAuthority": "F3eb46vaEKVRBhPq7s6wuwMD1JmPbGeUdvAZJu3d37dK",
    "usdPrice": 3.3322e-05,
    "nativePriceValue": "215",
    "exchangeName": "PumpSwap",
    "exchangeAddress": "pAMMBay6oceH9fJKBRHGP5D4bD4sWpmSwMn52FMfXEA",
    "firstSwapTimestamp": "2025-07-03T10:25:11+00:00",
    "firstSwapType": "buy",
    "firstBuyerOrSeller": "2po6esA2yWBvUroxbrBk5pJGoVPpwi2o7mSNL377VuKJ",
    "firstTradeValueUsd": 1.540255065,
    "label": 70
}