{
    "mint": "BYWLRVqU7qgbHtrM3WMSVKWSP5KwrjzxCdS81LC5pump",
    "name": "You Were Always Meant To Buy",
    "symbol": "Destiny",
    "decimals": "6",
    "totalSupply": "1808536083888",
    "totalSupplyFormatted": "1808536.083888",
    "sellerFeeBasisPoints": 0,
    "isMutable": false,
    "primarySaleHappened": 0,
    "updateAuthority": "Ffpqck2v7fTKmXdxmtjNjicFEgAq3tTxWJ9615QbUGiR",
    "usdPrice": 8.388e-06,
    "nativePriceValue": "55.8421",
    "exchangeName": "PumpSwap",
    "exchangeAddress": "pAMMBay6oceH9fJKBRHGP5D4bD4sWpmSwMn52FMfXEA",
    "firstSwapTimestamp": "2025-06-30T06:44:55+00:00",
    "firstSwapType": "buy",
    "firstBuyerOrSeller": "Ffpqck2v7fTKmXdxmtjNjicFEgAq3tTxWJ9615QbUGiR",
    "firstTradeValueUsd": 1.5e-07,
    "label": 66
}