{
    "mint": "9Xa1dzAuthtYjmFU1Pw7BmXdNosp4KJiWaBXAVYpump",
    "name": "Providers",
    "symbol": "PRVD",
    "decimals": "6",
    "totalSupply": "274991412504",
    "totalSupplyFormatted": "274991.412504",
    "sellerFeeBasisPoints": 0,
    "isMutable": false,
    "primarySaleHappened": 0,
    "updateAuthority": "5umLK75YLtARQ6WkMWqwDvfFcg1UiGgjeybTWWz1rSWo",
    "usdPrice": 1.70171e-08,
    "nativePriceValue": "0.1053",
    "exchangeName": "PumpSwap",
    "exchangeAddress": "pAMMBay6oceH9fJKBRHGP5D4bD4sWpmSwMn52FMfXEA",
    "firstSwapTimestamp": "2025-06-25T15:17:11+00:00",
    "firstSwapType": "buy",
    "firstBuyerOrSeller": "cakewAiZcEFuE3YjRd6KzBVqdpykNCZupJxdft7u5vW",
    "firstTradeValueUsd": 0.009244488,
    "label": 59
}