{
    "mint": "ejbvf144j46wdAP8xYKDU5oVREryLh1Z3uCYCyvpump",
    "name": "Official Mauritius",
    "symbol": "MAU",
    "decimals": "6",
    "totalSupply": "1009841508618",
    "totalSupplyFormatted": "1009841.508618",
    "sellerFeeBasisPoints": 0,
    "isMutable": false,
    "primarySaleHappened": 0,
    "updateAuthority": "9Pv9nmcMqk6BoN12FqJHm1tCcfSxFUXBsRxZQx2pdq5h",
    "usdPrice": 1.163e-06,
    "nativePriceValue": "7.1919",
    "exchangeName": "PumpSwap",
    "exchangeAddress": "pAMMBay6oceH9fJKBRHGP5D4bD4sWpmSwMn52FMfXEA",
    "firstSwapTimestamp": "2025-06-15T02:53:36+00:00",
    "firstSwapType": "buy",
    "firstBuyerOrSeller": "cakewAiZcEFuE3YjRd6KzBVqdpykNCZupJxdft7u5vW",
    "firstTradeValueUsd": 0.011648393,
    "label": 62
}