{
    "mint": "SuUZRbXW5U3JNrory5J5m13osVcUJFUrUtbrPEtpump",
    "name": "Uganda",
    "symbol": "WHOU",
    "decimals": "6",
    "totalSupply": "739073519998",
    "totalSupplyFormatted": "739073.519998",
    "sellerFeeBasisPoints": 0,
    "isMutable": false,
    "primarySaleHappened": 0,
    "updateAuthority": "7M68hfUQsQFsnGWP3oxtJfqRuK6XKyZc7tY6EMRsq28Q",
    "usdPrice": 7.57e-07,
    "nativePriceValue": "4.681",
    "exchangeName": "PumpSwap",
    "exchangeAddress": "pAMMBay6oceH9fJKBRHGP5D4bD4sWpmSwMn52FMfXEA",
    "firstSwapTimestamp": "2025-06-26T19:23:02+00:00",
    "firstSwapType": "buy",
    "firstBuyerOrSeller": "27HFmP7ccLadGswvQfvea4o3juLw75cPF4V6jWpHM3MX",
    "firstTradeValueUsd": 0.014916987,
    "label": 62
}