{
    "mint": "6dNXkYeTfaERFPgwMcdpAZy8hTotEdfBvDd1Eifcpump",
    "name": "SATOSHI",
    "symbol": "SATOSHI",
    "decimals": "6",
    "totalSupply": "999927014584029",
    "totalSupplyFormatted": "999927014.584029",
    "sellerFeeBasisPoints": 0,
    "isMutable": true,
    "primarySaleHappened": 0,
    "updateAuthority": "97p6REc113jrv7DKNcXXYtVPaDAmVkspHKuW4CrhQK7e",
    "usdPrice": 3.9034e-05,
    "nativePriceValue": "280",
    "exchangeName": "PumpSwap",
    "exchangeAddress": "pAMMBay6oceH9fJKBRHGP5D4bD4sWpmSwMn52FMfXEA",
    "firstSwapTimestamp": "2025-06-20T19:33:30+00:00",
    "firstSwapType": "buy",
    "firstBuyerOrSeller": "4BtkzHyypVT4Cbu3nry8hXTQZ428yoe14aqxGggPFCeX",
    "firstTradeValueUsd": 1.389248151,
    "label": 63
}