{
    "mint": "APfCXQm29cYGdG69owWayS679cGd9wjPxPbVhTSVpump",
    "name": "Master Oogway",
    "symbol": "Oogway",
    "decimals": "6",
    "totalSupply": "525424027884",
    "totalSupplyFormatted": "525424.027884",
    "sellerFeeBasisPoints": 0,
    "isMutable": false,
    "primarySaleHappened": 0,
    "updateAuthority": "H5knk8XYtAcsUHsxx8szd2KZVNdT2dauVgypmcnhhjXh",
    "usdPrice": 9.613e-06,
    "nativePriceValue": "64.0044",
    "exchangeName": "PumpSwap",
    "exchangeAddress": "pAMMBay6oceH9fJKBRHGP5D4bD4sWpmSwMn52FMfXEA",
    "firstSwapTimestamp": "2025-07-04T11:47:56+00:00",
    "firstSwapType": "buy",
    "firstBuyerOrSeller": "H5knk8XYtAcsUHsxx8szd2KZVNdT2dauVgypmcnhhjXh",
    "firstTradeValueUsd": 1.5e-07,
    "label": 63
}