{
    "mint": "8rznLjJK73MtMYrYMHJ6mCqzgdqyLFyEeWmvcs1Ppump",
    "name": "The Gape Coin",
    "symbol": "GAPE",
    "decimals": "6",
    "totalSupply": "999940493105519",
    "totalSupplyFormatted": "999940493.105519",
    "sellerFeeBasisPoints": 0,
    "isMutable": true,
    "primarySaleHappened": 0,
    "updateAuthority": "BmymUcrBHMj9uWNcwbnnKwjj2LnhFJXvcp6th4Qb9FTr",
    "usdPrice": 0.378453011,
    "nativePriceValue": "2815803",
    "exchangeName": "PumpSwap",
    "exchangeAddress": "pAMMBay6oceH9fJKBRHGP5D4bD4sWpmSwMn52FMfXEA",
    "firstSwapTimestamp": "2025-06-23T07:51:49+00:00",
    "firstSwapType": "buy",
    "firstBuyerOrSeller": "FkP6FYnnhNLZWj9o8TUoTVYU89Npy9AqPsmTcrAfUsp5",
    "firstTradeValueUsd": 1.225941258,
    "label": 67
}