{
    "mint": "D2hT6RM8exfB6XfjLzhhCeqaFtMRnh7rbDvgdugZpump",
    "name": "Robotaxi",
    "symbol": "Robotaxi",
    "decimals": "6",
    "totalSupply": "999999565828130",
    "totalSupplyFormatted": "999999565.82813",
    "sellerFeeBasisPoints": 0,
    "isMutable": true,
    "primarySaleHappened": 0,
    "updateAuthority": "8aJULazw219ckBB2mVGGRh74nL9a9dppz5f2cvTg18g4",
    "usdPrice": 0.000109656,
    "nativePriceValue": "759",
    "exchangeName": "PumpSwap",
    "exchangeAddress": "pAMMBay6oceH9fJKBRHGP5D4bD4sWpmSwMn52FMfXEA",
    "firstSwapTimestamp": "2025-06-27T15:35:06+00:00",
    "firstSwapType": "buy",
    "firstBuyerOrSeller": "4fpvTVHDbZEAji2j3nauriM6nZDihH2s4mpHwPqCcyPM",
    "firstTradeValueUsd": 1.443366305,
    "label": 80
}