{
    "mint": "49qv9a6fZ2oPhNSPMkPeKLE3eTmLKgaK4HjwtK5epump",
    "name": "IF",
    "symbol": "IF",
    "decimals": "6",
    "totalSupply": "999788103097290",
    "totalSupplyFormatted": "999788103.09729",
    "sellerFeeBasisPoints": 0,
    "isMutable": true,
    "primarySaleHappened": 0,
    "updateAuthority": "CEooEgH116kYZdyksiqHcXUdAJya9PwAXYEV3hb2dZMC",
    "usdPrice": 1955770.51588352,
    "nativePriceValue": "10714285750000",
    "exchangeName": "PumpSwap",
    "exchangeAddress": "pAMMBay6oceH9fJKBRHGP5D4bD4sWpmSwMn52FMfXEA",
    "firstSwapTimestamp": "2025-06-20T17:45:54+00:00",
    "firstSwapType": "buy",
    "firstBuyerOrSeller": "CFgZuRgFDhCgEoFiSsYiSPq26BZ8exuxhvz7V9pqSjwb",
    "firstTradeValueUsd": 1.651277898,
    "label": 67
}