{
    "mint": "D7uLTRfEUNQkEVvSDkHyftmA86UPugF5T5XgcHYqpump",
    "name": "did",
    "symbol": "did",
    "decimals": "6",
    "totalSupply": "999998389529366",
    "totalSupplyFormatted": "999998389.529366",
    "sellerFeeBasisPoints": 0,
    "isMutable": true,
    "primarySaleHappened": 0,
    "updateAuthority": "GAcPJPNbjCkquuWeEGSpAMQhj7NFvn5e8YNmwXDBDGBt",
    "usdPrice": 16.193546426,
    "nativePriceValue": "84307392",
    "exchangeName": "PumpSwap",
    "exchangeAddress": "pAMMBay6oceH9fJKBRHGP5D4bD4sWpmSwMn52FMfXEA",
    "firstSwapTimestamp": "2025-07-02T14:53:22+00:00",
    "firstSwapType": "buy",
    "firstBuyerOrSeller": "2JUU74qA5BCWSjBfggLcxMfypbzEeawqMpuhWpqV3zZn",
    "firstTradeValueUsd": 1.498861152,
    "label": 67
}