{
    "mint": "LZZtE2uwHyXAwd32sw8HxrZLmMvn3NsWJ2YMdA8pump",
    "name": "Mao",
    "symbol": "MAO",
    "decimals": "6",
    "totalSupply": "5777236564108",
    "totalSupplyFormatted": "5777236.564108",
    "sellerFeeBasisPoints": 0,
    "isMutable": false,
    "primarySaleHappened": 0,
    "updateAuthority": "9SfSsGc1tmuNNVFHtDH8fYYpFNvJw9C6Pgh3xjG5brs6",
    "usdPrice": 1.235e-10,
    "nativePriceValue": "0.00076502",
    "exchangeName": "PumpSwap",
    "exchangeAddress": "pAMMBay6oceH9fJKBRHGP5D4bD4sWpmSwMn52FMfXEA",
    "firstSwapTimestamp": "2025-06-24T22:17:19+00:00",
    "firstSwapType": "buy",
    "firstBuyerOrSeller": "cakewAiZcEFuE3YjRd6KzBVqdpykNCZupJxdft7u5vW",
    "firstTradeValueUsd": 0.009292464,
    "label": 36
}