{
    "mint": "7imXyDdaq3KWEdy8ZYjt3AKW4GRNVELqJSRr9Jzupump",
    "name": "Sir Grumpsalot",
    "symbol": "GRUMPSALOT",
    "decimals": "6",
    "totalSupply": "999826945606311",
    "totalSupplyFormatted": "999826945.606311",
    "sellerFeeBasisPoints": 0,
    "isMutable": true,
    "primarySaleHappened": 0,
    "updateAuthority": "Gittkd8zR1c1fVhKNqaSCthGKQTQ6L1r5aEWFDyPuZi5",
    "usdPrice": 5.4123e-05,
    "nativePriceValue": "344",
    "exchangeName": "PumpSwap",
    "exchangeAddress": "pAMMBay6oceH9fJKBRHGP5D4bD4sWpmSwMn52FMfXEA",
    "firstSwapTimestamp": "2025-06-16T07:05:19+00:00",
    "firstSwapType": "buy",
    "firstBuyerOrSeller": "Gd4w6EZcbYRC9K8ofXqpeagNCAKYdQLfsNPeRnH1wR3C",
    "firstTradeValueUsd": 15.643933521,
    "label": 63
}