{
    "mint": "GvWs1ijPuJ3PRLJVzkastj96bEvNVQc7eSQhKj4xpump",
    "name": "Pepe The Grouch",
    "symbol": "gorpe",
    "decimals": "6",
    "totalSupply": "999969385372655",
    "totalSupplyFormatted": "999969385.372655",
    "sellerFeeBasisPoints": 0,
    "isMutable": true,
    "primarySaleHappened": 0,
    "updateAuthority": "DHwxy1y9aWn1UR93wZT5GW2PpSezHasE2ocvmWnehxcs",
    "usdPrice": 9.6473e-05,
    "nativePriceValue": "695",
    "exchangeName": "PumpSwap",
    "exchangeAddress": "pAMMBay6oceH9fJKBRHGP5D4bD4sWpmSwMn52FMfXEA",
    "firstSwapTimestamp": "2025-06-21T18:04:00+00:00",
    "firstSwapType": "buy",
    "firstBuyerOrSeller": "Bo5zd1Ns6q3dhqher9rtSBVcDTKpSagdxBvy1ApRSBkb",
    "firstTradeValueUsd": 13.857663266,
    "label": 63
}