{
    "mint": "GaxfdZvKeW68QeaajEFMngXHDzi5YPpCh7i1Sr4mpump",
    "name": "EGG BOY",
    "symbol": "EGGBOY",
    "decimals": "6",
    "totalSupply": "999795637576814",
    "totalSupplyFormatted": "999795637.576814",
    "sellerFeeBasisPoints": 0,
    "isMutable": true,
    "primarySaleHappened": 0,
    "updateAuthority": "GPPETVv4eHn8S9h897EsBkE69GFWURaikwUz7vw3Eew1",
    "usdPrice": 6.2696e-05,
    "nativePriceValue": "407",
    "exchangeName": "PumpSwap",
    "exchangeAddress": "pAMMBay6oceH9fJKBRHGP5D4bD4sWpmSwMn52FMfXEA",
    "firstSwapTimestamp": "2025-07-07T11:36:12+00:00",
    "firstSwapType": "buy",
    "firstBuyerOrSeller": "6J69X675Ru9YM2hkLWBv2gi7KYvUor41Xfu6Vbo2Pt4R",
    "firstTradeValueUsd": 424.715390987,
    "label": 80
}