{
    "mint": "FwepDBcnbNyoHfop4XRckhLvdo4uKJ7eLAd2RxKQpump",
    "name": "Buy and go AFK",
    "symbol": "AFKCOIN",
    "decimals": "6",
    "totalSupply": "999954376310401",
    "totalSupplyFormatted": "999954376.310401",
    "sellerFeeBasisPoints": 0,
    "isMutable": true,
    "primarySaleHappened": 0,
    "updateAuthority": "H13sYRj4L4275dXiW57dxSyrUizS325N137yukvNm9rG",
    "usdPrice": 3.07e-11,
    "nativePriceValue": "0.00017406",
    "exchangeName": "PumpSwap",
    "exchangeAddress": "pAMMBay6oceH9fJKBRHGP5D4bD4sWpmSwMn52FMfXEA",
    "firstSwapTimestamp": "2025-06-18T19:29:15+00:00",
    "firstSwapType": "buy",
    "firstBuyerOrSeller": "6F4AScLf1fRh6FUyuqpBLdF9cWZ1HmjnvyxwcGKxizgw",
    "firstTradeValueUsd": 14.42622174,
    "label": 71
}