{
    "mint": "FMh4yDiXdtPUZ6wnZW5dgH9mazKsPLPBkLq6f8C2pump",
    "name": "Palantir Inu",
    "symbol": "PI",
    "decimals": "6",
    "totalSupply": "999968832581068",
    "totalSupplyFormatted": "999968832.581068",
    "sellerFeeBasisPoints": 0,
    "isMutable": true,
    "primarySaleHappened": 0,
    "updateAuthority": "8e9SAMht4yk5T1rEgrUQd8KQs6Ju5mq5sU21oirkhVxy",
    "usdPrice": 5.6746e-05,
    "nativePriceValue": "375",
    "exchangeName": "PumpSwap",
    "exchangeAddress": "pAMMBay6oceH9fJKBRHGP5D4bD4sWpmSwMn52FMfXEA",
    "firstSwapTimestamp": "2025-06-17T10:25:15+00:00",
    "firstSwapType": "buy",
    "firstBuyerOrSeller": "F2fNnc1aLLBuh5LFtMmnAMSLi39hfZZBwcbZ2XdpqV6f",
    "firstTradeValueUsd": 3.273508681,
    "label": 64
}