{
    "mint": "6j2dDM2G7Wo2rDvZJ32LrukCnerdvdxa5XdiZ4Tnpump",
    "name": "Bonkwheel",
    "symbol": "BONKWHEEL",
    "decimals": "6",
    "totalSupply": "649327230748",
    "totalSupplyFormatted": "649327.230748",
    "sellerFeeBasisPoints": 0,
    "isMutable": false,
    "primarySaleHappened": 0,
    "updateAuthority": "6qxVmApv4ygoLHDDSk7qtktHABXjAoc4eUkNADEJDnkv",
    "usdPrice": 9.524e-06,
    "nativePriceValue": "63.9411",
    "exchangeName": "PumpSwap",
    "exchangeAddress": "pAMMBay6oceH9fJKBRHGP5D4bD4sWpmSwMn52FMfXEA",
    "firstSwapTimestamp": "2025-07-05T00:50:44+00:00",
    "firstSwapType": "buy",
    "firstBuyerOrSeller": "6qxVmApv4ygoLHDDSk7qtktHABXjAoc4eUkNADEJDnkv",
    "firstTradeValueUsd": 1.48e-07,
    "label": 62
}