{
    "mint": "9MfZhDEGXtg4ERLpevQLmN4tLxs3oCZz8G34bsGnpump",
    "name": "unbalanced coin",
    "symbol": "USDBC",
    "decimals": "6",
    "totalSupply": "999948869119770",
    "totalSupplyFormatted": "999948869.11977",
    "sellerFeeBasisPoints": 0,
    "isMutable": true,
    "primarySaleHappened": 0,
    "updateAuthority": "GH4cBQknHgif96Ai244Zco58fCaRuyq3Ge5hHg5WFw4L",
    "usdPrice": 0.00030961,
    "nativePriceValue": "2129",
    "exchangeName": "PumpSwap",
    "exchangeAddress": "pAMMBay6oceH9fJKBRHGP5D4bD4sWpmSwMn52FMfXEA",
    "firstSwapTimestamp": "2025-06-19T05:49:35+00:00",
    "firstSwapType": "buy",
    "firstBuyerOrSeller": "mTMKicqAzeYoq1KvipAhvm2sTDN2dyjsQAekeYAmSUC",
    "firstTradeValueUsd": 14.61726427,
    "label": 63
}