{
    "mint": "h3MM56RhGWDasoJzZJ7z8zhch4BHfPLuUSNdvWtpump",
    "name": "Bottom Coin",
    "symbol": "Bottom",
    "decimals": "6",
    "totalSupply": "3772273185",
    "totalSupplyFormatted": "3772.273185",
    "sellerFeeBasisPoints": 0,
    "isMutable": false,
    "primarySaleHappened": 0,
    "updateAuthority": "7bqHdtBPf2d4KkfsyQEKxQGVjAFX6ejQTMyjWpuoHQsu",
    "usdPrice": 5.371e-06,
    "nativePriceValue": "33.2941",
    "exchangeName": "PumpSwap",
    "exchangeAddress": "pAMMBay6oceH9fJKBRHGP5D4bD4sWpmSwMn52FMfXEA",
    "firstSwapTimestamp": "2025-06-29T06:39:47+00:00",
    "firstSwapType": "buy",
    "firstBuyerOrSeller": "5iywveQKkidqPDKt2CExJcWKex2EXz9kbGcYiZvhuXWs",
    "firstTradeValueUsd": 0.014952112,
    "label": 36
}