{
    "mint": "AFL8ERqADfQco8tkZKUmmfSn1LdP14B1yW42t2Qupump",
    "name": "Marmot",
    "symbol": "Marmot",
    "decimals": "6",
    "totalSupply": "999903964543068",
    "totalSupplyFormatted": "999903964.543068",
    "sellerFeeBasisPoints": 0,
    "isMutable": true,
    "primarySaleHappened": 0,
    "updateAuthority": "Qq6sqMsM84cuxBroAEyw2iYnmJh2t7MP4aCU9AVWvH8",
    "usdPrice": 3.0544e-05,
    "nativePriceValue": "233",
    "exchangeName": "PumpSwap",
    "exchangeAddress": "pAMMBay6oceH9fJKBRHGP5D4bD4sWpmSwMn52FMfXEA",
    "firstSwapTimestamp": "2025-06-22T22:02:49+00:00",
    "firstSwapType": "buy",
    "firstBuyerOrSeller": "89FuDMzqFbUC4QHvvgARXXRkVdbjdKM3Fd9xKFYqAD5Q",
    "firstTradeValueUsd": 12.932613574,
    "label": 80
}