{
    "mint": "He9vbsiy5FFnXUfuxsAanKYo9hvjCUJwRSEKdj3zpump",
    "name": "Hit 'Em Up",
    "symbol": "HITEM",
    "decimals": "6",
    "totalSupply": "999790780860017",
    "totalSupplyFormatted": "999790780.860017",
    "sellerFeeBasisPoints": 0,
    "isMutable": true,
    "primarySaleHappened": 0,
    "updateAuthority": "CU6LrxqZax8wcXw9FCRTNevhkq2LrJoDGzTRSZicPFq6",
    "usdPrice": 2.5243e-05,
    "nativePriceValue": "176",
    "exchangeName": "PumpSwap",
    "exchangeAddress": "pAMMBay6oceH9fJKBRHGP5D4bD4sWpmSwMn52FMfXEA",
    "firstSwapTimestamp": "2025-06-14T20:02:32+00:00",
    "firstSwapType": "buy",
    "firstBuyerOrSeller": "5dnFxM648UQpBTonstiBE1HWZaVG49Cv3yuNhX6Y1nFU",
    "firstTradeValueUsd": 14.312779192,
    "label": 82
}