{
    "mint": "AjFPXaThCi9fBBQHp9mcCjbzd4VWudnyxwXYymHmpump",
    "name": "PUMP.FUN",
    "symbol": "PUMP",
    "decimals": "6",
    "totalSupply": "999843651785421664",
    "totalSupplyFormatted": "999843651785.421664",
    "sellerFeeBasisPoints": 0,
    "isMutable": false,
    "primarySaleHappened": 0,
    "updateAuthority": "WLHv2UAZm6z4KyaaELi5pjdbJh6RESMva1Rnn8pJVVh",
    "usdPrice": 3.5824e-09,
    "nativePriceValue": "0.0188",
    "exchangeName": "Raydium",
    "exchangeAddress": "CPMMoo8L3F4NbTegBCKVNunggL7H1ZpdTHKxQB5qKP1C",
    "firstSwapTimestamp": "2025-07-09T15:48:01+00:00",
    "firstSwapType": "buy",
    "firstBuyerOrSeller": "64btbUphorPzD84ausQhqRRNH8VhhmYCCoSFM5fiW2G2",
    "firstTradeValueUsd": 11338.732357065,
    "label": 31
}