{
    "mint": "HUteRHYcVo2fhhi3fKdhQxP594TeXm4PM5XZajoDpump",
    "name": "ponk",
    "symbol": "ponk",
    "decimals": "6",
    "totalSupply": "850855550294",
    "totalSupplyFormatted": "850855.550294",
    "sellerFeeBasisPoints": 0,
    "isMutable": false,
    "primarySaleHappened": 0,
    "updateAuthority": "Ffpqck2v7fTKmXdxmtjNjicFEgAq3tTxWJ9615QbUGiR",
    "usdPrice": 1.1951e-05,
    "nativePriceValue": "77.3005",
    "exchangeName": "PumpSwap",
    "exchangeAddress": "pAMMBay6oceH9fJKBRHGP5D4bD4sWpmSwMn52FMfXEA",
    "firstSwapTimestamp": "2025-07-09T15:52:12+00:00",
    "firstSwapType": "buy",
    "firstBuyerOrSeller": "62EKEswizWHD8UwgQwFCeruws9oBw7xF6RVi9TNquUzi",
    "firstTradeValueUsd": 0.383764635,
    "label": 62
}