{
    "mint": "5EPQFB1xwyt52yCaeTmCQwssW4qXXtJc7SsTHfRtpump",
    "name": "useful coin",
    "symbol": "commodity",
    "decimals": "6",
    "totalSupply": "549886918389",
    "totalSupplyFormatted": "549886.918389",
    "sellerFeeBasisPoints": 0,
    "isMutable": false,
    "primarySaleHappened": 0,
    "updateAuthority": "H2G6uQHyM6Y51XgAXuRQ56iej6S7CsLZAiS5AnGPv7Uw",
    "usdPrice": 8.909e-06,
    "nativePriceValue": "58.5583",
    "exchangeName": "PumpSwap",
    "exchangeAddress": "pAMMBay6oceH9fJKBRHGP5D4bD4sWpmSwMn52FMfXEA",
    "firstSwapTimestamp": "2025-07-02T18:47:59+00:00",
    "firstSwapType": "buy",
    "firstBuyerOrSeller": "H2G6uQHyM6Y51XgAXuRQ56iej6S7CsLZAiS5AnGPv7Uw",
    "firstTradeValueUsd": 1.52e-07,
    "label": 63
}