{
    "mint": "EQ3Y8TYoWMq49yezktMVvBPKegvMDnBhUzYU3HTapump",
    "name": "CRAZY FROG",
    "symbol": "\u795e\u7ecf\u86d9",
    "decimals": "6",
    "totalSupply": "999553346067920",
    "totalSupplyFormatted": "999553346.06792",
    "sellerFeeBasisPoints": 0,
    "isMutable": true,
    "primarySaleHappened": 0,
    "updateAuthority": "Qq6sqMsM84cuxBroAEyw2iYnmJh2t7MP4aCU9AVWvH8",
    "usdPrice": 0.409982694,
    "nativePriceValue": "2139595",
    "exchangeName": "PumpSwap",
    "exchangeAddress": "pAMMBay6oceH9fJKBRHGP5D4bD4sWpmSwMn52FMfXEA",
    "firstSwapTimestamp": "2025-06-27T14:37:16+00:00",
    "firstSwapType": "buy",
    "firstBuyerOrSeller": "89FuDMzqFbUC4QHvvgARXXRkVdbjdKM3Fd9xKFYqAD5Q",
    "firstTradeValueUsd": 14.118025618,
    "label": 67
}