{
    "mint": "J3ZuSukuNiLNFjWLBibZrDCcs3uc3HxSA7NHLrmJpump",
    "name": "there is no coin",
    "symbol": ":)",
    "decimals": "6",
    "totalSupply": "532213918350",
    "totalSupplyFormatted": "532213.91835",
    "sellerFeeBasisPoints": 0,
    "isMutable": false,
    "primarySaleHappened": 0,
    "updateAuthority": "Got77bznjUAPEAm53HwC6a6z7tXVwwHFD3Un1XR62wcn",
    "usdPrice": 1.0859e-05,
    "nativePriceValue": "71.345",
    "exchangeName": "PumpSwap",
    "exchangeAddress": "pAMMBay6oceH9fJKBRHGP5D4bD4sWpmSwMn52FMfXEA",
    "firstSwapTimestamp": "2025-07-04T00:21:26+00:00",
    "firstSwapType": "buy",
    "firstBuyerOrSeller": "Got77bznjUAPEAm53HwC6a6z7tXVwwHFD3Un1XR62wcn",
    "firstTradeValueUsd": 1.51e-07,
    "label": 63
}