{
    "mint": "9TYRNwrMVmCbDuWoFkmRQonodYtDht9yduioX2Uhpump",
    "name": "Trendy",
    "symbol": "TTT",
    "decimals": "6",
    "totalSupply": "999999998068744",
    "totalSupplyFormatted": "999999998.068744",
    "sellerFeeBasisPoints": 0,
    "isMutable": false,
    "primarySaleHappened": 0,
    "updateAuthority": "WLHv2UAZm6z4KyaaELi5pjdbJh6RESMva1Rnn8pJVVh",
    "usdPrice": 4.722e-06,
    "nativePriceValue": "28.7949",
    "exchangeName": "Raydium",
    "exchangeAddress": "LanMV9sAd7wArD4vJFi2qDdfnVhFxYSUg6eADduJ3uj",
    "firstSwapTimestamp": "2025-07-11T19:13:08+00:00",
    "firstSwapType": "buy",
    "firstBuyerOrSeller": "DL2bYj9c1PpyyGxpy1cZ9M7QKGZT723oiCxN5JjUCDe2",
    "firstTradeValueUsd": 144.161752448,
    "label": 29
}