{
    "mint": "Nnzmgh8Z4x193idnQH1XkPc7DmpwpfDjKT5YXsopump",
    "name": "just a fed guy",
    "symbol": "fedguy",
    "decimals": "6",
    "totalSupply": "178383578139",
    "totalSupplyFormatted": "178383.578139",
    "sellerFeeBasisPoints": 0,
    "isMutable": false,
    "primarySaleHappened": 0,
    "updateAuthority": "9R7dhvhTAtxq66rCFi8EJrEYGuMNiFAju1Jc7z6u9JB7",
    "usdPrice": 6.596e-06,
    "nativePriceValue": "40.6937",
    "exchangeName": "PumpSwap",
    "exchangeAddress": "pAMMBay6oceH9fJKBRHGP5D4bD4sWpmSwMn52FMfXEA",
    "firstSwapTimestamp": "2025-06-27T16:09:31+00:00",
    "firstSwapType": "buy",
    "firstBuyerOrSeller": "27HFmP7ccLadGswvQfvea4o3juLw75cPF4V6jWpHM3MX",
    "firstTradeValueUsd": 0.015069003,
    "label": 63
}