{
    "mint": "aaGW5WqLSq4vwGR6CYKZSippL5NM2qhcERMuJo3pump",
    "name": "poopen sharten farten",
    "symbol": "PSF",
    "decimals": "6",
    "totalSupply": "65902036827",
    "totalSupplyFormatted": "65902.036827",
    "sellerFeeBasisPoints": 0,
    "isMutable": false,
    "primarySaleHappened": 0,
    "updateAuthority": "BZVNrb71fjk3eYgXUAaVQgaKQqnkm8NkxXU8gCWqEAYW",
    "usdPrice": 5.307e-06,
    "nativePriceValue": "32.8142",
    "exchangeName": "PumpSwap",
    "exchangeAddress": "pAMMBay6oceH9fJKBRHGP5D4bD4sWpmSwMn52FMfXEA",
    "firstSwapTimestamp": "2025-06-16T00:39:46+00:00",
    "firstSwapType": "buy",
    "firstBuyerOrSeller": "cakewAiZcEFuE3YjRd6KzBVqdpykNCZupJxdft7u5vW",
    "firstTradeValueUsd": 0.012198151,
    "label": 62
}