{
    "mint": "6G8ojWCsdaG97udCVRcVCM7ziamwWfyXCrgJiCsfpump",
    "name": "Awkward Look Monkey",
    "symbol": "Kento",
    "decimals": "6",
    "totalSupply": "999880700609120",
    "totalSupplyFormatted": "999880700.60912",
    "sellerFeeBasisPoints": 0,
    "isMutable": true,
    "primarySaleHappened": 0,
    "updateAuthority": "5qrqApSoovxD7edNNE2tMFwSoivc8okCHnM2qK2PBbxX",
    "usdPrice": 0.000147645,
    "nativePriceValue": "1045",
    "exchangeName": "PumpSwap",
    "exchangeAddress": "pAMMBay6oceH9fJKBRHGP5D4bD4sWpmSwMn52FMfXEA",
    "firstSwapTimestamp": "2025-06-26T20:52:13+00:00",
    "firstSwapType": "buy",
    "firstBuyerOrSeller": "4GNjyh5LbLRN22VZB8zDbYUDDL1rjxeCpdYNAfPqrB7y",
    "firstTradeValueUsd": 2.068094119,
    "label": 63
}