{
    "mint": "HfQKq7NREKCJ7Vpq1UoaVfGo77fiZhNR1YCAU21bpump",
    "name": "Typing Record Live 3MIL",
    "symbol": "3MIL",
    "decimals": "6",
    "totalSupply": "999872347338399",
    "totalSupplyFormatted": "999872347.338399",
    "sellerFeeBasisPoints": 0,
    "isMutable": true,
    "primarySaleHappened": 0,
    "updateAuthority": "6KscosGPBKVmCFGPxyAixY8dBDwhY3mP6imdVVPUN7oD",
    "usdPrice": 3.3567e-05,
    "nativePriceValue": "260",
    "exchangeName": "PumpSwap",
    "exchangeAddress": "pAMMBay6oceH9fJKBRHGP5D4bD4sWpmSwMn52FMfXEA",
    "firstSwapTimestamp": "2025-06-22T21:33:23+00:00",
    "firstSwapType": "buy",
    "firstBuyerOrSeller": "CXWLnXPmWjtGSsAK5SW1KQq6C9DjuCtwrRVc2jWZ1Qh4",
    "firstTradeValueUsd": 52.492050559,
    "label": 63
}