{
    "mint": "xJpLK7Rh1JR1s5zwucuDhQNQV3TAtdWEQEzme25pump",
    "name": "Fart Sparkle Mermaid",
    "symbol": "FSM",
    "decimals": "6",
    "totalSupply": "2681878326",
    "totalSupplyFormatted": "2681.878326",
    "sellerFeeBasisPoints": 0,
    "isMutable": false,
    "primarySaleHappened": 0,
    "updateAuthority": "CtCpBvJAYJz7NXGNQAuCxdWQJ19rnp4Q39pHP58btwVr",
    "usdPrice": 4.929e-06,
    "nativePriceValue": "30.4911",
    "exchangeName": "PumpSwap",
    "exchangeAddress": "pAMMBay6oceH9fJKBRHGP5D4bD4sWpmSwMn52FMfXEA",
    "firstSwapTimestamp": "2025-06-27T23:41:29+00:00",
    "firstSwapType": "buy",
    "firstBuyerOrSeller": "cakewAiZcEFuE3YjRd6KzBVqdpykNCZupJxdft7u5vW",
    "firstTradeValueUsd": 0.009134381,
    "label": 44
}