{
    "mint": "HK7XagMrComDrhaBwTJUcSKxE8YYeXk6ptx7p17xpump",
    "name": "Fartcoin",
    "symbol": "Fartcoin",
    "decimals": "6",
    "totalSupply": "999930712003305",
    "totalSupplyFormatted": "999930712.003305",
    "sellerFeeBasisPoints": 0,
    "isMutable": true,
    "primarySaleHappened": 0,
    "updateAuthority": "3oSP3nimwT2U9gte5JpP6juEcQbw1GVhtkRfzGZt3gqw",
    "usdPrice": 2.6055e-05,
    "nativePriceValue": "172",
    "exchangeName": "PumpSwap",
    "exchangeAddress": "pAMMBay6oceH9fJKBRHGP5D4bD4sWpmSwMn52FMfXEA",
    "firstSwapTimestamp": "2025-07-03T16:45:55+00:00",
    "firstSwapType": "buy",
    "firstBuyerOrSeller": "76NMKsKmTf4p93tik1rjsFZY8LTRbD6zwsbMqZhKZDAP",
    "firstTradeValueUsd": 1.506582739,
    "label": 80
}