{
    "mint": "Nrq7V8HXhfgvGF1tkQipCWAMbK5JCmJw3Q1QPRQpump",
    "name": "Revenge of P\u2019Nut the Squirrel",
    "symbol": "P\u2019Nut",
    "decimals": "6",
    "totalSupply": "740631087026",
    "totalSupplyFormatted": "740631.087026",
    "sellerFeeBasisPoints": 0,
    "isMutable": false,
    "primarySaleHappened": 0,
    "updateAuthority": "3cvKEaAvZrjHX14keDKuQDpWVaqsrCmhgJU6g9b63VtN",
    "usdPrice": 3.8477e-09,
    "nativePriceValue": "0.0237",
    "exchangeName": "PumpSwap",
    "exchangeAddress": "pAMMBay6oceH9fJKBRHGP5D4bD4sWpmSwMn52FMfXEA",
    "firstSwapTimestamp": "2025-06-28T14:14:03+00:00",
    "firstSwapType": "buy",
    "firstBuyerOrSeller": "5iywveQKkidqPDKt2CExJcWKex2EXz9kbGcYiZvhuXWs",
    "firstTradeValueUsd": 0.014669064,
    "label": 61
}