{
    "mint": "6WCg7VYZ8qBybMnnwx2kkv1dFntCHneCgB1gb3Vqpump",
    "name": "Gorilla on Dolphin",
    "symbol": "GoD",
    "decimals": "6",
    "totalSupply": "999999466159273",
    "totalSupplyFormatted": "999999466.159273",
    "sellerFeeBasisPoints": 0,
    "isMutable": true,
    "primarySaleHappened": 0,
    "updateAuthority": "CdpTfLXp8sfedhmwaHWkFVwp1euiwZ2XYy9buYY8F5R4",
    "usdPrice": 0.000178397,
    "nativePriceValue": "1169",
    "exchangeName": "PumpSwap",
    "exchangeAddress": "pAMMBay6oceH9fJKBRHGP5D4bD4sWpmSwMn52FMfXEA",
    "firstSwapTimestamp": "2025-07-04T05:54:24+00:00",
    "firstSwapType": "buy",
    "firstBuyerOrSeller": "2JUU74qA5BCWSjBfggLcxMfypbzEeawqMpuhWpqV3zZn",
    "firstTradeValueUsd": 1.525451316,
    "label": 62
}