{
    "mint": "vo6NRo2nRPdopDSk1AwC9K13GJQ6vwCTd6c7Br8pump",
    "name": "BLANK",
    "symbol": "BLANK",
    "decimals": "6",
    "totalSupply": "3690949666",
    "totalSupplyFormatted": "3690.949666",
    "sellerFeeBasisPoints": 0,
    "isMutable": false,
    "primarySaleHappened": 0,
    "updateAuthority": "CeqiG3hzjQVWSs8cE1eGXVn9hGD1QmPBQCWj5j4NL881",
    "usdPrice": 5.78e-06,
    "nativePriceValue": "35.6634",
    "exchangeName": "PumpSwap",
    "exchangeAddress": "pAMMBay6oceH9fJKBRHGP5D4bD4sWpmSwMn52FMfXEA",
    "firstSwapTimestamp": "2025-07-11T18:40:44+00:00",
    "firstSwapType": "buy",
    "firstBuyerOrSeller": "cakewAiZcEFuE3YjRd6KzBVqdpykNCZupJxdft7u5vW",
    "firstTradeValueUsd": 0.010499899,
    "label": 36
}