{
    "mint": "9ZN7VhAcRFGWMgahdzZaYZmYCmBFYmU7WCasqNBvpump",
    "name": "sigmew",
    "symbol": "sigmew",
    "decimals": "6",
    "totalSupply": "999954339750792",
    "totalSupplyFormatted": "999954339.750792",
    "sellerFeeBasisPoints": 0,
    "isMutable": true,
    "primarySaleHappened": 0,
    "updateAuthority": "CU6LrxqZax8wcXw9FCRTNevhkq2LrJoDGzTRSZicPFq6",
    "usdPrice": 6.2975e-05,
    "nativePriceValue": "427",
    "exchangeName": "PumpSwap",
    "exchangeAddress": "pAMMBay6oceH9fJKBRHGP5D4bD4sWpmSwMn52FMfXEA",
    "firstSwapTimestamp": "2025-06-15T12:59:41+00:00",
    "firstSwapType": "buy",
    "firstBuyerOrSeller": "5dnFxM648UQpBTonstiBE1HWZaVG49Cv3yuNhX6Y1nFU",
    "firstTradeValueUsd": 14.733953084,
    "label": 82
}