{
    "mint": "EA55ebwxSBJ6DvY7z7HYsFaZ3A5k123mLA9tuTypump",
    "name": "PUSH",
    "symbol": "PUSH",
    "decimals": "6",
    "totalSupply": "3749867567",
    "totalSupplyFormatted": "3749.867567",
    "sellerFeeBasisPoints": 0,
    "isMutable": false,
    "primarySaleHappened": 0,
    "updateAuthority": "45Sqn5Xa1v6YW1paWcdFkb2uQbV14pLzGco4XkViWgfB",
    "usdPrice": 6.451e-06,
    "nativePriceValue": "39.8337",
    "exchangeName": "PumpSwap",
    "exchangeAddress": "pAMMBay6oceH9fJKBRHGP5D4bD4sWpmSwMn52FMfXEA",
    "firstSwapTimestamp": "2025-06-22T08:16:52+00:00",
    "firstSwapType": "buy",
    "firstBuyerOrSeller": "cakewAiZcEFuE3YjRd6KzBVqdpykNCZupJxdft7u5vW",
    "firstTradeValueUsd": 0.008617102,
    "label": 42
}