{
    "mint": "BcZtjPsxnKv76wcX8kUjZzc7Try3dHeM4q25JDKkpump",
    "name": "MEME xStock",
    "symbol": "MEMEx",
    "decimals": "6",
    "totalSupply": "999839691765235",
    "totalSupplyFormatted": "999839691.765235",
    "sellerFeeBasisPoints": 0,
    "isMutable": true,
    "primarySaleHappened": 0,
    "updateAuthority": "2zPYLZxLBpdQ5txDXy6D2iwTuY3tmBeXmVAYfTcQ9wAs",
    "usdPrice": 4.7375e-05,
    "nativePriceValue": "305",
    "exchangeName": "PumpSwap",
    "exchangeAddress": "pAMMBay6oceH9fJKBRHGP5D4bD4sWpmSwMn52FMfXEA",
    "firstSwapTimestamp": "2025-06-30T23:36:18+00:00",
    "firstSwapType": "buy",
    "firstBuyerOrSeller": "BzQPrs33w1CxYoVNaSgahCC4N2TyHAVbWfy4v6WT3vCa",
    "firstTradeValueUsd": 15.545083722,
    "label": 63
}