{
    "mint": "3xheCQvkPYZXbqZe96zRVfREZHngQfZPbVUPG4Pspump",
    "name": "Patchy",
    "symbol": "Patchy",
    "decimals": "6",
    "totalSupply": "954886683790800",
    "totalSupplyFormatted": "954886683.7908",
    "sellerFeeBasisPoints": 0,
    "isMutable": false,
    "primarySaleHappened": 0,
    "updateAuthority": "DoKZmEeZNt4p6wnLhNV6DVP2qLs8y4u1ctvRXX9bTcuL",
    "usdPrice": 2.984e-10,
    "nativePriceValue": "0.00184815",
    "exchangeName": "PumpSwap",
    "exchangeAddress": "pAMMBay6oceH9fJKBRHGP5D4bD4sWpmSwMn52FMfXEA",
    "firstSwapTimestamp": "2025-07-06T11:53:26+00:00",
    "firstSwapType": "buy",
    "firstBuyerOrSeller": "27HFmP7ccLadGswvQfvea4o3juLw75cPF4V6jWpHM3MX",
    "firstTradeValueUsd": 0.015528231,
    "label": 63
}