{
    "mint": "DY79ei7jU7FzvcmPmmnC3JZM4FqUU4FfmWdm3fL2pump",
    "name": "GORilla",
    "symbol": "GORilla",
    "decimals": "6",
    "totalSupply": "999998612347517",
    "totalSupplyFormatted": "999998612.347517",
    "sellerFeeBasisPoints": 0,
    "isMutable": true,
    "primarySaleHappened": 0,
    "updateAuthority": "917fQHmRjCCKPLS1y1XgWHMjX3ph2jr2q4CTEbKfQ9uY",
    "usdPrice": 0.000150177,
    "nativePriceValue": "1091",
    "exchangeName": "PumpSwap",
    "exchangeAddress": "pAMMBay6oceH9fJKBRHGP5D4bD4sWpmSwMn52FMfXEA",
    "firstSwapTimestamp": "2025-06-21T17:55:58+00:00",
    "firstSwapType": "buy",
    "firstBuyerOrSeller": "97TjdjQr6vQZ6YTFZ4Ux5wPsCPGjNHTbURmJGsJdxdry",
    "firstTradeValueUsd": 13.829731276,
    "label": 62
}