{
    "mint": "foFJeKK7Kk3gBe9Y9tLQqVj862jwfZpKAf6jGF1pump",
    "name": "Solchat",
    "symbol": "CHAT",
    "decimals": "6",
    "totalSupply": "4144401562",
    "totalSupplyFormatted": "4144.401562",
    "sellerFeeBasisPoints": 0,
    "isMutable": false,
    "primarySaleHappened": 0,
    "updateAuthority": "HJvVTLotEQEPfRwLHfL8wFd3xeF2DvnrYyEZVumjhaBt",
    "usdPrice": 4.868e-06,
    "nativePriceValue": "30.0567",
    "exchangeName": "PumpSwap",
    "exchangeAddress": "pAMMBay6oceH9fJKBRHGP5D4bD4sWpmSwMn52FMfXEA",
    "firstSwapTimestamp": "2025-06-20T01:48:48+00:00",
    "firstSwapType": "buy",
    "firstBuyerOrSeller": "cakewAiZcEFuE3YjRd6KzBVqdpykNCZupJxdft7u5vW",
    "firstTradeValueUsd": 0.011742527,
    "label": 46
}