{
    "mint": "SC3xeheTWUPLHvibJhouYURrC9K4hcfvEo81ofRpump",
    "name": "fish+duck",
    "symbol": "fuck",
    "decimals": "6",
    "totalSupply": "2870685972842",
    "totalSupplyFormatted": "2870685.972842",
    "sellerFeeBasisPoints": 0,
    "isMutable": false,
    "primarySaleHappened": 0,
    "updateAuthority": "52xwweotb3QgcqkA9eDPBQ1zhdeFqaSRMpfiX1zy3odw",
    "usdPrice": 5.423e-06,
    "nativePriceValue": "33.4494",
    "exchangeName": "PumpSwap",
    "exchangeAddress": "pAMMBay6oceH9fJKBRHGP5D4bD4sWpmSwMn52FMfXEA",
    "firstSwapTimestamp": "2025-06-27T06:12:45+00:00",
    "firstSwapType": "buy",
    "firstBuyerOrSeller": "Bos3jQMtBfQ46keJgmi1YkqBW2R59zsPutmtiMnPzBNV",
    "firstTradeValueUsd": 7.009577262,
    "label": 63
}