{
    "mint": "Abcn3nDsiF8zQ9g5KQhLQnKQ3GTqMe9ciPpPKSiJpump",
    "name": "Supreme Leader",
    "symbol": "SUPREME",
    "decimals": "6",
    "totalSupply": "999997904475905",
    "totalSupplyFormatted": "999997904.475905",
    "sellerFeeBasisPoints": 0,
    "isMutable": true,
    "primarySaleHappened": 0,
    "updateAuthority": "AJYwHfgf28RXhcdGFoKDNrceFPcijcFYepU6HN6LSZ1e",
    "usdPrice": 1.1974e-05,
    "nativePriceValue": "81.8665",
    "exchangeName": "PumpSwap",
    "exchangeAddress": "pAMMBay6oceH9fJKBRHGP5D4bD4sWpmSwMn52FMfXEA",
    "firstSwapTimestamp": "2025-06-17T17:46:02+00:00",
    "firstSwapType": "buy",
    "firstBuyerOrSeller": "Bo5zd1Ns6q3dhqher9rtSBVcDTKpSagdxBvy1ApRSBkb",
    "firstTradeValueUsd": 14.619053739,
    "label": 63
}