{
    "mint": "5fYgfjfxNWLuLCeBGJpG7nPYRxqVJNLP4vTmATDKpump",
    "name": "Real Asstate",
    "symbol": "ASSTATE",
    "decimals": "6",
    "totalSupply": "999855913953483",
    "totalSupplyFormatted": "999855913.953483",
    "sellerFeeBasisPoints": 0,
    "isMutable": true,
    "primarySaleHappened": 0,
    "updateAuthority": "54RZEW877f7XtqtbHxxjLiaEtkZCVWtowsk19yPPskp8",
    "usdPrice": 4.6077e-05,
    "nativePriceValue": "302",
    "exchangeName": "PumpSwap",
    "exchangeAddress": "pAMMBay6oceH9fJKBRHGP5D4bD4sWpmSwMn52FMfXEA",
    "firstSwapTimestamp": "2025-07-01T04:56:49+00:00",
    "firstSwapType": "buy",
    "firstBuyerOrSeller": "76NMKsKmTf4p93tik1rjsFZY8LTRbD6zwsbMqZhKZDAP",
    "firstTradeValueUsd": 0.913379868,
    "label": 63
}