{
    "mint": "BsvqUszWrLdVX51a3kiTc4UE3MCaquwmnViZo6jLpump",
    "name": "pepe wif cig",
    "symbol": "PWC",
    "decimals": "6",
    "totalSupply": "999949485031584",
    "totalSupplyFormatted": "999949485.031584",
    "sellerFeeBasisPoints": 0,
    "isMutable": true,
    "primarySaleHappened": 0,
    "updateAuthority": "8Ae2AqRFnUfuE8stZm3AKRkYxiBqdpxCRPXFJ6QWL7z2",
    "usdPrice": 1.1147e-05,
    "nativePriceValue": "76.7459",
    "exchangeName": "PumpSwap",
    "exchangeAddress": "pAMMBay6oceH9fJKBRHGP5D4bD4sWpmSwMn52FMfXEA",
    "firstSwapTimestamp": "2025-06-19T12:33:38+00:00",
    "firstSwapType": "buy",
    "firstBuyerOrSeller": "97TjdjQr6vQZ6YTFZ4Ux5wPsCPGjNHTbURmJGsJdxdry",
    "firstTradeValueUsd": 14.476767904,
    "label": 63
}