{
    "mint": "656iWXiQBEdDSZRW8ovTCUfTgDP62yD72weov6gppump",
    "name": "elon",
    "symbol": "Elon",
    "decimals": "6",
    "totalSupply": "999997575533217",
    "totalSupplyFormatted": "999997575.533217",
    "sellerFeeBasisPoints": 0,
    "isMutable": true,
    "primarySaleHappened": 0,
    "updateAuthority": "12dq2fcqAJbzehfRJZANz3V1UhkGZ9QUb5wt5PodybsN",
    "usdPrice": 1.334572183,
    "nativePriceValue": "6747016",
    "exchangeName": "PumpSwap",
    "exchangeAddress": "pAMMBay6oceH9fJKBRHGP5D4bD4sWpmSwMn52FMfXEA",
    "firstSwapTimestamp": "2025-06-28T11:02:28+00:00",
    "firstSwapType": "buy",
    "firstBuyerOrSeller": "AxqvtnkbjRbmh1c978f6pQK6pWKVEivpAGjLGQ5Ydqz1",
    "firstTradeValueUsd": 167.709061238,
    "label": 67
}