{
    "mint": "GdjebTj6mGSNKJuLVBk5x4KYcvWvL4jQ1r5DbuSVpump",
    "name": "GMSHOT",
    "symbol": "GMSHOT",
    "decimals": "6",
    "totalSupply": "999997150775410",
    "totalSupplyFormatted": "999997150.77541",
    "sellerFeeBasisPoints": 0,
    "isMutable": true,
    "primarySaleHappened": 0,
    "updateAuthority": "4tnWitDZhPgyxZUaKK26P6D9EVQX5Q2Wfg3ckC6ctkWg",
    "usdPrice": 3.8283e-05,
    "nativePriceValue": "257",
    "exchangeName": "PumpSwap",
    "exchangeAddress": "pAMMBay6oceH9fJKBRHGP5D4bD4sWpmSwMn52FMfXEA",
    "firstSwapTimestamp": "2025-07-02T13:02:42+00:00",
    "firstSwapType": "buy",
    "firstBuyerOrSeller": "EzxZVDUSU8DiRHhyyEJoowxwYGyQZFMyqavcW3jhwKfJ",
    "firstTradeValueUsd": 1.479320455,
    "label": 63
}