{
    "mint": "ePUVf3zCYMa7ETVeWwEV3yoB2ZRdfmYN4ns9qBnpump",
    "name": "Large Media Conglomerate",
    "symbol": "LMC",
    "decimals": "6",
    "totalSupply": "2019761081902",
    "totalSupplyFormatted": "2019761.081902",
    "sellerFeeBasisPoints": 0,
    "isMutable": false,
    "primarySaleHappened": 0,
    "updateAuthority": "8ZjfyG6eY5AaeVTV8FtTT8DmyCqdaF21KWRmsZfsS9wX",
    "usdPrice": 2.7966e-09,
    "nativePriceValue": "0.0196",
    "exchangeName": "PumpSwap",
    "exchangeAddress": "pAMMBay6oceH9fJKBRHGP5D4bD4sWpmSwMn52FMfXEA",
    "firstSwapTimestamp": "2025-06-21T05:21:34+00:00",
    "firstSwapType": "buy",
    "firstBuyerOrSeller": "cakewAiZcEFuE3YjRd6KzBVqdpykNCZupJxdft7u5vW",
    "firstTradeValueUsd": 0.008971715,
    "label": 66
}