{
    "mint": "BWtUhtqAhGsfrFwEoFdySB65kUsoG62NfPy9s6Qfpump",
    "name": "Bombcoin",
    "symbol": "BOMBCOIN",
    "decimals": "6",
    "totalSupply": "999999634924384",
    "totalSupplyFormatted": "999999634.924384",
    "sellerFeeBasisPoints": 0,
    "isMutable": true,
    "primarySaleHappened": 0,
    "updateAuthority": "3ubbCAVaR2jbtUdcj2to5WuZ6tUWZvzczDiZECXoBPJR",
    "usdPrice": 0.000145086,
    "nativePriceValue": "1084",
    "exchangeName": "PumpSwap",
    "exchangeAddress": "pAMMBay6oceH9fJKBRHGP5D4bD4sWpmSwMn52FMfXEA",
    "firstSwapTimestamp": "2025-06-22T11:06:42+00:00",
    "firstSwapType": "buy",
    "firstBuyerOrSeller": "5M1ogcHpMJPWwcuKmrmZB2Z4UtbTnSFyBtv7bgRkm2pv",
    "firstTradeValueUsd": 13.317876899,
    "label": 63
}