{
    "mint": "9Fx88eAcuoHnLD8BGwNTEbLNGXBankJPzPC2Z8nGpump",
    "name": "chill in vest",
    "symbol": "invest",
    "decimals": "6",
    "totalSupply": "999994810615251",
    "totalSupplyFormatted": "999994810.615251",
    "sellerFeeBasisPoints": 0,
    "isMutable": true,
    "primarySaleHappened": 0,
    "updateAuthority": "A2WYq8fpBM12cRNqy3gDeXPT91ssKNBhETCWrgbM2Lmf",
    "usdPrice": 0.000159811,
    "nativePriceValue": "1046",
    "exchangeName": "PumpSwap",
    "exchangeAddress": "pAMMBay6oceH9fJKBRHGP5D4bD4sWpmSwMn52FMfXEA",
    "firstSwapTimestamp": "2025-07-03T23:08:16+00:00",
    "firstSwapType": "buy",
    "firstBuyerOrSeller": "2jYSccZUuXM4TY2y2641PB5zV65BSqjkfshWukL8QPkP",
    "firstTradeValueUsd": 1.527516459,
    "label": 62
}