{
    "mint": "7WKTQSZFHF7itARFxrapBtrXCjT571aaWdkFXg3Bpump",
    "name": "\u2705TESLA AI",
    "symbol": "TESLA",
    "decimals": "6",
    "totalSupply": "999715942050023",
    "totalSupplyFormatted": "999715942.050023",
    "sellerFeeBasisPoints": 0,
    "isMutable": true,
    "primarySaleHappened": 0,
    "updateAuthority": "BxZU6uC56DXGYF3Eo7Qkx7bmWhLkXs8qFf8HgjTN18uF",
    "usdPrice": 4.7535e-05,
    "nativePriceValue": "312",
    "exchangeName": "PumpSwap",
    "exchangeAddress": "pAMMBay6oceH9fJKBRHGP5D4bD4sWpmSwMn52FMfXEA",
    "firstSwapTimestamp": "2025-06-15T17:41:12+00:00",
    "firstSwapType": "buy",
    "firstBuyerOrSeller": "6F4AScLf1fRh6FUyuqpBLdF9cWZ1HmjnvyxwcGKxizgw",
    "firstTradeValueUsd": 15.199275311,
    "label": 63
}