{
    "mint": "8NXs1gEuQrg1b3JVEZMbWRtP4QgKRsFM5VNUaW8Ppump",
    "name": "WRONG SIDE OF JOURNALISM",
    "symbol": "WSJ",
    "decimals": "6",
    "totalSupply": "999834172130336",
    "totalSupplyFormatted": "999834172.130336",
    "sellerFeeBasisPoints": 0,
    "isMutable": true,
    "primarySaleHappened": 0,
    "updateAuthority": "J5ZTqLpxCw9S5MHnJt6eFTFKfsnG1rKgStb3bxD8Xft3",
    "usdPrice": 5.6187e-05,
    "nativePriceValue": "378",
    "exchangeName": "PumpSwap",
    "exchangeAddress": "pAMMBay6oceH9fJKBRHGP5D4bD4sWpmSwMn52FMfXEA",
    "firstSwapTimestamp": "2025-06-18T05:03:07+00:00",
    "firstSwapType": "buy",
    "firstBuyerOrSeller": "DnvRApke4JvZK8jrS56ro34uEdcDXsFkdCRXMpRrsNhH",
    "firstTradeValueUsd": 14.834027849,
    "label": 63
}