{
    "mint": "BG78xYoV7CsnSbrNC75uqzcv7j2jSVuTGgbHza6pump",
    "name": "After Party",
    "symbol": "Solana",
    "decimals": "6",
    "totalSupply": "8864743308125",
    "totalSupplyFormatted": "8864743.308125",
    "sellerFeeBasisPoints": 0,
    "isMutable": false,
    "primarySaleHappened": 0,
    "updateAuthority": "H2G6uQHyM6Y51XgAXuRQ56iej6S7CsLZAiS5AnGPv7Uw",
    "usdPrice": 5.567e-06,
    "nativePriceValue": "37.8059",
    "exchangeName": "PumpSwap",
    "exchangeAddress": "pAMMBay6oceH9fJKBRHGP5D4bD4sWpmSwMn52FMfXEA",
    "firstSwapTimestamp": "2025-07-06T05:02:54+00:00",
    "firstSwapType": "buy",
    "firstBuyerOrSeller": "H2G6uQHyM6Y51XgAXuRQ56iej6S7CsLZAiS5AnGPv7Uw",
    "firstTradeValueUsd": 1.46e-07,
    "label": 63
}