{
    "mint": "4SM5cWDMVp1S7Lnpc1zoyvJRJLz3SBWgQGpVpGy9pump",
    "name": "fartcoin cash",
    "symbol": "fartcash",
    "decimals": "6",
    "totalSupply": "999999132977269",
    "totalSupplyFormatted": "999999132.977269",
    "sellerFeeBasisPoints": 0,
    "isMutable": true,
    "primarySaleHappened": 0,
    "updateAuthority": "6doQsK8SwSwie7ZqLwYndLaunwQVyXUs6C1qdD5dmGvr",
    "usdPrice": 0.000212643,
    "nativePriceValue": "1491",
    "exchangeName": "PumpSwap",
    "exchangeAddress": "pAMMBay6oceH9fJKBRHGP5D4bD4sWpmSwMn52FMfXEA",
    "firstSwapTimestamp": "2025-06-27T20:01:58+00:00",
    "firstSwapType": "buy",
    "firstBuyerOrSeller": "2jYSccZUuXM4TY2y2641PB5zV65BSqjkfshWukL8QPkP",
    "firstTradeValueUsd": 1.414514768,
    "label": 63
}