{
    "mint": "9ufbVCocEkip1oaPkTsMSqs7huyzi2VLvrZHhweipump",
    "name": "Threat to turn",
    "symbol": "TTRN",
    "decimals": "6",
    "totalSupply": "999969756908906",
    "totalSupplyFormatted": "999969756.908906",
    "sellerFeeBasisPoints": 0,
    "isMutable": true,
    "primarySaleHappened": 0,
    "updateAuthority": "Ae8UpUNFdfxp1enA8MVqg92jDgKJaQ4yeYmC1a8vebuR",
    "usdPrice": 5.7687e-05,
    "nativePriceValue": "388",
    "exchangeName": "PumpSwap",
    "exchangeAddress": "pAMMBay6oceH9fJKBRHGP5D4bD4sWpmSwMn52FMfXEA",
    "firstSwapTimestamp": "2025-07-01T13:42:34+00:00",
    "firstSwapType": "buy",
    "firstBuyerOrSeller": "76NMKsKmTf4p93tik1rjsFZY8LTRbD6zwsbMqZhKZDAP",
    "firstTradeValueUsd": 0.83950809,
    "label": 65
}