{
    "mint": "9QXwsFSmCKojWATPPuA1CqkNxDi9irrXceX5c7Hpump",
    "name": "usuckdick",
    "symbol": "USD",
    "decimals": "6",
    "totalSupply": "80577622540",
    "totalSupplyFormatted": "80577.62254",
    "sellerFeeBasisPoints": 0,
    "isMutable": false,
    "primarySaleHappened": 0,
    "updateAuthority": "DgYmcjnbGSAnfUnhw3exf4X56NcsFQoA2yiGnJaMPVut",
    "usdPrice": 2.85711e-08,
    "nativePriceValue": "0.1749",
    "exchangeName": "PumpSwap",
    "exchangeAddress": "pAMMBay6oceH9fJKBRHGP5D4bD4sWpmSwMn52FMfXEA",
    "firstSwapTimestamp": "2025-06-17T10:06:54+00:00",
    "firstSwapType": "buy",
    "firstBuyerOrSeller": "5iywveQKkidqPDKt2CExJcWKex2EXz9kbGcYiZvhuXWs",
    "firstTradeValueUsd": 0.01508452,
    "label": 65
}