{
    "mint": "B33CZKTG8Mn7CR6zwdAUBBxEoKfaDxhtJnXuNdhHpump",
    "name": "ChudHouse",
    "symbol": "ChudHouse",
    "decimals": "6",
    "totalSupply": "999853447203836",
    "totalSupplyFormatted": "999853447.203836",
    "sellerFeeBasisPoints": 0,
    "isMutable": true,
    "primarySaleHappened": 0,
    "updateAuthority": "D5KFkJtdFzPC2UBLixavP8CWhAPuUnDxj828TLU2Xw9s",
    "usdPrice": 4.0132e-05,
    "nativePriceValue": "274",
    "exchangeName": "PumpSwap",
    "exchangeAddress": "pAMMBay6oceH9fJKBRHGP5D4bD4sWpmSwMn52FMfXEA",
    "firstSwapTimestamp": "2025-06-15T04:52:13+00:00",
    "firstSwapType": "buy",
    "firstBuyerOrSeller": "Gd4w6EZcbYRC9K8ofXqpeagNCAKYdQLfsNPeRnH1wR3C",
    "firstTradeValueUsd": 14.583873086,
    "label": 63
}