{
    "mint": "5RQMdwRVfiZnFrAECqJdeEnMKdnnZprgi31yXoW6pump",
    "name": "Alon",
    "symbol": "Alon",
    "decimals": "6",
    "totalSupply": "581139599301",
    "totalSupplyFormatted": "581139.599301",
    "sellerFeeBasisPoints": 0,
    "isMutable": false,
    "primarySaleHappened": 0,
    "updateAuthority": "21VZnqMxzujzai7gLtj6BGJqAFoiFsroaAvVh4tp35Vm",
    "usdPrice": 9.664e-06,
    "nativePriceValue": "65.6793",
    "exchangeName": "PumpSwap",
    "exchangeAddress": "pAMMBay6oceH9fJKBRHGP5D4bD4sWpmSwMn52FMfXEA",
    "firstSwapTimestamp": "2025-07-06T02:39:28+00:00",
    "firstSwapType": "buy",
    "firstBuyerOrSeller": "21VZnqMxzujzai7gLtj6BGJqAFoiFsroaAvVh4tp35Vm",
    "firstTradeValueUsd": 1.46e-07,
    "label": 64
}