{
    "mint": "6ochQptd8P6nuBjZtcw8rjMxN8QZ9vHZbKf3j6JFpump",
    "name": "dOg",
    "symbol": "dOg",
    "decimals": "6",
    "totalSupply": "999999246165458",
    "totalSupplyFormatted": "999999246.165458",
    "sellerFeeBasisPoints": 0,
    "isMutable": true,
    "primarySaleHappened": 0,
    "updateAuthority": "HFLksyezKCrtaPd8vbWFPsUPf2gLCw39AaSahWEYuN9d",
    "usdPrice": 7.9615e-05,
    "nativePriceValue": "525",
    "exchangeName": "PumpSwap",
    "exchangeAddress": "pAMMBay6oceH9fJKBRHGP5D4bD4sWpmSwMn52FMfXEA",
    "firstSwapTimestamp": "2025-06-29T15:06:51+00:00",
    "firstSwapType": "buy",
    "firstBuyerOrSeller": "J4hwdKjnqW98fHKJYH3BwByEB1dJt4rEdw5XFDoopkmg",
    "firstTradeValueUsd": 81.685068096,
    "label": 62
}