{
    "mint": "BR8hNzXuL4FjXSz7hGxrtzEYNYn4DZLQVhKUcUzNpump",
    "name": "pwease unban",
    "symbol": "pwease",
    "decimals": "6",
    "totalSupply": "999949682903050",
    "totalSupplyFormatted": "999949682.90305",
    "sellerFeeBasisPoints": 0,
    "isMutable": true,
    "primarySaleHappened": 0,
    "updateAuthority": "CU6LrxqZax8wcXw9FCRTNevhkq2LrJoDGzTRSZicPFq6",
    "usdPrice": 2.9059e-05,
    "nativePriceValue": "184",
    "exchangeName": "PumpSwap",
    "exchangeAddress": "pAMMBay6oceH9fJKBRHGP5D4bD4sWpmSwMn52FMfXEA",
    "firstSwapTimestamp": "2025-06-16T20:27:21+00:00",
    "firstSwapType": "buy",
    "firstBuyerOrSeller": "5dnFxM648UQpBTonstiBE1HWZaVG49Cv3yuNhX6Y1nFU",
    "firstTradeValueUsd": 15.659363558,
    "label": 82
}