{
    "mint": "J1VboxGpgovLCA1Nw9zzqhVctiNR31caKeVvB2fMpump",
    "name": "TrenchesCycle",
    "symbol": "PumpCycle",
    "decimals": "6",
    "totalSupply": "999994334819793",
    "totalSupplyFormatted": "999994334.819793",
    "sellerFeeBasisPoints": 0,
    "isMutable": true,
    "primarySaleHappened": 0,
    "updateAuthority": "5yQPqscfBeTkfH9PRiiLqJ6QtVUeUvs1xCtxMu2xksdm",
    "usdPrice": 0.000143468,
    "nativePriceValue": "1060",
    "exchangeName": "PumpSwap",
    "exchangeAddress": "pAMMBay6oceH9fJKBRHGP5D4bD4sWpmSwMn52FMfXEA",
    "firstSwapTimestamp": "2025-06-22T01:15:24+00:00",
    "firstSwapType": "buy",
    "firstBuyerOrSeller": "GcaceTEdMNGiNwVypmdehHuTzrQjFnPDgbeJCDiTpzvT",
    "firstTradeValueUsd": 1.227637613,
    "label": 81
}