{
    "mint": "B9BFdxpACpM7r5hCBqh6duJevKDyAmi4kv35xa8Zpump",
    "name": "Usa vs Iran",
    "symbol": "UVI",
    "decimals": "6",
    "totalSupply": "999821892755623",
    "totalSupplyFormatted": "999821892.755623",
    "sellerFeeBasisPoints": 0,
    "isMutable": true,
    "primarySaleHappened": 0,
    "updateAuthority": "Bx9fKuteCZPfD8ZqNL89kzoYiYLWvtZwhWUR5VnYFEaR",
    "usdPrice": 8.6892e-05,
    "nativePriceValue": "596",
    "exchangeName": "PumpSwap",
    "exchangeAddress": "pAMMBay6oceH9fJKBRHGP5D4bD4sWpmSwMn52FMfXEA",
    "firstSwapTimestamp": "2025-06-25T08:34:59+00:00",
    "firstSwapType": "buy",
    "firstBuyerOrSeller": "FWMVpoQYQGwi3kAddqHbSXesnmNtys1VqmsA3ZJoBcAQ",
    "firstTradeValueUsd": 1.450727979,
    "label": 63
}