{
    "mint": "9LpNBuM7yhW4nRDca7NBey6rooyFhAsJFqeP7gxApump",
    "name": "KekiusSoftmaxius",
    "symbol": "KSM",
    "decimals": "6",
    "totalSupply": "263647065168",
    "totalSupplyFormatted": "263647.065168",
    "sellerFeeBasisPoints": 0,
    "isMutable": true,
    "primarySaleHappened": 0,
    "updateAuthority": "BcoUvPakdewbG7rKRU6s3VAZtVGVUgL5qQjmkYgD6Pm6",
    "usdPrice": 0.00013381,
    "nativePriceValue": "1010",
    "exchangeName": "PumpSwap",
    "exchangeAddress": "pAMMBay6oceH9fJKBRHGP5D4bD4sWpmSwMn52FMfXEA",
    "firstSwapTimestamp": "2025-06-22T23:21:25+00:00",
    "firstSwapType": "buy",
    "firstBuyerOrSeller": "KWq7esvBkhAh6TP6iDb1LtGPhQbTN76L6iN3p5Dd81E",
    "firstTradeValueUsd": 41.612056479,
    "label": 65
}