{
    "mint": "2ffPGJoF4Zt5sbxcmLuvA8dDSj8PirNRbpmfZXgvpump",
    "name": "ethereham",
    "symbol": "ethereham",
    "decimals": "6",
    "totalSupply": "999707459509707",
    "totalSupplyFormatted": "999707459.509707",
    "sellerFeeBasisPoints": 0,
    "isMutable": true,
    "primarySaleHappened": 0,
    "updateAuthority": "893xMNn4FJFLkSmszH8a85JfHYiMtfaTXD74LJBbYWty",
    "usdPrice": 2.5994e-05,
    "nativePriceValue": "178",
    "exchangeName": "PumpSwap",
    "exchangeAddress": "pAMMBay6oceH9fJKBRHGP5D4bD4sWpmSwMn52FMfXEA",
    "firstSwapTimestamp": "2025-06-25T01:20:58+00:00",
    "firstSwapType": "buy",
    "firstBuyerOrSeller": "FWMVpoQYQGwi3kAddqHbSXesnmNtys1VqmsA3ZJoBcAQ",
    "firstTradeValueUsd": 1.449163815,
    "label": 63
}