{
    "mint": "CvbqhjAN73JVCy1nwBSwjRDhsRecvYqF84qFEewNpump",
    "name": "HAMANEYCOIN",
    "symbol": "Hamaney",
    "decimals": "6",
    "totalSupply": "999948007060654",
    "totalSupplyFormatted": "999948007.060654",
    "sellerFeeBasisPoints": 0,
    "isMutable": true,
    "primarySaleHappened": 0,
    "updateAuthority": "9UwynA858VgJbvnYCk6EGb82yo6wCdEmMnxH4JoXEyaQ",
    "usdPrice": 6.7005e-05,
    "nativePriceValue": "478",
    "exchangeName": "PumpSwap",
    "exchangeAddress": "pAMMBay6oceH9fJKBRHGP5D4bD4sWpmSwMn52FMfXEA",
    "firstSwapTimestamp": "2025-06-27T02:06:50+00:00",
    "firstSwapType": "buy",
    "firstBuyerOrSeller": "CaEwnyeJTRfBzWt6d91PJHQUgHonVxa1CpAL8htiNqYe",
    "firstTradeValueUsd": 2.041334964,
    "label": 63
}