{
    "mint": "7mLhhtq3ZKFdw7StQrNTdvQaT5MDHihEF4JLbTC7pump",
    "name": "Top Secret Fart Technology",
    "symbol": "FARTTECH",
    "decimals": "6",
    "totalSupply": "999999993443129",
    "totalSupplyFormatted": "999999993.443129",
    "sellerFeeBasisPoints": 0,
    "isMutable": true,
    "primarySaleHappened": 0,
    "updateAuthority": "A13cZ7Ru8MYdQ5yxvJmYi3GEqFbwtQzbV1gAt39fGMjn",
    "usdPrice": 0.000100968,
    "nativePriceValue": "687",
    "exchangeName": "PumpSwap",
    "exchangeAddress": "pAMMBay6oceH9fJKBRHGP5D4bD4sWpmSwMn52FMfXEA",
    "firstSwapTimestamp": "2025-06-15T12:13:30+00:00",
    "firstSwapType": "buy",
    "firstBuyerOrSeller": "97TjdjQr6vQZ6YTFZ4Ux5wPsCPGjNHTbURmJGsJdxdry",
    "firstTradeValueUsd": 14.647393764,
    "label": 63
}