{
    "mint": "uqnace3ja8DrCE6MeHwrhctPcsUg74dnA9gZcAypump",
    "name": "FART",
    "symbol": "FART",
    "decimals": "6",
    "totalSupply": "3960370600",
    "totalSupplyFormatted": "3960.3706",
    "sellerFeeBasisPoints": 0,
    "isMutable": false,
    "primarySaleHappened": 0,
    "updateAuthority": "AHdEAzn7VakVUa4j1MziaVsbbmjrDks5mc7qALcgRw7P",
    "usdPrice": 5.446e-06,
    "nativePriceValue": "33.6187",
    "exchangeName": "PumpSwap",
    "exchangeAddress": "pAMMBay6oceH9fJKBRHGP5D4bD4sWpmSwMn52FMfXEA",
    "firstSwapTimestamp": "2025-06-15T11:42:52+00:00",
    "firstSwapType": "buy",
    "firstBuyerOrSeller": "cakewAiZcEFuE3YjRd6KzBVqdpykNCZupJxdft7u5vW",
    "firstTradeValueUsd": 0.011647273,
    "label": 42
}