{
    "mint": "GgrbZ5Jskjj7TBKqwjEHh6bi8s36uBYWKtC4jWv6pump",
    "name": "Incum",
    "symbol": "Incum",
    "decimals": "6",
    "totalSupply": "999960337944704",
    "totalSupplyFormatted": "999960337.944704",
    "sellerFeeBasisPoints": 0,
    "isMutable": true,
    "primarySaleHappened": 0,
    "updateAuthority": "516Hqea8kJEHYZKhcs72oddoGhSfrZtZvRmcpr4Dzxq",
    "usdPrice": 0.000153888,
    "nativePriceValue": "1028",
    "exchangeName": "PumpSwap",
    "exchangeAddress": "pAMMBay6oceH9fJKBRHGP5D4bD4sWpmSwMn52FMfXEA",
    "firstSwapTimestamp": "2025-06-17T11:43:23+00:00",
    "firstSwapType": "buy",
    "firstBuyerOrSeller": "2jYSccZUuXM4TY2y2641PB5zV65BSqjkfshWukL8QPkP",
    "firstTradeValueUsd": 1.501534239,
    "label": 67
}