{
    "mint": "5yj6JxTXgQeiX9THR25fTABd4F4YAp3AhZvkzBGvpump",
    "name": "MORI DOG BASKERVILLES",
    "symbol": "MORI DOG",
    "decimals": "6",
    "totalSupply": "999827013728449",
    "totalSupplyFormatted": "999827013.728449",
    "sellerFeeBasisPoints": 0,
    "isMutable": true,
    "primarySaleHappened": 0,
    "updateAuthority": "suRb1KGdcJ84nKg1kdeRmY5njNt32EdDfpdKtotFHNk",
    "usdPrice": 3.1831e-05,
    "nativePriceValue": "204",
    "exchangeName": "PumpSwap",
    "exchangeAddress": "pAMMBay6oceH9fJKBRHGP5D4bD4sWpmSwMn52FMfXEA",
    "firstSwapTimestamp": "2025-06-30T18:40:18+00:00",
    "firstSwapType": "buy",
    "firstBuyerOrSeller": "4K1mRxrnV7t5ZHMs5x4QDzZJgh3QL4LZwcKfna4ydBZc",
    "firstTradeValueUsd": 0.93091687,
    "label": 69
}