{
    "mint": "v5k4mqn4GF3ZPSMHin1zKUbwFp3o521MSJgBXSepump",
    "name": "Unstable Peacemaker Coin",
    "symbol": "UPC",
    "decimals": "6",
    "totalSupply": "1028925823659",
    "totalSupplyFormatted": "1028925.823659",
    "sellerFeeBasisPoints": 0,
    "isMutable": false,
    "primarySaleHappened": 0,
    "updateAuthority": "6mZ9feXaacvsA9K66DtPaaCEDMYZUxxNvngw88CoBqqn",
    "usdPrice": 8.04e-10,
    "nativePriceValue": "0.00497558",
    "exchangeName": "PumpSwap",
    "exchangeAddress": "pAMMBay6oceH9fJKBRHGP5D4bD4sWpmSwMn52FMfXEA",
    "firstSwapTimestamp": "2025-06-23T21:26:50+00:00",
    "firstSwapType": "buy",
    "firstBuyerOrSeller": "cakewAiZcEFuE3YjRd6KzBVqdpykNCZupJxdft7u5vW",
    "firstTradeValueUsd": 0.009042491,
    "label": 46
}