{
    "mint": "C2dyStgiqPsreVDAFsYv1upnZQxZY9nsCtRtsnvCpump",
    "name": "matrix",
    "symbol": "MATRIX",
    "decimals": "6",
    "totalSupply": "999866830125606",
    "totalSupplyFormatted": "999866830.125606",
    "sellerFeeBasisPoints": 0,
    "isMutable": true,
    "primarySaleHappened": 0,
    "updateAuthority": "FztDboWLDpGsaQRKm96HPYQ12REcv6CxdoUDcLS2zJw7",
    "usdPrice": 3.0077e-05,
    "nativePriceValue": "225",
    "exchangeName": "PumpSwap",
    "exchangeAddress": "pAMMBay6oceH9fJKBRHGP5D4bD4sWpmSwMn52FMfXEA",
    "firstSwapTimestamp": "2025-06-22T12:10:10+00:00",
    "firstSwapType": "buy",
    "firstBuyerOrSeller": "DKRnc6pkhoat5rzVCWnZWi6RWKuPXCPQq14oaDXC9c7b",
    "firstTradeValueUsd": 1.333964444,
    "label": 63
}