{
    "mint": "rDux1sKr7oWM7LR4ScsQnWyTqpvvp1sTEZUjLAipump",
    "name": "Koru",
    "symbol": "KORU",
    "decimals": "6",
    "totalSupply": "1570023196638",
    "totalSupplyFormatted": "1570023.196638",
    "sellerFeeBasisPoints": 0,
    "isMutable": false,
    "primarySaleHappened": 0,
    "updateAuthority": "HoTAtReWUJrreqBWjxTu2F48MCQyYxUJa2b4Hgru4TdD",
    "usdPrice": 5.616e-06,
    "nativePriceValue": "34.7677",
    "exchangeName": "PumpSwap",
    "exchangeAddress": "pAMMBay6oceH9fJKBRHGP5D4bD4sWpmSwMn52FMfXEA",
    "firstSwapTimestamp": "2025-06-27T17:33:33+00:00",
    "firstSwapType": "buy",
    "firstBuyerOrSeller": "27HFmP7ccLadGswvQfvea4o3juLw75cPF4V6jWpHM3MX",
    "firstTradeValueUsd": 0.014887151,
    "label": 63
}