{
    "mint": "GNhGWXfv9KbBsp8jaiXnnQjTn6pfC6hZgK1GAFmYpump",
    "name": "Large Launchpad Launchpad",
    "symbol": "LLL",
    "decimals": "6",
    "totalSupply": "1111234236258",
    "totalSupplyFormatted": "1111234.236258",
    "sellerFeeBasisPoints": 0,
    "isMutable": false,
    "primarySaleHappened": 0,
    "updateAuthority": "EaKgSJ5YFFzbyyRZaN8XnAFoW9nmerJyQueNxoWh6QnG",
    "usdPrice": 9.794e-06,
    "nativePriceValue": "64.3665",
    "exchangeName": "PumpSwap",
    "exchangeAddress": "pAMMBay6oceH9fJKBRHGP5D4bD4sWpmSwMn52FMfXEA",
    "firstSwapTimestamp": "2025-07-04T06:41:20+00:00",
    "firstSwapType": "buy",
    "firstBuyerOrSeller": "EaKgSJ5YFFzbyyRZaN8XnAFoW9nmerJyQueNxoWh6QnG",
    "firstTradeValueUsd": 1.52e-07,
    "label": 65
}