{
    "mint": "nCsMb7TyUujitQBmubWs3yeXyH7wLn1o5m8BUEepump",
    "name": "1st Wif Hat meme from 2007",
    "symbol": "LWH",
    "decimals": "6",
    "totalSupply": "194204162840",
    "totalSupplyFormatted": "194204.16284",
    "sellerFeeBasisPoints": 0,
    "isMutable": false,
    "primarySaleHappened": 0,
    "updateAuthority": "6dQ9FZ9opZ9oQFKAW4rtrZCPLYutFL3pp6f45G2E5JWQ",
    "usdPrice": 1.178e-06,
    "nativePriceValue": "7.2848",
    "exchangeName": "PumpSwap",
    "exchangeAddress": "pAMMBay6oceH9fJKBRHGP5D4bD4sWpmSwMn52FMfXEA",
    "firstSwapTimestamp": "2025-06-20T08:00:09+00:00",
    "firstSwapType": "buy",
    "firstBuyerOrSeller": "27HFmP7ccLadGswvQfvea4o3juLw75cPF4V6jWpHM3MX",
    "firstTradeValueUsd": 0.015490995,
    "label": 52
}