{
    "mint": "HtWVzzJCHbMNsf3QtkhtJLgk4yUsiCbGF4AxoeTXpump",
    "name": "FURN",
    "symbol": "FURN",
    "decimals": "6",
    "totalSupply": "999999733840830",
    "totalSupplyFormatted": "999999733.84083",
    "sellerFeeBasisPoints": 0,
    "isMutable": true,
    "primarySaleHappened": 0,
    "updateAuthority": "9Fx59UmkxXgjhjmtmzYzURB13QDKmpXdPh1MxmrrR48w",
    "usdPrice": 0.00013527,
    "nativePriceValue": "880",
    "exchangeName": "PumpSwap",
    "exchangeAddress": "pAMMBay6oceH9fJKBRHGP5D4bD4sWpmSwMn52FMfXEA",
    "firstSwapTimestamp": "2025-07-02T20:01:50+00:00",
    "firstSwapType": "buy",
    "firstBuyerOrSeller": "9bHBfnrJ2gro41BqdKx6ebPD5Cf74UyWf3kfD5FceJi1",
    "firstTradeValueUsd": 1.522842453,
    "label": 63
}