{
    "mint": "5Y7eCVrcrTFnSG4F6LEpsrEvxBfAct7gbtLNxmCZpump",
    "name": "This is a Fair Launch coin",
    "symbol": "FairLaunch",
    "decimals": "6",
    "totalSupply": "567436062158",
    "totalSupplyFormatted": "567436.062158",
    "sellerFeeBasisPoints": 0,
    "isMutable": false,
    "primarySaleHappened": 0,
    "updateAuthority": "6PMJqnWxcx8evZyLx6qcwT233RATPqDWmimaeBGyqEAt",
    "usdPrice": 9.778e-06,
    "nativePriceValue": "61.2762",
    "exchangeName": "PumpSwap",
    "exchangeAddress": "pAMMBay6oceH9fJKBRHGP5D4bD4sWpmSwMn52FMfXEA",
    "firstSwapTimestamp": "2025-07-12T13:48:54+00:00",
    "firstSwapType": "buy",
    "firstBuyerOrSeller": "6PMJqnWxcx8evZyLx6qcwT233RATPqDWmimaeBGyqEAt",
    "firstTradeValueUsd": 1.58e-07,
    "label": 63
}