{
    "mint": "G721e4Dzh9WGq4FRQcWuS2wis7Pnzdc1G8JU2hZqpump",
    "name": "Just A Chill Mice",
    "symbol": "CHILLMICE",
    "decimals": "6",
    "totalSupply": "999929763489599",
    "totalSupplyFormatted": "999929763.489599",
    "sellerFeeBasisPoints": 0,
    "isMutable": true,
    "primarySaleHappened": 0,
    "updateAuthority": "CYR1C6z2cCW3FcrFepQLAme8SxyB8So4EDdtdYg3QU1z",
    "usdPrice": 6.1641e-05,
    "nativePriceValue": "435",
    "exchangeName": "PumpSwap",
    "exchangeAddress": "pAMMBay6oceH9fJKBRHGP5D4bD4sWpmSwMn52FMfXEA",
    "firstSwapTimestamp": "2025-06-27T09:10:20+00:00",
    "firstSwapType": "buy",
    "firstBuyerOrSeller": "HJKLfCjKoL4639MKxbnZ5pVCeu9niKQceXTuWj2fyutN",
    "firstTradeValueUsd": 0.989605509,
    "label": 79
}