{
    "mint": "5YySadkS3KiUYtaxzEce9iETMXE7vMNPbCekSGDVpump",
    "name": "shadow",
    "symbol": "shadow",
    "decimals": "6",
    "totalSupply": "999969667503546",
    "totalSupplyFormatted": "999969667.503546",
    "sellerFeeBasisPoints": 0,
    "isMutable": true,
    "primarySaleHappened": 0,
    "updateAuthority": "CTEemaH9YSGA3NZGzmrhzf7YZ4bVT4A9hZTVizE7j55i",
    "usdPrice": 4.7088e-05,
    "nativePriceValue": "309",
    "exchangeName": "PumpSwap",
    "exchangeAddress": "pAMMBay6oceH9fJKBRHGP5D4bD4sWpmSwMn52FMfXEA",
    "firstSwapTimestamp": "2025-06-29T17:59:46+00:00",
    "firstSwapType": "buy",
    "firstBuyerOrSeller": "76NMKsKmTf4p93tik1rjsFZY8LTRbD6zwsbMqZhKZDAP",
    "firstTradeValueUsd": 0.704696801,
    "label": 68
}