{
    "mint": "Gyyb6b4aGM9PLkpXyKu5X9HsSiquGBiEzAnMxhFpump",
    "name": "Trump vs Trump",
    "symbol": "TVT",
    "decimals": "6",
    "totalSupply": "78880644663",
    "totalSupplyFormatted": "78880.644663",
    "sellerFeeBasisPoints": 0,
    "isMutable": false,
    "primarySaleHappened": 0,
    "updateAuthority": "GzwncStEke2XSXPbb165CtN1s6yMt6Uv74SmQA9HvYd9",
    "usdPrice": 6.049e-06,
    "nativePriceValue": "37.3489",
    "exchangeName": "PumpSwap",
    "exchangeAddress": "pAMMBay6oceH9fJKBRHGP5D4bD4sWpmSwMn52FMfXEA",
    "firstSwapTimestamp": "2025-06-19T22:14:09+00:00",
    "firstSwapType": "buy",
    "firstBuyerOrSeller": "4woXzDiykf2ykiWw4jTeK5ce3rcMBNm9z5FqQwoReFTg",
    "firstTradeValueUsd": 0.011689775,
    "label": 62
}