{
    "mint": "8p1P1DnUH9UuFuaKn2fPBehkvjpA1T3ebhb65CrMpump",
    "name": "Oh the Irany",
    "symbol": "IRANY",
    "decimals": "6",
    "totalSupply": "999526809567164",
    "totalSupplyFormatted": "999526809.567164",
    "sellerFeeBasisPoints": 0,
    "isMutable": true,
    "primarySaleHappened": 0,
    "updateAuthority": "72AfezeAK7rRW5Tj5v3FBG3NHPRUdw5b5SyTdEuKpZuk",
    "usdPrice": 2.6635e-05,
    "nativePriceValue": "186",
    "exchangeName": "PumpSwap",
    "exchangeAddress": "pAMMBay6oceH9fJKBRHGP5D4bD4sWpmSwMn52FMfXEA",
    "firstSwapTimestamp": "2025-06-14T20:27:14+00:00",
    "firstSwapType": "buy",
    "firstBuyerOrSeller": "FoHEAHvA2j4WXr8RM5uMQCDyJYp6vHFvt1egcSvE7EN5",
    "firstTradeValueUsd": 14.216184302,
    "label": 76
}