{
    "mint": "tVq9pscjDjSyiTWkL5jUQ951Xp4vRWwqGNTDZNSpump",
    "name": "fartbunker",
    "symbol": "fartbunker",
    "decimals": "6",
    "totalSupply": "2047906304374",
    "totalSupplyFormatted": "2047906.304374",
    "sellerFeeBasisPoints": 0,
    "isMutable": false,
    "primarySaleHappened": 0,
    "updateAuthority": "EX9XvPDDGd8HpP48K3m5aBYy1XcSRfXdzMPok2dGdweD",
    "usdPrice": 4.81053e-08,
    "nativePriceValue": "0.2971",
    "exchangeName": "PumpSwap",
    "exchangeAddress": "pAMMBay6oceH9fJKBRHGP5D4bD4sWpmSwMn52FMfXEA",
    "firstSwapTimestamp": "2025-06-27T21:31:45+00:00",
    "firstSwapType": "buy",
    "firstBuyerOrSeller": "5iywveQKkidqPDKt2CExJcWKex2EXz9kbGcYiZvhuXWs",
    "firstTradeValueUsd": 0.014297238,
    "label": 62
}