{
    "mint": "9QucJMqq5ruPANojVmfxpm7AW8YZY4YZruPZQtcApump",
    "name": "The Third War Begins on Chain",
    "symbol": "$WW3",
    "decimals": "6",
    "totalSupply": "999999720431171",
    "totalSupplyFormatted": "999999720.431171",
    "sellerFeeBasisPoints": 0,
    "isMutable": true,
    "primarySaleHappened": 0,
    "updateAuthority": "3oSP3nimwT2U9gte5JpP6juEcQbw1GVhtkRfzGZt3gqw",
    "usdPrice": 2.4476e-05,
    "nativePriceValue": "181",
    "exchangeName": "PumpSwap",
    "exchangeAddress": "pAMMBay6oceH9fJKBRHGP5D4bD4sWpmSwMn52FMfXEA",
    "firstSwapTimestamp": "2025-06-22T03:39:30+00:00",
    "firstSwapType": "buy",
    "firstBuyerOrSeller": "5dnFxM648UQpBTonstiBE1HWZaVG49Cv3yuNhX6Y1nFU",
    "firstTradeValueUsd": 13.421870909,
    "label": 80
}