{
    "mint": "QpCuD8xweDACuA42dmHTqzvt1rRmdbf1V1KLnEnpump",
    "name": "Unipcs (aka \u2018Bonk Guy\u2019)",
    "symbol": "BONKGUY",
    "decimals": "6",
    "totalSupply": "999856988262267",
    "totalSupplyFormatted": "999856988.262267",
    "sellerFeeBasisPoints": 0,
    "isMutable": false,
    "primarySaleHappened": 0,
    "updateAuthority": "WLHv2UAZm6z4KyaaELi5pjdbJh6RESMva1Rnn8pJVVh",
    "usdPrice": 4.784e-06,
    "nativePriceValue": "23.7819",
    "exchangeName": "Raydium",
    "exchangeAddress": "CPMMoo8L3F4NbTegBCKVNunggL7H1ZpdTHKxQB5qKP1C",
    "firstSwapTimestamp": "2025-06-24T10:43:48+00:00",
    "firstSwapType": "buy",
    "firstBuyerOrSeller": "Cx3CBLZrBiAZUCz5KCidKKsPhuExmHVWrz67ymE1a3gk",
    "firstTradeValueUsd": 447.546633286,
    "label": 56
}