{
    "mint": "8Kxj1kjjjAcwG1rHPtHN6SvhsXu3rWjzCBDR2Tnrpump",
    "name": "Moonshot On Pumpfun",
    "symbol": "MOONSHOT",
    "decimals": "6",
    "totalSupply": "999974722144731",
    "totalSupplyFormatted": "999974722.144731",
    "sellerFeeBasisPoints": 0,
    "isMutable": true,
    "primarySaleHappened": 0,
    "updateAuthority": "8fd8DvKSR45W7xh8FTK39Zc3UZuDhMhbyrkUk8mJgZBs",
    "usdPrice": 6.5483e-05,
    "nativePriceValue": "433",
    "exchangeName": "PumpSwap",
    "exchangeAddress": "pAMMBay6oceH9fJKBRHGP5D4bD4sWpmSwMn52FMfXEA",
    "firstSwapTimestamp": "2025-06-28T22:56:07+00:00",
    "firstSwapType": "buy",
    "firstBuyerOrSeller": "BzQPrs33w1CxYoVNaSgahCC4N2TyHAVbWfy4v6WT3vCa",
    "firstTradeValueUsd": 15.088258966,
    "label": 62
}