{
    "mint": "CfcNEWEEDpQmtgkH3TvbvQv3ea75psKLXgXR6MyZpump",
    "name": "First Zinecoin",
    "symbol": "ZINECOIN",
    "decimals": "6",
    "totalSupply": "997986628288461",
    "totalSupplyFormatted": "997986628.288461",
    "sellerFeeBasisPoints": 0,
    "isMutable": true,
    "primarySaleHappened": 0,
    "updateAuthority": "EqDi3b4T87FWCTS5kbnMqfCddaLpTLw3Wm9L1UD171TH",
    "usdPrice": 7.5848e-05,
    "nativePriceValue": "485",
    "exchangeName": "PumpSwap",
    "exchangeAddress": "pAMMBay6oceH9fJKBRHGP5D4bD4sWpmSwMn52FMfXEA",
    "firstSwapTimestamp": "2025-06-16T10:41:52+00:00",
    "firstSwapType": "buy",
    "firstBuyerOrSeller": "DRv6TMMngRdKy8FjJnUtyjj9XxVuV6vFk4zfzGJnmPuQ",
    "firstTradeValueUsd": 15.606894308,
    "label": 64
}