{
    "mint": "J4tqXZVcxnomHa21L8x4mmspd4XZvbjNmLFhWVNpump",
    "name": "Gorbagana Chain",
    "symbol": "GOR",
    "decimals": "6",
    "totalSupply": "41869224711",
    "totalSupplyFormatted": "41869.224711",
    "sellerFeeBasisPoints": 0,
    "isMutable": false,
    "primarySaleHappened": 0,
    "updateAuthority": "E7Ua9oZT25Zjitby58K2TxJ6Fb8W81gh8kyhPF87e72L",
    "usdPrice": 4.555e-06,
    "nativePriceValue": "28.1583",
    "exchangeName": "PumpSwap",
    "exchangeAddress": "pAMMBay6oceH9fJKBRHGP5D4bD4sWpmSwMn52FMfXEA",
    "firstSwapTimestamp": "2025-06-18T23:01:59+00:00",
    "firstSwapType": "buy",
    "firstBuyerOrSeller": "27HFmP7ccLadGswvQfvea4o3juLw75cPF4V6jWpHM3MX",
    "firstTradeValueUsd": 0.015473087,
    "label": 63
}