{
    "mint": "C41eMt19UYcQVPXyHfiTzK1GwBk6szLWWVmdJ3Ypump",
    "name": "GOD BLESS ISRAEL",
    "symbol": "GBI",
    "decimals": "6",
    "totalSupply": "670016006541",
    "totalSupplyFormatted": "670016.006541",
    "sellerFeeBasisPoints": 0,
    "isMutable": false,
    "primarySaleHappened": 0,
    "updateAuthority": "EUR8ozU1DbBXhobLb7jLxbPgGsABHK2m2Tek6h5k467a",
    "usdPrice": 1.36e-07,
    "nativePriceValue": "0.8415",
    "exchangeName": "PumpSwap",
    "exchangeAddress": "pAMMBay6oceH9fJKBRHGP5D4bD4sWpmSwMn52FMfXEA",
    "firstSwapTimestamp": "2025-06-22T02:09:05+00:00",
    "firstSwapType": "buy",
    "firstBuyerOrSeller": "5iywveQKkidqPDKt2CExJcWKex2EXz9kbGcYiZvhuXWs",
    "firstTradeValueUsd": 0.0134406,
    "label": 65
}