{
    "mint": "7CKrZzNLYwAVjiGfck5VJNsZmoEhKQpAdDbJ6pQBpump",
    "name": "Rhino69",
    "symbol": "Rhino69",
    "decimals": "6",
    "totalSupply": "999908686963509",
    "totalSupplyFormatted": "999908686.963509",
    "sellerFeeBasisPoints": 0,
    "isMutable": true,
    "primarySaleHappened": 0,
    "updateAuthority": "GBs5i9QwRbBeCsiVLchJksiEMMyYk4Z1WXLXnosgJPRz",
    "usdPrice": 5.1209e-05,
    "nativePriceValue": "351",
    "exchangeName": "PumpSwap",
    "exchangeAddress": "pAMMBay6oceH9fJKBRHGP5D4bD4sWpmSwMn52FMfXEA",
    "firstSwapTimestamp": "2025-06-25T05:45:10+00:00",
    "firstSwapType": "buy",
    "firstBuyerOrSeller": "8nq1XmSpgR37cFB5fqipujxweuhCaqe2YNT3Qb4CR8Hj",
    "firstTradeValueUsd": 1.884763938,
    "label": 63
}