{
    "mint": "71SLha86BRiaKP3j7hZ5YgSVAnykV23uNZGGoP7apump",
    "name": "BABY MORI COIN",
    "symbol": "BORI",
    "decimals": "6",
    "totalSupply": "999998518573874",
    "totalSupplyFormatted": "999998518.573874",
    "sellerFeeBasisPoints": 0,
    "isMutable": true,
    "primarySaleHappened": 0,
    "updateAuthority": "G9uTeamMJZ8uFTCr2z4pAHNSzWPygvZCgzQSkx2pioPy",
    "usdPrice": 9.6727e-05,
    "nativePriceValue": "641",
    "exchangeName": "PumpSwap",
    "exchangeAddress": "pAMMBay6oceH9fJKBRHGP5D4bD4sWpmSwMn52FMfXEA",
    "firstSwapTimestamp": "2025-06-30T07:44:57+00:00",
    "firstSwapType": "buy",
    "firstBuyerOrSeller": "FE8W9kNjRr21Fkg41feu1AoaRzfTn2pJ8S83VawLsayk",
    "firstTradeValueUsd": 1.505016853,
    "label": 63
}