{
    "mint": "8sEeCYbJBYRCMopEnUBNfH5gJfCoxDKt8wNgXNiFpump",
    "name": "Launch Coin on Believe",
    "symbol": "LAUNCHCOIN",
    "decimals": "6",
    "totalSupply": "999999631404241",
    "totalSupplyFormatted": "999999631.404241",
    "sellerFeeBasisPoints": 0,
    "isMutable": true,
    "primarySaleHappened": 0,
    "updateAuthority": "3oSP3nimwT2U9gte5JpP6juEcQbw1GVhtkRfzGZt3gqw",
    "usdPrice": 0.000153359,
    "nativePriceValue": "997",
    "exchangeName": "PumpSwap",
    "exchangeAddress": "pAMMBay6oceH9fJKBRHGP5D4bD4sWpmSwMn52FMfXEA",
    "firstSwapTimestamp": "2025-07-01T03:01:43+00:00",
    "firstSwapType": "buy",
    "firstBuyerOrSeller": "EN8qS2bVqwxs2VsT12rK7qZnpKuZzcnwGgSeRhS6wfdL",
    "firstTradeValueUsd": 0.688554273,
    "label": 80
}