{
    "mint": "HptTDcouuNLRqMkTK7qzjXbFa71BqthEDdHMfeRLpump",
    "name": "Gorbagana",
    "symbol": "GOR",
    "decimals": "6",
    "totalSupply": "999999629020397",
    "totalSupplyFormatted": "999999629.020397",
    "sellerFeeBasisPoints": 0,
    "isMutable": true,
    "primarySaleHappened": 0,
    "updateAuthority": "9TsXi7YiEsP4hynSNYPsvJB5GHWVC8SkFCfVD6DpMeSS",
    "usdPrice": 0.000188068,
    "nativePriceValue": "1389",
    "exchangeName": "PumpSwap",
    "exchangeAddress": "pAMMBay6oceH9fJKBRHGP5D4bD4sWpmSwMn52FMfXEA",
    "firstSwapTimestamp": "2025-06-22T06:30:39+00:00",
    "firstSwapType": "buy",
    "firstBuyerOrSeller": "2JUU74qA5BCWSjBfggLcxMfypbzEeawqMpuhWpqV3zZn",
    "firstTradeValueUsd": 1.357293402,
    "label": 64
}