{
    "mint": "3hEUinFNAdE95CBpA3awmKuD35henNW1gnrWGMVgpump",
    "name": "FitCoin",
    "symbol": "FIT",
    "decimals": "6",
    "totalSupply": "999999999399883",
    "totalSupplyFormatted": "999999999.399883",
    "sellerFeeBasisPoints": 0,
    "isMutable": false,
    "primarySaleHappened": 0,
    "updateAuthority": "WLHv2UAZm6z4KyaaELi5pjdbJh6RESMva1Rnn8pJVVh",
    "usdPrice": 4.528e-06,
    "nativePriceValue": "27.6313",
    "exchangeName": "Raydium",
    "exchangeAddress": "LanMV9sAd7wArD4vJFi2qDdfnVhFxYSUg6eADduJ3uj",
    "firstSwapTimestamp": "2025-07-10T08:32:12+00:00",
    "firstSwapType": "buy",
    "firstBuyerOrSeller": "Gr9HhzUpubL8nJE8LejjqLB8kzCcU1zznnND9M6AW1x2",
    "firstTradeValueUsd": 139.588020782,
    "label": 29
}