{
    "mint": "74XYd3oi4YDfLFbYUq1ftFZyGecigrwFvbfkoCHspump",
    "name": "Take The",
    "symbol": "Chancecoin",
    "decimals": "6",
    "totalSupply": "999956226048461",
    "totalSupplyFormatted": "999956226.048461",
    "sellerFeeBasisPoints": 0,
    "isMutable": true,
    "primarySaleHappened": 0,
    "updateAuthority": "3MK5qJXWqN5uKkHDo3zSN7U3XJzaRVXdLaw64vLXZWEU",
    "usdPrice": 3.5436e-05,
    "nativePriceValue": "243",
    "exchangeName": "PumpSwap",
    "exchangeAddress": "pAMMBay6oceH9fJKBRHGP5D4bD4sWpmSwMn52FMfXEA",
    "firstSwapTimestamp": "2025-07-01T19:01:13+00:00",
    "firstSwapType": "buy",
    "firstBuyerOrSeller": "G8J9iRQUDJggxipJtSjgGPYMe1SzvS4N3pyuXAr5Ymse",
    "firstTradeValueUsd": 68.777047992,
    "label": 63
}