{
    "mint": "UiobSpxXzYVzFJ6byaKZ5z3m6L367vkfkkpjySdpump",
    "name": "The Trump Jail Theory",
    "symbol": "TJT",
    "decimals": "6",
    "totalSupply": "60558764225",
    "totalSupplyFormatted": "60558.764225",
    "sellerFeeBasisPoints": 0,
    "isMutable": false,
    "primarySaleHappened": 0,
    "updateAuthority": "8zcVrHmSe12tkep9G34hiZgPaRTxtP8iamsrEzdXtnKW",
    "usdPrice": 8.00561e-08,
    "nativePriceValue": "0.4947",
    "exchangeName": "PumpSwap",
    "exchangeAddress": "pAMMBay6oceH9fJKBRHGP5D4bD4sWpmSwMn52FMfXEA",
    "firstSwapTimestamp": "2025-06-22T13:30:41+00:00",
    "firstSwapType": "buy",
    "firstBuyerOrSeller": "cakewAiZcEFuE3YjRd6KzBVqdpykNCZupJxdft7u5vW",
    "firstTradeValueUsd": 0.008208372,
    "label": 59
}