{
    "mint": "gy1fzrLZZYgwQtjNUrpq7FAXFTcNJJjxfUPNfiUpump",
    "name": "pepe wif cig",
    "symbol": "PWC",
    "decimals": "6",
    "totalSupply": "999999463579336",
    "totalSupplyFormatted": "999999463.579336",
    "sellerFeeBasisPoints": 0,
    "isMutable": true,
    "primarySaleHappened": 0,
    "updateAuthority": "GVQH1yvE7cxNntLwg95sk1QQT5Pjqe5Vkcqcf6QftznQ",
    "usdPrice": 9.8088e-05,
    "nativePriceValue": "682",
    "exchangeName": "PumpSwap",
    "exchangeAddress": "pAMMBay6oceH9fJKBRHGP5D4bD4sWpmSwMn52FMfXEA",
    "firstSwapTimestamp": "2025-06-19T14:59:51+00:00",
    "firstSwapType": "buy",
    "firstBuyerOrSeller": "6F4AScLf1fRh6FUyuqpBLdF9cWZ1HmjnvyxwcGKxizgw",
    "firstTradeValueUsd": 1.428189875,
    "label": 63
}