{
    "mint": "EnjSxjashF2gdpiFXCdNXAeMk4rv1sFyoVPMAZFhpump",
    "name": "Japanese Doomer Bear",
    "symbol": "Shashin",
    "decimals": "6",
    "totalSupply": "999968618386332",
    "totalSupplyFormatted": "999968618.386332",
    "sellerFeeBasisPoints": 0,
    "isMutable": true,
    "primarySaleHappened": 0,
    "updateAuthority": "3SrQ34xfbPm7YsDDsN3dFxHnr64GS9ALTzA9p6HtgAUw",
    "usdPrice": 4.0482e-05,
    "nativePriceValue": "281",
    "exchangeName": "PumpSwap",
    "exchangeAddress": "pAMMBay6oceH9fJKBRHGP5D4bD4sWpmSwMn52FMfXEA",
    "firstSwapTimestamp": "2025-06-28T02:34:13+00:00",
    "firstSwapType": "buy",
    "firstBuyerOrSeller": "3joKYvUT7hRFNUBdX1e1TfGhJrGMtWYWs147TnUTQeh3",
    "firstTradeValueUsd": 1.434710077,
    "label": 63
}