{
    "mint": "6QT2dtT4esKhH2g4pgYsiuyQMaciHN5s7NVcq3nppump",
    "name": "Woof.",
    "symbol": "Woof.",
    "decimals": "6",
    "totalSupply": "999949631022597",
    "totalSupplyFormatted": "999949631.022597",
    "sellerFeeBasisPoints": 0,
    "isMutable": true,
    "primarySaleHappened": 0,
    "updateAuthority": "6MoZDjTT8EgHgkrucUgvoYQwquzT7g7wNV6CkHhPQzAz",
    "usdPrice": 8.7853e-05,
    "nativePriceValue": "597",
    "exchangeName": "PumpSwap",
    "exchangeAddress": "pAMMBay6oceH9fJKBRHGP5D4bD4sWpmSwMn52FMfXEA",
    "firstSwapTimestamp": "2025-06-28T14:23:52+00:00",
    "firstSwapType": "buy",
    "firstBuyerOrSeller": "bpDk4nZxqCN7iXtgKYppNcWoK3HZ1w1X5Q2rfoU8EHj",
    "firstTradeValueUsd": 2.549878342,
    "label": 68
}