{
    "mint": "JE92Qqxa9tigCJ3r6PVkifUZBJcBdmyS5b8Jy2YUpump",
    "name": "pump",
    "symbol": "pump",
    "decimals": "6",
    "totalSupply": "999916887721888",
    "totalSupplyFormatted": "999916887.721888",
    "sellerFeeBasisPoints": 0,
    "isMutable": true,
    "primarySaleHappened": 0,
    "updateAuthority": "3oSP3nimwT2U9gte5JpP6juEcQbw1GVhtkRfzGZt3gqw",
    "usdPrice": 3.9404e-05,
    "nativePriceValue": "251",
    "exchangeName": "PumpSwap",
    "exchangeAddress": "pAMMBay6oceH9fJKBRHGP5D4bD4sWpmSwMn52FMfXEA",
    "firstSwapTimestamp": "2025-06-30T18:09:24+00:00",
    "firstSwapType": "buy",
    "firstBuyerOrSeller": "EN8qS2bVqwxs2VsT12rK7qZnpKuZzcnwGgSeRhS6wfdL",
    "firstTradeValueUsd": 0.705074823,
    "label": 80
}