{
    "mint": "ME9TDjyYo3uRsQEc41YCyufiyzi2rZR2QqoDP2vpump",
    "name": "White House",
    "symbol": "WHITEHOUSE",
    "decimals": "6",
    "totalSupply": "2035765856",
    "totalSupplyFormatted": "2035.765856",
    "sellerFeeBasisPoints": 0,
    "isMutable": false,
    "primarySaleHappened": 0,
    "updateAuthority": "71Vq3FvdYqJPLeRpBexEEpTjGfEaHYuuLsBYVJRTqgf4",
    "usdPrice": 2.9455e-05,
    "nativePriceValue": "181",
    "exchangeName": "PumpSwap",
    "exchangeAddress": "pAMMBay6oceH9fJKBRHGP5D4bD4sWpmSwMn52FMfXEA",
    "firstSwapTimestamp": "2025-06-26T13:56:07+00:00",
    "firstSwapType": "buy",
    "firstBuyerOrSeller": "27HFmP7ccLadGswvQfvea4o3juLw75cPF4V6jWpHM3MX",
    "firstTradeValueUsd": 0.014881749,
    "label": 36
}