{
    "mint": "bxxfxaqcx1NDMBMPEsCxvtstyk86h91mRVCVUsapump",
    "name": "Flying Autistic Hijab",
    "symbol": "FAH",
    "decimals": "6",
    "totalSupply": "999759459057640",
    "totalSupplyFormatted": "999759459.05764",
    "sellerFeeBasisPoints": 0,
    "isMutable": true,
    "primarySaleHappened": 0,
    "updateAuthority": "Agin9WxwGnchSDTZvbQYCCPW5M1H11UPtyWiMSFD9vUU",
    "usdPrice": 2.057e-05,
    "nativePriceValue": "153",
    "exchangeName": "PumpSwap",
    "exchangeAddress": "pAMMBay6oceH9fJKBRHGP5D4bD4sWpmSwMn52FMfXEA",
    "firstSwapTimestamp": "2025-06-23T09:38:41+00:00",
    "firstSwapType": "buy",
    "firstBuyerOrSeller": "3joKYvUT7hRFNUBdX1e1TfGhJrGMtWYWs147TnUTQeh3",
    "firstTradeValueUsd": 1.33852883,
    "label": 63
}