{
    "mint": "ExA6rarZLDq51vu5DGZv4UvGVrsdFC8HRTtx9bW3pump",
    "name": "Voonce",
    "symbol": "Voonce",
    "decimals": "6",
    "totalSupply": "999364482698101",
    "totalSupplyFormatted": "999364482.698101",
    "sellerFeeBasisPoints": 0,
    "isMutable": true,
    "primarySaleHappened": 0,
    "updateAuthority": "ApXqXq43d3T1NTDK3WzjL7yaS6c1ho4UEhkZwu2wAsU4",
    "usdPrice": 3.304e-06,
    "nativePriceValue": "23.1401",
    "exchangeName": "PumpSwap",
    "exchangeAddress": "pAMMBay6oceH9fJKBRHGP5D4bD4sWpmSwMn52FMfXEA",
    "firstSwapTimestamp": "2025-06-28T02:05:54+00:00",
    "firstSwapType": "buy",
    "firstBuyerOrSeller": "3joKYvUT7hRFNUBdX1e1TfGhJrGMtWYWs147TnUTQeh3",
    "firstTradeValueUsd": 1.423007665,
    "label": 63
}