{
    "mint": "D3aHCj86WnHYtx9bs4g7jahvFqc8BQTLpJ1HzDrTpump",
    "name": "Gaunt Goose",
    "symbol": "Gaunt",
    "decimals": "6",
    "totalSupply": "999999366435473",
    "totalSupplyFormatted": "999999366.435473",
    "sellerFeeBasisPoints": 0,
    "isMutable": true,
    "primarySaleHappened": 0,
    "updateAuthority": "CDyroKbMyDeE9rrKnQqe85Sv9AaFthth5CuKdGwM4V7S",
    "usdPrice": 6.6661e-05,
    "nativePriceValue": "451",
    "exchangeName": "PumpSwap",
    "exchangeAddress": "pAMMBay6oceH9fJKBRHGP5D4bD4sWpmSwMn52FMfXEA",
    "firstSwapTimestamp": "2025-06-18T06:10:43+00:00",
    "firstSwapType": "buy",
    "firstBuyerOrSeller": "97TjdjQr6vQZ6YTFZ4Ux5wPsCPGjNHTbURmJGsJdxdry",
    "firstTradeValueUsd": 14.773370185,
    "label": 62
}