{
    "mint": "C7uYcis8js2naEjByzmV48VMS7quxiHKJe8SAeMbpump",
    "name": "neo",
    "symbol": "neo",
    "decimals": "6",
    "totalSupply": "999998532164185",
    "totalSupplyFormatted": "999998532.164185",
    "sellerFeeBasisPoints": 0,
    "isMutable": true,
    "primarySaleHappened": 0,
    "updateAuthority": "CU6LrxqZax8wcXw9FCRTNevhkq2LrJoDGzTRSZicPFq6",
    "usdPrice": 7.8377e-05,
    "nativePriceValue": "537",
    "exchangeName": "PumpSwap",
    "exchangeAddress": "pAMMBay6oceH9fJKBRHGP5D4bD4sWpmSwMn52FMfXEA",
    "firstSwapTimestamp": "2025-06-13T16:51:35+00:00",
    "firstSwapType": "buy",
    "firstBuyerOrSeller": "5dnFxM648UQpBTonstiBE1HWZaVG49Cv3yuNhX6Y1nFU",
    "firstTradeValueUsd": 14.629401017,
    "label": 82
}