{
    "mint": "HixCrrsB8z2syBjDa7xK2Ay1Ecijsz6sbn9jcnwCpump",
    "name": "The Neurodiversity Index",
    "symbol": "AU79",
    "decimals": "6",
    "totalSupply": "999999358907727",
    "totalSupplyFormatted": "999999358.907727",
    "sellerFeeBasisPoints": 0,
    "isMutable": true,
    "primarySaleHappened": 0,
    "updateAuthority": "6SZ4Umrnr5rCRcdvyGJb33cfRbmweb1CacyPvxL1tENa",
    "usdPrice": 0.000149031,
    "nativePriceValue": "1078",
    "exchangeName": "PumpSwap",
    "exchangeAddress": "pAMMBay6oceH9fJKBRHGP5D4bD4sWpmSwMn52FMfXEA",
    "firstSwapTimestamp": "2025-06-27T00:37:56+00:00",
    "firstSwapType": "buy",
    "firstBuyerOrSeller": "3vmYPBawthRwNBUGjbKYxqbdPN3YUgfcaoiqbSydEUrh",
    "firstTradeValueUsd": 13.859780696,
    "label": 63
}