{
    "mint": "6y38ZGRmsmfS2xLDnswFYLQAuWXe5YVaigiNREUcpump",
    "name": "sigmew",
    "symbol": "sigmew",
    "decimals": "6",
    "totalSupply": "999710262910380",
    "totalSupplyFormatted": "999710262.91038",
    "sellerFeeBasisPoints": 0,
    "isMutable": true,
    "primarySaleHappened": 0,
    "updateAuthority": "8kjeMuQh7BVKuoyGMJGowAC6jWU79zxC8BR9xjmeSf7N",
    "usdPrice": 0.568091691,
    "nativePriceValue": "3883422",
    "exchangeName": "PumpSwap",
    "exchangeAddress": "pAMMBay6oceH9fJKBRHGP5D4bD4sWpmSwMn52FMfXEA",
    "firstSwapTimestamp": "2025-06-15T11:29:54+00:00",
    "firstSwapType": "buy",
    "firstBuyerOrSeller": "2jYSccZUuXM4TY2y2641PB5zV65BSqjkfshWukL8QPkP",
    "firstTradeValueUsd": 1.453681918,
    "label": 67
}