{
    "mint": "8UDcoCshgGmQxBL6CBa1UK69x5AYg6EaPDcpo5yFpump",
    "name": "Kobiki",
    "symbol": "Kobiki",
    "decimals": "6",
    "totalSupply": "942487201527754",
    "totalSupplyFormatted": "942487201.527754",
    "sellerFeeBasisPoints": 0,
    "isMutable": false,
    "primarySaleHappened": 0,
    "updateAuthority": "9SWVWPiNvFLro3Qencms1SyTm7zpzkx8QXr5fwjHDfiT",
    "usdPrice": 9.62e-11,
    "nativePriceValue": "0.00059177",
    "exchangeName": "PumpSwap",
    "exchangeAddress": "pAMMBay6oceH9fJKBRHGP5D4bD4sWpmSwMn52FMfXEA",
    "firstSwapTimestamp": "2025-07-11T17:37:15+00:00",
    "firstSwapType": "buy",
    "firstBuyerOrSeller": "27HFmP7ccLadGswvQfvea4o3juLw75cPF4V6jWpHM3MX",
    "firstTradeValueUsd": 0.017215036,
    "label": 67
}