{
    "mint": "BjAPcvXPaj6fPzc1FLPo4P6SxynNBJhPbvWVL8oQpump",
    "name": "rasmr",
    "symbol": "rasmr",
    "decimals": "6",
    "totalSupply": "999999261942737",
    "totalSupplyFormatted": "999999261.942737",
    "sellerFeeBasisPoints": 0,
    "isMutable": true,
    "primarySaleHappened": 0,
    "updateAuthority": "GLv4Y2kNd1y3Gs2Cdyf1ftJpSzUrhamqUs1Bx9sCaTMU",
    "usdPrice": 9.4826e-05,
    "nativePriceValue": "638",
    "exchangeName": "PumpSwap",
    "exchangeAddress": "pAMMBay6oceH9fJKBRHGP5D4bD4sWpmSwMn52FMfXEA",
    "firstSwapTimestamp": "2025-06-18T03:36:12+00:00",
    "firstSwapType": "buy",
    "firstBuyerOrSeller": "FWMVpoQYQGwi3kAddqHbSXesnmNtys1VqmsA3ZJoBcAQ",
    "firstTradeValueUsd": 1.479536152,
    "label": 63
}