{
    "mint": "4Lbdo3nRVyYxtGrmGUysEGT7pVhbzq7rJgjEzdpHpump",
    "name": "Surprised Pikachu",
    "symbol": "Pikachu",
    "decimals": "6",
    "totalSupply": "999974261218069",
    "totalSupplyFormatted": "999974261.218069",
    "sellerFeeBasisPoints": 0,
    "isMutable": true,
    "primarySaleHappened": 0,
    "updateAuthority": "2Hzxv3vzh6gh5qc2wTQLTacpQDGksj6m9sxmVSTduJrQ",
    "usdPrice": 0.000110583,
    "nativePriceValue": "771",
    "exchangeName": "PumpSwap",
    "exchangeAddress": "pAMMBay6oceH9fJKBRHGP5D4bD4sWpmSwMn52FMfXEA",
    "firstSwapTimestamp": "2025-06-25T18:52:28+00:00",
    "firstSwapType": "buy",
    "firstBuyerOrSeller": "8g5ZUSMEZ8D913go2JK1Sq3jR8syWME5MNegTbvxL4Ny",
    "firstTradeValueUsd": 14.339263727,
    "label": 64
}