{
    "mint": "AVrownM1YbuXpJsJBLfzUJBbHoVhUKg3kaxAQrJ4pump",
    "name": "U.S. Crypto Reserve Index",
    "symbol": "USCR",
    "decimals": "6",
    "totalSupply": "999804465459856",
    "totalSupplyFormatted": "999804465.459856",
    "sellerFeeBasisPoints": 0,
    "isMutable": true,
    "primarySaleHappened": 0,
    "updateAuthority": "3mZFDyKeBbtY9B3N9XBkizrdseCieamPqUz1jYN5CjSQ",
    "usdPrice": 6.7784e-05,
    "nativePriceValue": "508",
    "exchangeName": "PumpSwap",
    "exchangeAddress": "pAMMBay6oceH9fJKBRHGP5D4bD4sWpmSwMn52FMfXEA",
    "firstSwapTimestamp": "2025-06-23T04:47:08+00:00",
    "firstSwapType": "buy",
    "firstBuyerOrSeller": "6F4AScLf1fRh6FUyuqpBLdF9cWZ1HmjnvyxwcGKxizgw",
    "firstTradeValueUsd": 1.327112629,
    "label": 63
}