{
    "mint": "edxdJULi7bK1dXX1wYJPsm4cr4iTwmnF3wCHEGqpump",
    "name": "DogWifHijab",
    "symbol": "HIJAB",
    "decimals": "6",
    "totalSupply": "3888375730",
    "totalSupplyFormatted": "3888.37573",
    "sellerFeeBasisPoints": 0,
    "isMutable": false,
    "primarySaleHappened": 0,
    "updateAuthority": "7VzaLd4AN1CYfYHvC3QTPBAq2UBPjo8xpgvtrVN5HCux",
    "usdPrice": 5.121e-06,
    "nativePriceValue": "31.6373",
    "exchangeName": "PumpSwap",
    "exchangeAddress": "pAMMBay6oceH9fJKBRHGP5D4bD4sWpmSwMn52FMfXEA",
    "firstSwapTimestamp": "2025-06-23T06:16:09+00:00",
    "firstSwapType": "buy",
    "firstBuyerOrSeller": "cakewAiZcEFuE3YjRd6KzBVqdpykNCZupJxdft7u5vW",
    "firstTradeValueUsd": 0.008606185,
    "label": 36
}