{
    "mint": "C7WVEZpE8oiEbbpcYARvufKkXg2QxRP2M8mbYRDhpump",
    "name": "XOCIETY",
    "symbol": "XO",
    "decimals": "6",
    "totalSupply": "999792351515588",
    "totalSupplyFormatted": "999792351.515588",
    "sellerFeeBasisPoints": 0,
    "isMutable": true,
    "primarySaleHappened": 0,
    "updateAuthority": "76s8q6ovVUy9WjKdZU8xLauRL6vrZbApqg1E6qsbhMHi",
    "usdPrice": 3.6417e-05,
    "nativePriceValue": "253",
    "exchangeName": "PumpSwap",
    "exchangeAddress": "pAMMBay6oceH9fJKBRHGP5D4bD4sWpmSwMn52FMfXEA",
    "firstSwapTimestamp": "2025-06-25T15:28:42+00:00",
    "firstSwapType": "buy",
    "firstBuyerOrSeller": "2fS7jhHa5z1iyGwqSqALUShVhXtXP4ffbMmrythEuxpa",
    "firstTradeValueUsd": 1.437957484,
    "label": 63
}