{
    "mint": "GorgUB47AhUjT2dnfzG7SSg2UFQZHHA8YuHEAYWQpump",
    "name": "wechat doge",
    "symbol": "\u65fa\u67f4",
    "decimals": "6",
    "totalSupply": "973943338902638",
    "totalSupplyFormatted": "973943338.902638",
    "sellerFeeBasisPoints": 0,
    "isMutable": false,
    "primarySaleHappened": 0,
    "updateAuthority": "6NaMrZrFF7BFSw67MpCxgqusyv3x88BiFpPC4DhCCQ4t",
    "usdPrice": 3.57503e-08,
    "nativePriceValue": "0.2205",
    "exchangeName": "PumpSwap",
    "exchangeAddress": "pAMMBay6oceH9fJKBRHGP5D4bD4sWpmSwMn52FMfXEA",
    "firstSwapTimestamp": "2025-07-11T09:35:54+00:00",
    "firstSwapType": "buy",
    "firstBuyerOrSeller": "cakewAiZcEFuE3YjRd6KzBVqdpykNCZupJxdft7u5vW",
    "firstTradeValueUsd": 0.010557096,
    "label": 64
}