{
    "mint": "4v1oTR6VduQJMBFtj43wrUSD5TPRwRLWWEfKYyhspump",
    "name": "Houseless Coin",
    "symbol": "HOUSELESS",
    "decimals": "6",
    "totalSupply": "998903424451944",
    "totalSupplyFormatted": "998903424.451944",
    "sellerFeeBasisPoints": 0,
    "isMutable": true,
    "primarySaleHappened": 0,
    "updateAuthority": "76j2sVctByS2P7LVkmwb2iK8KCrYKZrxBx7Tz7QgA2hn",
    "usdPrice": 3.3554e-05,
    "nativePriceValue": "222",
    "exchangeName": "PumpSwap",
    "exchangeAddress": "pAMMBay6oceH9fJKBRHGP5D4bD4sWpmSwMn52FMfXEA",
    "firstSwapTimestamp": "2025-06-30T14:31:11+00:00",
    "firstSwapType": "buy",
    "firstBuyerOrSeller": "3joKYvUT7hRFNUBdX1e1TfGhJrGMtWYWs147TnUTQeh3",
    "firstTradeValueUsd": 15.000301705,
    "label": 64
}