{
    "mint": "DMad3jMAbN4uwrPksPPSZGhMY4rN6ECtz6AADcdEpump",
    "name": "Froggo",
    "symbol": "FROGGO",
    "decimals": "6",
    "totalSupply": "999983700024956",
    "totalSupplyFormatted": "999983700.024956",
    "sellerFeeBasisPoints": 0,
    "isMutable": true,
    "primarySaleHappened": 0,
    "updateAuthority": "DSKVVqVUFVZdiuLArx7ng8eU3PRW4zrwkkssZVWZCteP",
    "usdPrice": 8.8976e-05,
    "nativePriceValue": "633",
    "exchangeName": "PumpSwap",
    "exchangeAddress": "pAMMBay6oceH9fJKBRHGP5D4bD4sWpmSwMn52FMfXEA",
    "firstSwapTimestamp": "2025-06-27T07:24:38+00:00",
    "firstSwapType": "buy",
    "firstBuyerOrSeller": "2jYSccZUuXM4TY2y2641PB5zV65BSqjkfshWukL8QPkP",
    "firstTradeValueUsd": 1.415398149,
    "label": 63
}