{
    "mint": "CxEzpRKXUMV6HRKMY4NDe2o9H9WHrmBsFG9811uepump",
    "name": "Baby Kangaroo first steps",
    "symbol": "HOPS",
    "decimals": "6",
    "totalSupply": "999930899598590",
    "totalSupplyFormatted": "999930899.59859",
    "sellerFeeBasisPoints": 0,
    "isMutable": true,
    "primarySaleHappened": 0,
    "updateAuthority": "9QZdrFM1HuX2F1EDy9tdK3LwvMut7m13QqUJ8CssUAnv",
    "usdPrice": 9.3322e-05,
    "nativePriceValue": "672",
    "exchangeName": "PumpSwap",
    "exchangeAddress": "pAMMBay6oceH9fJKBRHGP5D4bD4sWpmSwMn52FMfXEA",
    "firstSwapTimestamp": "2025-06-21T17:58:29+00:00",
    "firstSwapType": "buy",
    "firstBuyerOrSeller": "5M1ogcHpMJPWwcuKmrmZB2Z4UtbTnSFyBtv7bgRkm2pv",
    "firstTradeValueUsd": 27.634565769,
    "label": 63
}