{
    "mint": "A73JPjPL7PsyHHxdNXTcxwnnXR6xEHjRQtqLvDynpump",
    "name": "COCA COLA",
    "symbol": "COCACOLA",
    "decimals": "6",
    "totalSupply": "999788898605591",
    "totalSupplyFormatted": "999788898.605591",
    "sellerFeeBasisPoints": 0,
    "isMutable": true,
    "primarySaleHappened": 0,
    "updateAuthority": "GJc5DSq1URCpwdjYdMkKJLiKssUnGqFhYdUCw2zBhPod",
    "usdPrice": 4.9534e-05,
    "nativePriceValue": "338",
    "exchangeName": "PumpSwap",
    "exchangeAddress": "pAMMBay6oceH9fJKBRHGP5D4bD4sWpmSwMn52FMfXEA",
    "firstSwapTimestamp": "2025-06-28T09:36:02+00:00",
    "firstSwapType": "buy",
    "firstBuyerOrSeller": "pMbNzWqcxoxecC19G9qguCh3z6o5ZgoG58NQGnA6Kd4",
    "firstTradeValueUsd": 1.460575137,
    "label": 67
}