{
    "mint": "FdoWRtHUAEuCazRmMxGVn2hy2nH6KGmo23GSTvNpump",
    "name": "JEFF",
    "symbol": "JEFF",
    "decimals": "6",
    "totalSupply": "111509422850",
    "totalSupplyFormatted": "111509.42285",
    "sellerFeeBasisPoints": 0,
    "isMutable": false,
    "primarySaleHappened": 0,
    "updateAuthority": "GPfTqkLC3vtiUSq3skm2JN1kKpMjBQrgdv1E9j4W8zVX",
    "usdPrice": 1.328e-06,
    "nativePriceValue": "8.1837",
    "exchangeName": "PumpSwap",
    "exchangeAddress": "pAMMBay6oceH9fJKBRHGP5D4bD4sWpmSwMn52FMfXEA",
    "firstSwapTimestamp": "2025-06-18T16:35:11+00:00",
    "firstSwapType": "buy",
    "firstBuyerOrSeller": "4woXzDiykf2ykiWw4jTeK5ce3rcMBNm9z5FqQwoReFTg",
    "firstTradeValueUsd": 0.011565317,
    "label": 62
}