{
    "mint": "7LLkqaMsPBY7V6PL4DR8WRvnyBfJAa4GdffZEWdMpump",
    "name": "United Trenches Army",
    "symbol": "UTA",
    "decimals": "6",
    "totalSupply": "999999999280618",
    "totalSupplyFormatted": "999999999.280618",
    "sellerFeeBasisPoints": 0,
    "isMutable": true,
    "primarySaleHappened": 0,
    "updateAuthority": "E5AaeeQURHRNsPY8t9ZBX2NyHGHNjcMrSi4bKXpRz4MV",
    "usdPrice": 0.000122093,
    "nativePriceValue": "826",
    "exchangeName": "PumpSwap",
    "exchangeAddress": "pAMMBay6oceH9fJKBRHGP5D4bD4sWpmSwMn52FMfXEA",
    "firstSwapTimestamp": "2025-06-13T15:20:48+00:00",
    "firstSwapType": "buy",
    "firstBuyerOrSeller": "FngfGmdrTVJvuv75yQbQmSkFZxuaAYSTuDFk9fzSTfCR",
    "firstTradeValueUsd": 2.347229226,
    "label": 63
}