{
    "mint": "wZs9JdtWtjStvHNuXGDhxsHraFeEWHFxPctMFP3pump",
    "name": "MOONBI",
    "symbol": "MOONBI",
    "decimals": "6",
    "totalSupply": "560533163904",
    "totalSupplyFormatted": "560533.163904",
    "sellerFeeBasisPoints": 0,
    "isMutable": false,
    "primarySaleHappened": 0,
    "updateAuthority": "H5knk8XYtAcsUHsxx8szd2KZVNdT2dauVgypmcnhhjXh",
    "usdPrice": 8.921e-06,
    "nativePriceValue": "59.0726",
    "exchangeName": "PumpSwap",
    "exchangeAddress": "pAMMBay6oceH9fJKBRHGP5D4bD4sWpmSwMn52FMfXEA",
    "firstSwapTimestamp": "2025-06-28T21:48:22+00:00",
    "firstSwapType": "buy",
    "firstBuyerOrSeller": "H5knk8XYtAcsUHsxx8szd2KZVNdT2dauVgypmcnhhjXh",
    "firstTradeValueUsd": 1.5e-07,
    "label": 63
}