{
    "mint": "75Tak3akp7wWdTekyWdspiWLbHpx1Vkk1QiaEruVpump",
    "name": "GOODTEK",
    "symbol": "GOODTEK",
    "decimals": "6",
    "totalSupply": "33456690532745",
    "totalSupplyFormatted": "33456690.532745",
    "sellerFeeBasisPoints": 0,
    "isMutable": false,
    "primarySaleHappened": 0,
    "updateAuthority": "8uFEa7emVTLGCWSvzUEJxDkU2QhPnrqbVBQdvCUMmC4f",
    "usdPrice": 5.052e-06,
    "nativePriceValue": "30.9597",
    "exchangeName": "PumpSwap",
    "exchangeAddress": "pAMMBay6oceH9fJKBRHGP5D4bD4sWpmSwMn52FMfXEA",
    "firstSwapTimestamp": "2025-07-11T20:43:34+00:00",
    "firstSwapType": "buy",
    "firstBuyerOrSeller": "7PSoNP6XtuXSuBdDm7NfETjvnqy59DN1y5Ha5JnbtHEZ",
    "firstTradeValueUsd": 0.407320983,
    "label": 63
}