{
    "mint": "BWjNN1JQfkG6q6dYPckEnQFLbbwamS45f5GHJ6Cypump",
    "name": "Dog In Vest",
    "symbol": "invest",
    "decimals": "6",
    "totalSupply": "999999689490444",
    "totalSupplyFormatted": "999999689.490444",
    "sellerFeeBasisPoints": 0,
    "isMutable": true,
    "primarySaleHappened": 0,
    "updateAuthority": "3dgHKuM1F8n2fiYNhXTtZ2ZAZQdmNzxutduPk94xzyye",
    "usdPrice": 0.00012169,
    "nativePriceValue": "797",
    "exchangeName": "PumpSwap",
    "exchangeAddress": "pAMMBay6oceH9fJKBRHGP5D4bD4sWpmSwMn52FMfXEA",
    "firstSwapTimestamp": "2025-07-04T06:17:33+00:00",
    "firstSwapType": "buy",
    "firstBuyerOrSeller": "J193Bbyb9myKA4B3XDYuxXMEqT7TE6dfDv3WVn2Nt1gK",
    "firstTradeValueUsd": 1.516466595,
    "label": 65
}