{
    "mint": "fPgodQ5RCnM46kg64N5G9rbYzmwWf9pRZ2Zb1E3pump",
    "name": "Solbagana",
    "symbol": "SOL",
    "decimals": "6",
    "totalSupply": "1771643847",
    "totalSupplyFormatted": "1771.643847",
    "sellerFeeBasisPoints": 0,
    "isMutable": false,
    "primarySaleHappened": 0,
    "updateAuthority": "Co8HYPZmXLThPFrCU8n8ggwR8P9zDWsD2enbUZCCJLKa",
    "usdPrice": 4.3993e-05,
    "nativePriceValue": "271",
    "exchangeName": "PumpSwap",
    "exchangeAddress": "pAMMBay6oceH9fJKBRHGP5D4bD4sWpmSwMn52FMfXEA",
    "firstSwapTimestamp": "2025-06-25T12:42:49+00:00",
    "firstSwapType": "buy",
    "firstBuyerOrSeller": "cakewAiZcEFuE3YjRd6KzBVqdpykNCZupJxdft7u5vW",
    "firstTradeValueUsd": 0.009347451,
    "label": 36
}