{
    "mint": "v7M4f8N17GoH8vrWhDABCTALHNBqRQkb5ddru7Spump",
    "name": "Fuck This War",
    "symbol": "FTW",
    "decimals": "6",
    "totalSupply": "9662812779763",
    "totalSupplyFormatted": "9662812.779763",
    "sellerFeeBasisPoints": 0,
    "isMutable": false,
    "primarySaleHappened": 0,
    "updateAuthority": "J2dasDTjQ58VR2dDM7U4EjAm27aQ11Lbpy7s7o9Afhsu",
    "usdPrice": 4.914e-10,
    "nativePriceValue": "0.00303566",
    "exchangeName": "PumpSwap",
    "exchangeAddress": "pAMMBay6oceH9fJKBRHGP5D4bD4sWpmSwMn52FMfXEA",
    "firstSwapTimestamp": "2025-06-22T20:20:40+00:00",
    "firstSwapType": "buy",
    "firstBuyerOrSeller": "cakewAiZcEFuE3YjRd6KzBVqdpykNCZupJxdft7u5vW",
    "firstTradeValueUsd": 0.008112362,
    "label": 43
}