{
    "mint": "ALM7UcsaXRt6PQe1ji67r2rqAzRzqDoL2XS2W87cpump",
    "name": "everyone must buy this coin",
    "symbol": "communist",
    "decimals": "6",
    "totalSupply": "4148505006017",
    "totalSupplyFormatted": "4148505.006017",
    "sellerFeeBasisPoints": 0,
    "isMutable": false,
    "primarySaleHappened": 0,
    "updateAuthority": "A5MRj7gHbg9eeiHg7pvXp46c5QET78sxtLZCgLG5yhy8",
    "usdPrice": 4.121e-06,
    "nativePriceValue": "27.1956",
    "exchangeName": "PumpSwap",
    "exchangeAddress": "pAMMBay6oceH9fJKBRHGP5D4bD4sWpmSwMn52FMfXEA",
    "firstSwapTimestamp": "2025-07-04T03:10:30+00:00",
    "firstSwapType": "buy",
    "firstBuyerOrSeller": "A5MRj7gHbg9eeiHg7pvXp46c5QET78sxtLZCgLG5yhy8",
    "firstTradeValueUsd": 1.5e-07,
    "label": 62
}