{
    "mint": "138gM1mQFrjzjtqWiqCNm1pEoAj9u8cKZTsyxVispump",
    "name": "Shrek2HulkSimbaAnusHannahinu",
    "symbol": "SOL",
    "decimals": "6",
    "totalSupply": "4806467196",
    "totalSupplyFormatted": "4806.467196",
    "sellerFeeBasisPoints": 0,
    "isMutable": false,
    "primarySaleHappened": 0,
    "updateAuthority": "j6mHFyj5Br9wVCCxhvwD916iUMeRnbMyXC8dvPWL1Vz",
    "usdPrice": 5.491e-06,
    "nativePriceValue": "33.987",
    "exchangeName": "PumpSwap",
    "exchangeAddress": "pAMMBay6oceH9fJKBRHGP5D4bD4sWpmSwMn52FMfXEA",
    "firstSwapTimestamp": "2025-06-19T16:11:52+00:00",
    "firstSwapType": "buy",
    "firstBuyerOrSeller": "5iywveQKkidqPDKt2CExJcWKex2EXz9kbGcYiZvhuXWs",
    "firstTradeValueUsd": 0.014343841,
    "label": 36
}