{
    "mint": "GAYd4ML2RLqfLFvoWzCojzi8LvDSrAUqbJSAhVqXpump",
    "name": "DONALD TRUMP NERF",
    "symbol": "DOWNALD",
    "decimals": "6",
    "totalSupply": "999856751456235",
    "totalSupplyFormatted": "999856751.456235",
    "sellerFeeBasisPoints": 0,
    "isMutable": true,
    "primarySaleHappened": 0,
    "updateAuthority": "8PzPFv6KdVFupX97Q1fRykPQWWZSwYFYr1nDCPvx9aZ6",
    "usdPrice": 0.000104848,
    "nativePriceValue": "785",
    "exchangeName": "PumpSwap",
    "exchangeAddress": "pAMMBay6oceH9fJKBRHGP5D4bD4sWpmSwMn52FMfXEA",
    "firstSwapTimestamp": "2025-06-23T04:24:06+00:00",
    "firstSwapType": "buy",
    "firstBuyerOrSeller": "YeKGpySEJSYmpBhaQVxp181nNEB44qqa4NQN49Vg2Cb",
    "firstTradeValueUsd": 13.294036628,
    "label": 62
}