{
    "mint": "AkM3jpdoCxRggRhhS5xVg4jnnfErJJryt4Kas6jpump",
    "name": "Eye Of Ra",
    "symbol": "EOR",
    "decimals": "6",
    "totalSupply": "1071047572851",
    "totalSupplyFormatted": "1071047.572851",
    "sellerFeeBasisPoints": 0,
    "isMutable": false,
    "primarySaleHappened": 0,
    "updateAuthority": "EzniMmdKAFhxJdcZ4eWbZH7AwsZa9Q16VVXHSegJCjGk",
    "usdPrice": 6.8e-07,
    "nativePriceValue": "4.2071",
    "exchangeName": "PumpSwap",
    "exchangeAddress": "pAMMBay6oceH9fJKBRHGP5D4bD4sWpmSwMn52FMfXEA",
    "firstSwapTimestamp": "2025-06-19T11:33:01+00:00",
    "firstSwapType": "buy",
    "firstBuyerOrSeller": "4woXzDiykf2ykiWw4jTeK5ce3rcMBNm9z5FqQwoReFTg",
    "firstTradeValueUsd": 0.01159361,
    "label": 63
}