{
    "mint": "A8xbrJybx6Vwx96eGLyHVVfGy65XHonYUHymCqUJpump",
    "name": "Just For Fun",
    "symbol": "JFF",
    "decimals": "6",
    "totalSupply": "999999567200942",
    "totalSupplyFormatted": "999999567.200942",
    "sellerFeeBasisPoints": 0,
    "isMutable": true,
    "primarySaleHappened": 0,
    "updateAuthority": "5Y1gBq57mzEV6nGfCM28u4RmKZ4U2tga6ZnxGc8MQWWV",
    "usdPrice": 1.231e-05,
    "nativePriceValue": "80.7167",
    "exchangeName": "PumpSwap",
    "exchangeAddress": "pAMMBay6oceH9fJKBRHGP5D4bD4sWpmSwMn52FMfXEA",
    "firstSwapTimestamp": "2025-06-15T15:21:14+00:00",
    "firstSwapType": "buy",
    "firstBuyerOrSeller": "97TjdjQr6vQZ6YTFZ4Ux5wPsCPGjNHTbURmJGsJdxdry",
    "firstTradeValueUsd": 15.114725799,
    "label": 63
}