{
    "mint": "2vCk5EqNdPW1e6QHof269ooUdSXuthzZRYZQRfGGpump",
    "name": "Ultra Sus Digital Token",
    "symbol": "USDT",
    "decimals": "6",
    "totalSupply": "999999296612696",
    "totalSupplyFormatted": "999999296.612696",
    "sellerFeeBasisPoints": 0,
    "isMutable": true,
    "primarySaleHappened": 0,
    "updateAuthority": "4S268Z6GWkuP7VGVRYVYPgcSN1DxWFRH5vcAQuyrET1L",
    "usdPrice": 0.000112086,
    "nativePriceValue": "766",
    "exchangeName": "PumpSwap",
    "exchangeAddress": "pAMMBay6oceH9fJKBRHGP5D4bD4sWpmSwMn52FMfXEA",
    "firstSwapTimestamp": "2025-06-25T11:26:05+00:00",
    "firstSwapType": "buy",
    "firstBuyerOrSeller": "FWMVpoQYQGwi3kAddqHbSXesnmNtys1VqmsA3ZJoBcAQ",
    "firstTradeValueUsd": 1.454105098,
    "label": 64
}