{
    "mint": "HoZtCUdzYDoRDHQiZVzQqHTCzhQFdPLtqwuAUaj4pump",
    "name": "United States of Israel",
    "symbol": "USI",
    "decimals": "6",
    "totalSupply": "198140830873",
    "totalSupplyFormatted": "198140.830873",
    "sellerFeeBasisPoints": 0,
    "isMutable": true,
    "primarySaleHappened": 0,
    "updateAuthority": "BcoUvPakdewbG7rKRU6s3VAZtVGVUgL5qQjmkYgD6Pm6",
    "usdPrice": 0.000167185,
    "nativePriceValue": "1237",
    "exchangeName": "PumpSwap",
    "exchangeAddress": "pAMMBay6oceH9fJKBRHGP5D4bD4sWpmSwMn52FMfXEA",
    "firstSwapTimestamp": "2025-06-22T01:26:22+00:00",
    "firstSwapType": "buy",
    "firstBuyerOrSeller": "KWq7esvBkhAh6TP6iDb1LtGPhQbTN76L6iN3p5Dd81E",
    "firstTradeValueUsd": 42.708481542,
    "label": 63
}