{
    "mint": "T189hqDpQtDAFZG6mDozKpfL3FkQYagi6RcRxbwpump",
    "name": "Shiyo Official",
    "symbol": "Shiyo",
    "decimals": "6",
    "totalSupply": "275528170927",
    "totalSupplyFormatted": "275528.170927",
    "sellerFeeBasisPoints": 0,
    "isMutable": false,
    "primarySaleHappened": 0,
    "updateAuthority": "2KNxcoiFHXo3ERQ3xuzvNrChrZNJAkADKm7EZHusc9zR",
    "usdPrice": 2.924e-06,
    "nativePriceValue": "18.0692",
    "exchangeName": "PumpSwap",
    "exchangeAddress": "pAMMBay6oceH9fJKBRHGP5D4bD4sWpmSwMn52FMfXEA",
    "firstSwapTimestamp": "2025-06-26T14:41:28+00:00",
    "firstSwapType": "buy",
    "firstBuyerOrSeller": "27HFmP7ccLadGswvQfvea4o3juLw75cPF4V6jWpHM3MX",
    "firstTradeValueUsd": 0.01504166,
    "label": 63
}