{
    "mint": "6DC5dJRoNgBbXyVHMqY9ZaMCyaFL1PzQzrSxkamFpump",
    "name": "LABUBU",
    "symbol": "LABUBU",
    "decimals": "6",
    "totalSupply": "999451196043353",
    "totalSupplyFormatted": "999451196.043353",
    "sellerFeeBasisPoints": 0,
    "isMutable": true,
    "primarySaleHappened": 0,
    "updateAuthority": "3oSP3nimwT2U9gte5JpP6juEcQbw1GVhtkRfzGZt3gqw",
    "usdPrice": 1.222e-05,
    "nativePriceValue": "84.9657",
    "exchangeName": "PumpSwap",
    "exchangeAddress": "pAMMBay6oceH9fJKBRHGP5D4bD4sWpmSwMn52FMfXEA",
    "firstSwapTimestamp": "2025-06-26T12:04:26+00:00",
    "firstSwapType": "buy",
    "firstBuyerOrSeller": "5dnFxM648UQpBTonstiBE1HWZaVG49Cv3yuNhX6Y1nFU",
    "firstTradeValueUsd": 14.329949019,
    "label": 80
}