{
    "mint": "D7HGBJyQWMjgAAaRsFqtmgUSDfbey4grLMMfUmvfpump",
    "name": "Shrek Cock",
    "symbol": "shrock",
    "decimals": "6",
    "totalSupply": "530710594326",
    "totalSupplyFormatted": "530710.594326",
    "sellerFeeBasisPoints": 0,
    "isMutable": false,
    "primarySaleHappened": 0,
    "updateAuthority": "4FPwi3n4mBh665iNdj7LcedRiDfTVsKtEyUWt5URnPB9",
    "usdPrice": 9.086e-06,
    "nativePriceValue": "57.9516",
    "exchangeName": "PumpSwap",
    "exchangeAddress": "pAMMBay6oceH9fJKBRHGP5D4bD4sWpmSwMn52FMfXEA",
    "firstSwapTimestamp": "2025-07-10T01:15:00+00:00",
    "firstSwapType": "buy",
    "firstBuyerOrSeller": "EdMWU7esr29zrS7zUH9FVnm1Axd6VaEEbRpghkhh9tj9",
    "firstTradeValueUsd": 0.390267474,
    "label": 63
}