{
    "mint": "Cfq6bSKHMjKn3jCKhGW5hvv7KARTWKerFFr1R4Ekpump",
    "name": "poopen sharten farten",
    "symbol": "PSF",
    "decimals": "6",
    "totalSupply": "999914746365271",
    "totalSupplyFormatted": "999914746.365271",
    "sellerFeeBasisPoints": 0,
    "isMutable": true,
    "primarySaleHappened": 0,
    "updateAuthority": "CnMYV8jAzASk6kQN6HzNntXcPLwT1BZNQzyo864Gq21w",
    "usdPrice": 3.3924e-05,
    "nativePriceValue": "217",
    "exchangeName": "PumpSwap",
    "exchangeAddress": "pAMMBay6oceH9fJKBRHGP5D4bD4sWpmSwMn52FMfXEA",
    "firstSwapTimestamp": "2025-06-16T01:56:16+00:00",
    "firstSwapType": "buy",
    "firstBuyerOrSeller": "GMexXMCN3kiZ49GNvzydrXMCGc4jKcudxmm5KBNJ2aWB",
    "firstTradeValueUsd": 2.176630942,
    "label": 63
}