{
    "mint": "G6JMvqi2CaQhUtuaAvRrQzG7VGmTTEVT9cyp6zr2pump",
    "name": "CHILLGUY.ZIP",
    "symbol": "CHILLZIP",
    "decimals": "6",
    "totalSupply": "999598209401256",
    "totalSupplyFormatted": "999598209.401256",
    "sellerFeeBasisPoints": 0,
    "isMutable": true,
    "primarySaleHappened": 0,
    "updateAuthority": "D8rp7qwY4qTuzrH2sPmQQBiwzFoatfTTmHCqQDX7ECWk",
    "usdPrice": 2.3695e-05,
    "nativePriceValue": "161",
    "exchangeName": "PumpSwap",
    "exchangeAddress": "pAMMBay6oceH9fJKBRHGP5D4bD4sWpmSwMn52FMfXEA",
    "firstSwapTimestamp": "2025-06-28T15:56:22+00:00",
    "firstSwapType": "buy",
    "firstBuyerOrSeller": "bpDk4nZxqCN7iXtgKYppNcWoK3HZ1w1X5Q2rfoU8EHj",
    "firstTradeValueUsd": 2.570091565,
    "label": 64
}