{
    "mint": "SUDogFaZbPyDKiP2X8RsbTTAqt4j82RJXd11YQtpump",
    "name": "NUKE NIGGA REACTOR",
    "symbol": "NNR",
    "decimals": "6",
    "totalSupply": "774766922227",
    "totalSupplyFormatted": "774766.922227",
    "sellerFeeBasisPoints": 0,
    "isMutable": false,
    "primarySaleHappened": 0,
    "updateAuthority": "E1Anp6xuy5J3vBiqDoVSREYAxF1cwFYZtJzbVQisaLiG",
    "usdPrice": 6.145e-06,
    "nativePriceValue": "37.9469",
    "exchangeName": "PumpSwap",
    "exchangeAddress": "pAMMBay6oceH9fJKBRHGP5D4bD4sWpmSwMn52FMfXEA",
    "firstSwapTimestamp": "2025-06-16T00:23:29+00:00",
    "firstSwapType": "buy",
    "firstBuyerOrSeller": "cakewAiZcEFuE3YjRd6KzBVqdpykNCZupJxdft7u5vW",
    "firstTradeValueUsd": 0.012182396,
    "label": 63
}