{
    "mint": "HKpPrXUqqB7BFaVfjzRazZctRQt2dxYH1ASLF6TZpump",
    "name": "War is an Economy",
    "symbol": "Warcoin",
    "decimals": "6",
    "totalSupply": "999999200225245",
    "totalSupplyFormatted": "999999200.225245",
    "sellerFeeBasisPoints": 0,
    "isMutable": true,
    "primarySaleHappened": 0,
    "updateAuthority": "3qZgArk1mz5Yugw7anip2s26Thovj5byJ3ERzrWMT3kj",
    "usdPrice": 3.5415e-05,
    "nativePriceValue": "231",
    "exchangeName": "PumpSwap",
    "exchangeAddress": "pAMMBay6oceH9fJKBRHGP5D4bD4sWpmSwMn52FMfXEA",
    "firstSwapTimestamp": "2025-06-17T04:59:41+00:00",
    "firstSwapType": "buy",
    "firstBuyerOrSeller": "2uav5q4X6T4MaWRtH5ysVYffTe33kHVFkz5zChKvvc4D",
    "firstTradeValueUsd": 1.373940778,
    "label": 63
}