{
    "mint": "7fB9nca429BWC9krotTnzSK7mmC32BB8jAYD4Stspump",
    "name": "horse with ballsack",
    "symbol": "horsesack",
    "decimals": "6",
    "totalSupply": "1972397962588",
    "totalSupplyFormatted": "1972397.962588",
    "sellerFeeBasisPoints": 0,
    "isMutable": false,
    "primarySaleHappened": 0,
    "updateAuthority": "9YRdTHAwHfZxyyn8sbJpUhisfN2WwenH3Beh8eNcvb9J",
    "usdPrice": 8.895e-06,
    "nativePriceValue": "56.1804",
    "exchangeName": "PumpSwap",
    "exchangeAddress": "pAMMBay6oceH9fJKBRHGP5D4bD4sWpmSwMn52FMfXEA",
    "firstSwapTimestamp": "2025-07-10T02:13:37+00:00",
    "firstSwapType": "buy",
    "firstBuyerOrSeller": "EdMWU7esr29zrS7zUH9FVnm1Axd6VaEEbRpghkhh9tj9",
    "firstTradeValueUsd": 0.395842803,
    "label": 65
}