{
    "mint": "4htQJfWPQ3ohcbtbE6ARAYZ4Pm6GXiceVvxeRW1Qpump",
    "name": "Kaboom",
    "symbol": "KABOOM",
    "decimals": "6",
    "totalSupply": "999998253198979",
    "totalSupplyFormatted": "999998253.198979",
    "sellerFeeBasisPoints": 0,
    "isMutable": true,
    "primarySaleHappened": 0,
    "updateAuthority": "Gswm6o2JLGtPfRAguiQHj1S3u7wrD7HRk6ggNC2WGhFs",
    "usdPrice": 0.000105284,
    "nativePriceValue": "716",
    "exchangeName": "PumpSwap",
    "exchangeAddress": "pAMMBay6oceH9fJKBRHGP5D4bD4sWpmSwMn52FMfXEA",
    "firstSwapTimestamp": "2025-07-01T14:30:01+00:00",
    "firstSwapType": "buy",
    "firstBuyerOrSeller": "8QJyvvEVNAW7gvrydSXSadCfkDh859ZdiiqQQXgtP8Uq",
    "firstTradeValueUsd": 23.705178734,
    "label": 70
}