{
    "mint": "EYmruYBCaTL7NQsybxKG1p2nu1MH1gggrvS6jLvapump",
    "name": "Bitcoin",
    "symbol": "BTC",
    "decimals": "6",
    "totalSupply": "999974918891355",
    "totalSupplyFormatted": "999974918.891355",
    "sellerFeeBasisPoints": 0,
    "isMutable": true,
    "primarySaleHappened": 0,
    "updateAuthority": "8R4w9NbVBJ6ZbYopaKCTPxNmreh2NxueMpz7NUKtjiPD",
    "usdPrice": 9.2659e-05,
    "nativePriceValue": "621",
    "exchangeName": "PumpSwap",
    "exchangeAddress": "pAMMBay6oceH9fJKBRHGP5D4bD4sWpmSwMn52FMfXEA",
    "firstSwapTimestamp": "2025-07-02T09:06:27+00:00",
    "firstSwapType": "buy",
    "firstBuyerOrSeller": "9bHBfnrJ2gro41BqdKx6ebPD5Cf74UyWf3kfD5FceJi1",
    "firstTradeValueUsd": 1.488611415,
    "label": 63
}