{
    "mint": "3HNttB3ZiKR1VHrkpMVanKHafFeRY9FzxERRJNmdpump",
    "name": "Digital Arson",
    "symbol": "Arson",
    "decimals": "6",
    "totalSupply": "2142476921460",
    "totalSupplyFormatted": "2142476.92146",
    "sellerFeeBasisPoints": 0,
    "isMutable": false,
    "primarySaleHappened": 0,
    "updateAuthority": "Sc2QaoynbvsRrDke7D1bZTfpbt9GFLxzRgAGSBQv7zJ",
    "usdPrice": 8.365e-06,
    "nativePriceValue": "57.1876",
    "exchangeName": "PumpSwap",
    "exchangeAddress": "pAMMBay6oceH9fJKBRHGP5D4bD4sWpmSwMn52FMfXEA",
    "firstSwapTimestamp": "2025-07-04T19:15:09+00:00",
    "firstSwapType": "buy",
    "firstBuyerOrSeller": "Sc2QaoynbvsRrDke7D1bZTfpbt9GFLxzRgAGSBQv7zJ",
    "firstTradeValueUsd": 1.46e-07,
    "label": 66
}