{
    "mint": "MwU5gkvKdoyjohCkreAiUDWnNJXTHVMxoMc7ZYSpump",
    "name": "MORON",
    "symbol": "MORON",
    "decimals": "6",
    "totalSupply": "2599311014824",
    "totalSupplyFormatted": "2599311.014824",
    "sellerFeeBasisPoints": 0,
    "isMutable": false,
    "primarySaleHappened": 0,
    "updateAuthority": "61j5B4HYefuWFVqudTRCTUKL8d3qkfFoy5dgJz3h4iVq",
    "usdPrice": 2.823e-10,
    "nativePriceValue": "0.0017444",
    "exchangeName": "PumpSwap",
    "exchangeAddress": "pAMMBay6oceH9fJKBRHGP5D4bD4sWpmSwMn52FMfXEA",
    "firstSwapTimestamp": "2025-06-22T12:09:36+00:00",
    "firstSwapType": "buy",
    "firstBuyerOrSeller": "cakewAiZcEFuE3YjRd6KzBVqdpykNCZupJxdft7u5vW",
    "firstTradeValueUsd": 0.008553965,
    "label": 36
}