{
    "mint": "8bmZ1AErnmSv365kjtQbDP4gsGZazWacH3j9pqs6pump",
    "name": "ceasefart",
    "symbol": "ceasefart",
    "decimals": "6",
    "totalSupply": "999997643564034",
    "totalSupplyFormatted": "999997643.564034",
    "sellerFeeBasisPoints": 0,
    "isMutable": true,
    "primarySaleHappened": 0,
    "updateAuthority": "CHAjQygPZGq1gN7yQyBK6Fx73D3EHftPNB6ygUoAaGaF",
    "usdPrice": 3.009e-05,
    "nativePriceValue": "206",
    "exchangeName": "PumpSwap",
    "exchangeAddress": "pAMMBay6oceH9fJKBRHGP5D4bD4sWpmSwMn52FMfXEA",
    "firstSwapTimestamp": "2025-06-24T06:05:08+00:00",
    "firstSwapType": "buy",
    "firstBuyerOrSeller": "4x5Uj5iyWvwJ92XFNeE5bEkFLQ3Q5i5rAK1P779VMPHj",
    "firstTradeValueUsd": 1.157577327,
    "label": 63
}