{
    "mint": "5LBU339DDNesGnKm1Nq1PGbBMSaEAcNoVvEYnXjMpump",
    "name": "Lost in thought kitty",
    "symbol": "LITK",
    "decimals": "6",
    "totalSupply": "999982791301390",
    "totalSupplyFormatted": "999982791.30139",
    "sellerFeeBasisPoints": 0,
    "isMutable": true,
    "primarySaleHappened": 0,
    "updateAuthority": "H6Sv1N2uUAJTrAPKYJXxCajxQeAVvVa9pWTLzG2uNuMV",
    "usdPrice": 0.000129725,
    "nativePriceValue": "860",
    "exchangeName": "PumpSwap",
    "exchangeAddress": "pAMMBay6oceH9fJKBRHGP5D4bD4sWpmSwMn52FMfXEA",
    "firstSwapTimestamp": "2025-06-29T17:04:13+00:00",
    "firstSwapType": "buy",
    "firstBuyerOrSeller": "YjuFB8tymxtcE4RoeHEPRxJxHeW36YwnosLtn8eTzHb",
    "firstTradeValueUsd": 571.431236749,
    "label": 80
}