{
    "mint": "9EhRNUTj274MMgiFMu9D5DcansBGXts5nUs3jrZMpump",
    "name": "HELIO AI",
    "symbol": "HELIO",
    "decimals": "6",
    "totalSupply": "999999880514112",
    "totalSupplyFormatted": "999999880.514112",
    "sellerFeeBasisPoints": 0,
    "isMutable": false,
    "primarySaleHappened": 0,
    "updateAuthority": "3127sH1kDVa45AccTDXJ45gCcGFs34C5avhfX4Lx6m4D",
    "usdPrice": 0.006741732,
    "nativePriceValue": "46000",
    "exchangeName": "PumpSwap",
    "exchangeAddress": "pAMMBay6oceH9fJKBRHGP5D4bD4sWpmSwMn52FMfXEA",
    "firstSwapTimestamp": "2025-06-18T04:29:56+00:00",
    "firstSwapType": "buy",
    "firstBuyerOrSeller": "HgvuHFzJhwPf6NhSKi1UfL3ZzFcUa9Z1UA89NSfLy5BT",
    "firstTradeValueUsd": 4334.14972402,
    "label": 67
}