{
    "mint": "HbgvzpARkbKodpGWtHqzXToikMkJtvFHtgoX6Gpkpump",
    "name": "THE CUBE",
    "symbol": "CUBE",
    "decimals": "6",
    "totalSupply": "999865212355400",
    "totalSupplyFormatted": "999865212.3554",
    "sellerFeeBasisPoints": 0,
    "isMutable": true,
    "primarySaleHappened": 0,
    "updateAuthority": "HCpSEPLggpntgZPD6mn2toEXSHeqHFwuXbZFFinDwGuZ",
    "usdPrice": 4.8191e-05,
    "nativePriceValue": "348",
    "exchangeName": "PumpSwap",
    "exchangeAddress": "pAMMBay6oceH9fJKBRHGP5D4bD4sWpmSwMn52FMfXEA",
    "firstSwapTimestamp": "2025-06-21T19:16:13+00:00",
    "firstSwapType": "buy",
    "firstBuyerOrSeller": "7TKi5dT5MdyB8Rzs5sh2gp6JDTxaRKfA9E3zocA3k4wV",
    "firstTradeValueUsd": 1.648257342,
    "label": 63
}