{
    "mint": "6ydL7WkjsCMwJZnA1pLSt2f1QxLaUZskPVbrmmWwpump",
    "name": "Tardigrades Cult",
    "symbol": "TARD",
    "decimals": "6",
    "totalSupply": "999998814381985",
    "totalSupplyFormatted": "999998814.381985",
    "sellerFeeBasisPoints": 0,
    "isMutable": true,
    "primarySaleHappened": 0,
    "updateAuthority": "8YjLPkHAimFi6FXAm2TZ4PNVg2Nxtj38egxygsza5Enu",
    "usdPrice": 1.0519e-05,
    "nativePriceValue": "72.998",
    "exchangeName": "PumpSwap",
    "exchangeAddress": "pAMMBay6oceH9fJKBRHGP5D4bD4sWpmSwMn52FMfXEA",
    "firstSwapTimestamp": "2025-06-24T10:57:14+00:00",
    "firstSwapType": "buy",
    "firstBuyerOrSeller": "97TjdjQr6vQZ6YTFZ4Ux5wPsCPGjNHTbURmJGsJdxdry",
    "firstTradeValueUsd": 14.373465414,
    "label": 63
}