{
    "mint": "GUuP1EDwRWgE7YbVQZoTMFda6HqHXQhzXNV3q277pump",
    "name": "Kool-Aid Man Challenge",
    "symbol": "OHYEAH",
    "decimals": "6",
    "totalSupply": "999998036657905",
    "totalSupplyFormatted": "999998036.657905",
    "sellerFeeBasisPoints": 0,
    "isMutable": true,
    "primarySaleHappened": 0,
    "updateAuthority": "BD9vNVYffDL6hKCVNwxFam6AAqcszyxnUca2WLveQNZp",
    "usdPrice": 5.5999e-05,
    "nativePriceValue": "381",
    "exchangeName": "PumpSwap",
    "exchangeAddress": "pAMMBay6oceH9fJKBRHGP5D4bD4sWpmSwMn52FMfXEA",
    "firstSwapTimestamp": "2025-06-14T01:37:20+00:00",
    "firstSwapType": "buy",
    "firstBuyerOrSeller": "89FuDMzqFbUC4QHvvgARXXRkVdbjdKM3Fd9xKFYqAD5Q",
    "firstTradeValueUsd": 14.685670412,
    "label": 81
}