{
    "mint": "3gGFGNYRaK3vJkH3kdUD84V3Xuq85M7y1qdgbHrzpump",
    "name": "Ask Polymarket",
    "symbol": "PolyAI",
    "decimals": "6",
    "totalSupply": "26249134273",
    "totalSupplyFormatted": "26249.134273",
    "sellerFeeBasisPoints": 0,
    "isMutable": false,
    "primarySaleHappened": 0,
    "updateAuthority": "A8FMdkHauDAwt6Mr6W6dKhtVuszzBiZDcnZF3qoDc3Zp",
    "usdPrice": 3.3e-07,
    "nativePriceValue": "2.0271",
    "exchangeName": "PumpSwap",
    "exchangeAddress": "pAMMBay6oceH9fJKBRHGP5D4bD4sWpmSwMn52FMfXEA",
    "firstSwapTimestamp": "2025-07-11T20:44:32+00:00",
    "firstSwapType": "buy",
    "firstBuyerOrSeller": "A8FMdkHauDAwt6Mr6W6dKhtVuszzBiZDcnZF3qoDc3Zp",
    "firstTradeValueUsd": 1.62e-07,
    "label": 66
}