{
    "mint": "2bUYX5pCXYf2NxDDcMvwGpRHZ55NKgmbnHGXwMVJpump",
    "name": "missed entry, missed exit.",
    "symbol": "meme",
    "decimals": "6",
    "totalSupply": "999999555232309",
    "totalSupplyFormatted": "999999555.232309",
    "sellerFeeBasisPoints": 0,
    "isMutable": true,
    "primarySaleHappened": 0,
    "updateAuthority": "FEUXA6AeWyiHSceebyJPV5Cv4uoCC8TJtk2hZo4zcwzg",
    "usdPrice": 0.000123226,
    "nativePriceValue": "832",
    "exchangeName": "PumpSwap",
    "exchangeAddress": "pAMMBay6oceH9fJKBRHGP5D4bD4sWpmSwMn52FMfXEA",
    "firstSwapTimestamp": "2025-06-18T02:15:39+00:00",
    "firstSwapType": "buy",
    "firstBuyerOrSeller": "2JUU74qA5BCWSjBfggLcxMfypbzEeawqMpuhWpqV3zZn",
    "firstTradeValueUsd": 1.470163461,
    "label": 63
}