{
    "mint": "Ek7iAorXHChFSnq5j7sXAbCNxd15DjRxJbKMa3h8pump",
    "name": "President Vs Elon",
    "symbol": "PVE",
    "decimals": "6",
    "totalSupply": "547340099620",
    "totalSupplyFormatted": "547340.09962",
    "sellerFeeBasisPoints": 0,
    "isMutable": false,
    "primarySaleHappened": 0,
    "updateAuthority": "ANE8yhW9EEhkHi44vXbQJKHxNhvd3pUb6NMe1Quk9K8a",
    "usdPrice": 9.04e-06,
    "nativePriceValue": "59.5229",
    "exchangeName": "PumpSwap",
    "exchangeAddress": "pAMMBay6oceH9fJKBRHGP5D4bD4sWpmSwMn52FMfXEA",
    "firstSwapTimestamp": "2025-07-06T23:08:03+00:00",
    "firstSwapType": "buy",
    "firstBuyerOrSeller": "FpJxBcaMAid9E4Mr3pLSyKk5JMUPiWtGcYBeYzQdRtgp",
    "firstTradeValueUsd": 0.045500609,
    "label": 63
}