{
    "mint": "7hcMZ4ChQ7yMUAVTrVHdUFB82f9b8jzYxmWKyUStpump",
    "name": "Oona The Puffin",
    "symbol": "OONA",
    "decimals": "6",
    "totalSupply": "999802647227470",
    "totalSupplyFormatted": "999802647.22747",
    "sellerFeeBasisPoints": 0,
    "isMutable": true,
    "primarySaleHappened": 0,
    "updateAuthority": "Dg9rz5K4PEKY6nbv9yENFsbkyBmmeysPk8CFj8Hjjd5x",
    "usdPrice": 4.7695e-05,
    "nativePriceValue": "313",
    "exchangeName": "PumpSwap",
    "exchangeAddress": "pAMMBay6oceH9fJKBRHGP5D4bD4sWpmSwMn52FMfXEA",
    "firstSwapTimestamp": "2025-07-04T01:16:30+00:00",
    "firstSwapType": "buy",
    "firstBuyerOrSeller": "EN8qS2bVqwxs2VsT12rK7qZnpKuZzcnwGgSeRhS6wfdL",
    "firstTradeValueUsd": 1.526395402,
    "label": 69
}