{
    "mint": "6ayabBXB6CA22vSt9kSZBk3ktGJd4kYzFcEtUDGtpump",
    "name": "Italo Disco",
    "symbol": "italo",
    "decimals": "6",
    "totalSupply": "999998973224573",
    "totalSupplyFormatted": "999998973.224573",
    "sellerFeeBasisPoints": 0,
    "isMutable": true,
    "primarySaleHappened": 0,
    "updateAuthority": "HKg8u8AjNBrZgj1wSd5JBxNfnL8pTdc2BWTfXKNawWPz",
    "usdPrice": 0.000206014,
    "nativePriceValue": "1474",
    "exchangeName": "PumpSwap",
    "exchangeAddress": "pAMMBay6oceH9fJKBRHGP5D4bD4sWpmSwMn52FMfXEA",
    "firstSwapTimestamp": "2025-06-20T18:39:34+00:00",
    "firstSwapType": "buy",
    "firstBuyerOrSeller": "Bo5zd1Ns6q3dhqher9rtSBVcDTKpSagdxBvy1ApRSBkb",
    "firstTradeValueUsd": 13.860788558,
    "label": 62
}