{
    "mint": "rEd1HbuqSQxqP5J3VgNTRp2cadvGH8yNkm2vj1Xpump",
    "name": "Thikdin",
    "symbol": "THIK",
    "decimals": "6",
    "totalSupply": "3751395230",
    "totalSupplyFormatted": "3751.39523",
    "sellerFeeBasisPoints": 0,
    "isMutable": false,
    "primarySaleHappened": 0,
    "updateAuthority": "HD9Gog5GmsT7eRpBJbmkuFcxh6538Qf55kfWcpX8xuub",
    "usdPrice": 5.62e-06,
    "nativePriceValue": "34.6524",
    "exchangeName": "PumpSwap",
    "exchangeAddress": "pAMMBay6oceH9fJKBRHGP5D4bD4sWpmSwMn52FMfXEA",
    "firstSwapTimestamp": "2025-06-21T20:47:13+00:00",
    "firstSwapType": "buy",
    "firstBuyerOrSeller": "27HFmP7ccLadGswvQfvea4o3juLw75cPF4V6jWpHM3MX",
    "firstTradeValueUsd": 0.014535158,
    "label": 36
}