{
    "mint": "H8ssHwU8yDjoAFYXcFukX8YZ1uzkZd5haxsL6ZXvpump",
    "name": "Solana",
    "symbol": "GOR",
    "decimals": "6",
    "totalSupply": "999964465585414",
    "totalSupplyFormatted": "999964465.585414",
    "sellerFeeBasisPoints": 0,
    "isMutable": true,
    "primarySaleHappened": 0,
    "updateAuthority": "9ciWhoM9tbEyCx2Fdx876X2rC8tddSzCuqg7iNTumk3J",
    "usdPrice": 294791.054335566,
    "nativePriceValue": "1615384769230",
    "exchangeName": "PumpSwap",
    "exchangeAddress": "pAMMBay6oceH9fJKBRHGP5D4bD4sWpmSwMn52FMfXEA",
    "firstSwapTimestamp": "2025-06-19T06:24:34+00:00",
    "firstSwapType": "buy",
    "firstBuyerOrSeller": "FLMusxh9if28hiUonuGSr1JyuGj4ZBoABxUyXjdnehjQ",
    "firstTradeValueUsd": 2.587342073,
    "label": 68
}