{
    "mint": "DBBgjL2e6S6sZu2hRLtB7i4KuCMsfvMhXmCW5sVLpump",
    "name": "INTEL",
    "symbol": "intel",
    "decimals": "6",
    "totalSupply": "999999017597423",
    "totalSupplyFormatted": "999999017.597423",
    "sellerFeeBasisPoints": 0,
    "isMutable": true,
    "primarySaleHappened": 0,
    "updateAuthority": "8wWMaqg1Wr5m1kgeoV4csjCrrehMsGAP1R9VFntQ7YoL",
    "usdPrice": 0.000121793,
    "nativePriceValue": "845",
    "exchangeName": "PumpSwap",
    "exchangeAddress": "pAMMBay6oceH9fJKBRHGP5D4bD4sWpmSwMn52FMfXEA",
    "firstSwapTimestamp": "2025-06-24T04:20:52+00:00",
    "firstSwapType": "buy",
    "firstBuyerOrSeller": "3joKYvUT7hRFNUBdX1e1TfGhJrGMtWYWs147TnUTQeh3",
    "firstTradeValueUsd": 1.426724998,
    "label": 62
}