{
    "mint": "HGJz6zAfRFNjhJHCwwaXLJEZ5G3eFaSc6Lqwdxbspump",
    "name": "gorbridge",
    "symbol": "GORB",
    "decimals": "6",
    "totalSupply": "999957005245745",
    "totalSupplyFormatted": "999957005.245745",
    "sellerFeeBasisPoints": 0,
    "isMutable": true,
    "primarySaleHappened": 0,
    "updateAuthority": "5rTqTbdDx6vnJeTL2jBpQRNyD5EWGZvEs2KhU2d2fe4Z",
    "usdPrice": 9.199e-06,
    "nativePriceValue": "64.6495",
    "exchangeName": "PumpSwap",
    "exchangeAddress": "pAMMBay6oceH9fJKBRHGP5D4bD4sWpmSwMn52FMfXEA",
    "firstSwapTimestamp": "2025-06-21T11:54:37+00:00",
    "firstSwapType": "buy",
    "firstBuyerOrSeller": "nVik8eFLm8MWwNXbzBhncLx3dmembDpQ9JT7bxziyXL",
    "firstTradeValueUsd": 0.909157614,
    "label": 63
}