{
    "mint": "oc8i9vyv99XfusQqdGVhgY45RbbhXqhSZMuMTABpump",
    "name": "The Biggest Memecoin",
    "symbol": "USD",
    "decimals": "6",
    "totalSupply": "3629991040",
    "totalSupplyFormatted": "3629.99104",
    "sellerFeeBasisPoints": 0,
    "isMutable": false,
    "primarySaleHappened": 0,
    "updateAuthority": "21Ett7QsksoNZGgAzyupMMtS6aWqwmQeHqfXm7VrHPbX",
    "usdPrice": 6.155e-06,
    "nativePriceValue": "37.9376",
    "exchangeName": "PumpSwap",
    "exchangeAddress": "pAMMBay6oceH9fJKBRHGP5D4bD4sWpmSwMn52FMfXEA",
    "firstSwapTimestamp": "2025-06-25T03:44:13+00:00",
    "firstSwapType": "buy",
    "firstBuyerOrSeller": "27HFmP7ccLadGswvQfvea4o3juLw75cPF4V6jWpHM3MX",
    "firstTradeValueUsd": 0.015331752,
    "label": 36
}