{
    "mint": "6oc4VAynGFyKfXjVRRUM259GTRpXETiTCr1hjLP8pump",
    "name": "CelestialCoin",
    "symbol": "CELCOIN",
    "decimals": "6",
    "totalSupply": "1000000000000000",
    "totalSupplyFormatted": "1000000000",
    "sellerFeeBasisPoints": 0,
    "isMutable": false,
    "primarySaleHappened": 0,
    "updateAuthority": "WLHv2UAZm6z4KyaaELi5pjdbJh6RESMva1Rnn8pJVVh",
    "usdPrice": 4.546e-06,
    "nativePriceValue": "27.87",
    "exchangeName": "Raydium",
    "exchangeAddress": "LanMV9sAd7wArD4vJFi2qDdfnVhFxYSUg6eADduJ3uj",
    "firstSwapTimestamp": "2025-07-10T17:02:44+00:00",
    "firstSwapType": "buy",
    "firstBuyerOrSeller": "DktXWbxZ9UHPpXTHBqoPhC3ZXAsyfWiqofYy6sHiigdT",
    "firstTradeValueUsd": 139.149027824,
    "label": 29
}