{
    "mint": "H7PVPbu88aQrnGswQnimEriAPdQis5bUvtg47U5zpump",
    "name": "Gorbagana",
    "symbol": "GOR",
    "decimals": "6",
    "totalSupply": "999942237080831",
    "totalSupplyFormatted": "999942237.080831",
    "sellerFeeBasisPoints": 0,
    "isMutable": true,
    "primarySaleHappened": 0,
    "updateAuthority": "EfzVW3zzYUqdEtYG5U6oGseAoQoVUa7wQbdDNAHFmn46",
    "usdPrice": 0.000241333,
    "nativePriceValue": "1675",
    "exchangeName": "PumpSwap",
    "exchangeAddress": "pAMMBay6oceH9fJKBRHGP5D4bD4sWpmSwMn52FMfXEA",
    "firstSwapTimestamp": "2025-06-24T20:09:29+00:00",
    "firstSwapType": "buy",
    "firstBuyerOrSeller": "2jYSccZUuXM4TY2y2641PB5zV65BSqjkfshWukL8QPkP",
    "firstTradeValueUsd": 1.431155949,
    "label": 75
}