{
    "mint": "6woJiAkRF3feh1c2ESuuyMtAVJXQcHsmpxoo7wZJpump",
    "name": "Smile Dog",
    "symbol": "SMILE",
    "decimals": "6",
    "totalSupply": "999805147010413",
    "totalSupplyFormatted": "999805147.010413",
    "sellerFeeBasisPoints": 0,
    "isMutable": true,
    "primarySaleHappened": 0,
    "updateAuthority": "G7qAx1xNf7Y1SZuPGCwyK2CZQhJSaDkcuom7VwnTBgE1",
    "usdPrice": 3.7032e-05,
    "nativePriceValue": "243",
    "exchangeName": "PumpSwap",
    "exchangeAddress": "pAMMBay6oceH9fJKBRHGP5D4bD4sWpmSwMn52FMfXEA",
    "firstSwapTimestamp": "2025-06-15T17:24:23+00:00",
    "firstSwapType": "buy",
    "firstBuyerOrSeller": "CKv3goog4tZgjnf2YxNz2ELxs2vC6daN5btstiAKztJk",
    "firstTradeValueUsd": 3.027459549,
    "label": 63
}