{
    "mint": "Gg8o6YnRMcBs6hCiSJxQeUNvhdcCk52hReP27Q9Ppump",
    "name": "Montgomery Swizzenbocher",
    "symbol": "monty",
    "decimals": "6",
    "totalSupply": "999857758427227",
    "totalSupplyFormatted": "999857758.427227",
    "sellerFeeBasisPoints": 0,
    "isMutable": true,
    "primarySaleHappened": 0,
    "updateAuthority": "3oSP3nimwT2U9gte5JpP6juEcQbw1GVhtkRfzGZt3gqw",
    "usdPrice": 2.4051e-05,
    "nativePriceValue": "179",
    "exchangeName": "PumpSwap",
    "exchangeAddress": "pAMMBay6oceH9fJKBRHGP5D4bD4sWpmSwMn52FMfXEA",
    "firstSwapTimestamp": "2025-06-23T08:32:34+00:00",
    "firstSwapType": "buy",
    "firstBuyerOrSeller": "5dnFxM648UQpBTonstiBE1HWZaVG49Cv3yuNhX6Y1nFU",
    "firstTradeValueUsd": 13.366666358,
    "label": 80
}