{
    "mint": "GtbMTG2xSmBT41KRaRensnqTfd4zHuoepXiPQ8ippump",
    "name": "Zazu 2",
    "symbol": "BEAN",
    "decimals": "6",
    "totalSupply": "998917667258868",
    "totalSupplyFormatted": "998917667.258868",
    "sellerFeeBasisPoints": 0,
    "isMutable": true,
    "primarySaleHappened": 0,
    "updateAuthority": "12dq2fcqAJbzehfRJZANz3V1UhkGZ9QUb5wt5PodybsN",
    "usdPrice": 1.0373e-05,
    "nativePriceValue": "70.857",
    "exchangeName": "PumpSwap",
    "exchangeAddress": "pAMMBay6oceH9fJKBRHGP5D4bD4sWpmSwMn52FMfXEA",
    "firstSwapTimestamp": "2025-06-28T09:14:45+00:00",
    "firstSwapType": "buy",
    "firstBuyerOrSeller": "BuPZys5W99NnqwF9qXnoaYoPEfXgBqLrdrSTNbd38eUe",
    "firstTradeValueUsd": 0.727730311,
    "label": 79
}