{
    "mint": "USroCSHAcrkt3LkJMsk7D62FpPSE9AXTyNNvoVNpump",
    "name": "World is War",
    "symbol": "WIW",
    "decimals": "6",
    "totalSupply": "4840366800",
    "totalSupplyFormatted": "4840.3668",
    "sellerFeeBasisPoints": 0,
    "isMutable": false,
    "primarySaleHappened": 0,
    "updateAuthority": "5EbfcgMFKhuFGYg4jYszXVhZZeSijPJJvp8M7a8x2HrB",
    "usdPrice": 2.332e-06,
    "nativePriceValue": "14.3877",
    "exchangeName": "PumpSwap",
    "exchangeAddress": "pAMMBay6oceH9fJKBRHGP5D4bD4sWpmSwMn52FMfXEA",
    "firstSwapTimestamp": "2025-06-18T22:55:32+00:00",
    "firstSwapType": "buy",
    "firstBuyerOrSeller": "4woXzDiykf2ykiWw4jTeK5ce3rcMBNm9z5FqQwoReFTg",
    "firstTradeValueUsd": 0.011780795,
    "label": 36
}