{
    "mint": "8tU2BdXN4rhxnyF3zToui9GCfnorfX2pxVSAsod7pump",
    "name": "Incrediboy Memes",
    "symbol": "Syndrome",
    "decimals": "6",
    "totalSupply": "5460717175668",
    "totalSupplyFormatted": "5460717.175668",
    "sellerFeeBasisPoints": 0,
    "isMutable": false,
    "primarySaleHappened": 0,
    "updateAuthority": "4TdYLJKUVwzQZD8M9dFsjVi5smaA2nDwTRAG6fwkjRfL",
    "usdPrice": 4.491e-06,
    "nativePriceValue": "29.8651",
    "exchangeName": "PumpSwap",
    "exchangeAddress": "pAMMBay6oceH9fJKBRHGP5D4bD4sWpmSwMn52FMfXEA",
    "firstSwapTimestamp": "2025-06-30T11:09:24+00:00",
    "firstSwapType": "buy",
    "firstBuyerOrSeller": "4TdYLJKUVwzQZD8M9dFsjVi5smaA2nDwTRAG6fwkjRfL",
    "firstTradeValueUsd": 1.5e-07,
    "label": 63
}