{
    "mint": "pGCcLE4MKV6BhZAZpSTqHvyuo5FJ7pqXSnanbmnpump",
    "name": "cat in tube",
    "symbol": "CIT",
    "decimals": "6",
    "totalSupply": "25034687563",
    "totalSupplyFormatted": "25034.687563",
    "sellerFeeBasisPoints": 0,
    "isMutable": false,
    "primarySaleHappened": 0,
    "updateAuthority": "3iqhg4FiWBGHVVyXk6gfhBGNgMVZcJRQ3Zk3VqTKBcvv",
    "usdPrice": 9.15093e-08,
    "nativePriceValue": "0.5666",
    "exchangeName": "PumpSwap",
    "exchangeAddress": "pAMMBay6oceH9fJKBRHGP5D4bD4sWpmSwMn52FMfXEA",
    "firstSwapTimestamp": "2025-06-16T14:35:00+00:00",
    "firstSwapType": "buy",
    "firstBuyerOrSeller": "27HFmP7ccLadGswvQfvea4o3juLw75cPF4V6jWpHM3MX",
    "firstTradeValueUsd": 0.016561155,
    "label": 36
}