{
    "mint": "CvsZjznjN289CM6XXGUrexxTEsPhnyZKHdC7LxQKpump",
    "name": "gorbalana",
    "symbol": "GO",
    "decimals": "6",
    "totalSupply": "999973462666784",
    "totalSupplyFormatted": "999973462.666784",
    "sellerFeeBasisPoints": 0,
    "isMutable": true,
    "primarySaleHappened": 0,
    "updateAuthority": "GCRaTgsFZVbGPjNLRJDED1BF2DqG7M6Tpmxk4MRPwwNM",
    "usdPrice": 5.4758e-05,
    "nativePriceValue": "373",
    "exchangeName": "PumpSwap",
    "exchangeAddress": "pAMMBay6oceH9fJKBRHGP5D4bD4sWpmSwMn52FMfXEA",
    "firstSwapTimestamp": "2025-06-19T05:34:57+00:00",
    "firstSwapType": "buy",
    "firstBuyerOrSeller": "45Nzq9MiciKfWd4KH3arn1FxnpGyzk8jrCLeAue3tYoT",
    "firstTradeValueUsd": 3.032940473,
    "label": 73
}