{
    "mint": "E4aiKyzBTWGXTtXAPWhP55KFkPxB4QmyueAGnztspump",
    "name": "Big Balls Elon",
    "symbol": "BBE",
    "decimals": "6",
    "totalSupply": "32234622646",
    "totalSupplyFormatted": "32234.622646",
    "sellerFeeBasisPoints": 0,
    "isMutable": true,
    "primarySaleHappened": 0,
    "updateAuthority": "BcoUvPakdewbG7rKRU6s3VAZtVGVUgL5qQjmkYgD6Pm6",
    "usdPrice": 383306.807948012,
    "nativePriceValue": "2000000300000",
    "exchangeName": "PumpSwap",
    "exchangeAddress": "pAMMBay6oceH9fJKBRHGP5D4bD4sWpmSwMn52FMfXEA",
    "firstSwapTimestamp": "2025-06-28T09:18:16+00:00",
    "firstSwapType": "buy",
    "firstBuyerOrSeller": "KWq7esvBkhAh6TP6iDb1LtGPhQbTN76L6iN3p5Dd81E",
    "firstTradeValueUsd": 45.808867612,
    "label": 63
}