{
    "mint": "ETEkVrnpYYFuAoVnihmZMJQwY2kYRaxkL1JJTjYtpump",
    "name": "JPMDCOIN",
    "symbol": "JPMDCOIN",
    "decimals": "6",
    "totalSupply": "999937850141010",
    "totalSupplyFormatted": "999937850.14101",
    "sellerFeeBasisPoints": 0,
    "isMutable": true,
    "primarySaleHappened": 0,
    "updateAuthority": "G5AmvU5WyJThhTVapzyy6EGFp4MdTf65X1HNyjP6H2g4",
    "usdPrice": 4.5905e-05,
    "nativePriceValue": "291",
    "exchangeName": "PumpSwap",
    "exchangeAddress": "pAMMBay6oceH9fJKBRHGP5D4bD4sWpmSwMn52FMfXEA",
    "firstSwapTimestamp": "2025-06-16T21:26:03+00:00",
    "firstSwapType": "buy",
    "firstBuyerOrSeller": "8arys8QK3nBuMYT1kGGWmfrNFgLVe6SjsMppfPunvSPs",
    "firstTradeValueUsd": 1.567055528,
    "label": 63
}