{
    "mint": "5RTv316GAZZncDQ6pFyST4MnApRNCG5txo9nTYSGpump",
    "name": "PUMP",
    "symbol": "PUMP",
    "decimals": "6",
    "totalSupply": "999713489560802",
    "totalSupplyFormatted": "999713489.560802",
    "sellerFeeBasisPoints": 0,
    "isMutable": true,
    "primarySaleHappened": 0,
    "updateAuthority": "Qq6sqMsM84cuxBroAEyw2iYnmJh2t7MP4aCU9AVWvH8",
    "usdPrice": 2.8713e-05,
    "nativePriceValue": "211",
    "exchangeName": "PumpSwap",
    "exchangeAddress": "pAMMBay6oceH9fJKBRHGP5D4bD4sWpmSwMn52FMfXEA",
    "firstSwapTimestamp": "2025-06-22T04:25:31+00:00",
    "firstSwapType": "buy",
    "firstBuyerOrSeller": "89FuDMzqFbUC4QHvvgARXXRkVdbjdKM3Fd9xKFYqAD5Q",
    "firstTradeValueUsd": 13.526879315,
    "label": 80
}