{
    "mint": "E4x8ZFL6q1zqnN1c7UnP5kAr52hJpYVHnWYwvAt6pump",
    "name": "Special Coin",
    "symbol": "Special",
    "decimals": "6",
    "totalSupply": "8079741571213",
    "totalSupplyFormatted": "8079741.571213",
    "sellerFeeBasisPoints": 0,
    "isMutable": false,
    "primarySaleHappened": 0,
    "updateAuthority": "BhD7gvW6DojSFaTsnh72Q82qASks24XSfS6sM6xJe3be",
    "usdPrice": 5.681e-06,
    "nativePriceValue": "37.7186",
    "exchangeName": "PumpSwap",
    "exchangeAddress": "pAMMBay6oceH9fJKBRHGP5D4bD4sWpmSwMn52FMfXEA",
    "firstSwapTimestamp": "2025-07-06T19:43:38+00:00",
    "firstSwapType": "buy",
    "firstBuyerOrSeller": "BhD7gvW6DojSFaTsnh72Q82qASks24XSfS6sM6xJe3be",
    "firstTradeValueUsd": 1.5e-07,
    "label": 63
}