{
    "mint": "q8rAUtosYfgMxpdLqTGHjznCed9Z1riCJDBU3Vvpump",
    "name": "BOI",
    "symbol": "BOI",
    "decimals": "6",
    "totalSupply": "2104116402",
    "totalSupplyFormatted": "2104.116402",
    "sellerFeeBasisPoints": 0,
    "isMutable": false,
    "primarySaleHappened": 0,
    "updateAuthority": "6BE5MNZumTESzvabR4oad4wrvDC69eJoJZFPibXoW9A",
    "usdPrice": 2.6722e-05,
    "nativePriceValue": "164",
    "exchangeName": "PumpSwap",
    "exchangeAddress": "pAMMBay6oceH9fJKBRHGP5D4bD4sWpmSwMn52FMfXEA",
    "firstSwapTimestamp": "2025-06-25T22:50:15+00:00",
    "firstSwapType": "buy",
    "firstBuyerOrSeller": "27HFmP7ccLadGswvQfvea4o3juLw75cPF4V6jWpHM3MX",
    "firstTradeValueUsd": 0.015023384,
    "label": 36
}