{
    "mint": "d23x7VsGoZEn3BV9PhTv89mzta9FnV41KH1EdcSpump",
    "name": "that feel when",
    "symbol": "TFW",
    "decimals": "6",
    "totalSupply": "362602540950",
    "totalSupplyFormatted": "362602.54095",
    "sellerFeeBasisPoints": 0,
    "isMutable": false,
    "primarySaleHappened": 0,
    "updateAuthority": "3m9D8fG9hZbnmYQs2rRH8jkChrabsuMQuiNcp8vpwRLy",
    "usdPrice": 6.0093e-09,
    "nativePriceValue": "0.0371",
    "exchangeName": "PumpSwap",
    "exchangeAddress": "pAMMBay6oceH9fJKBRHGP5D4bD4sWpmSwMn52FMfXEA",
    "firstSwapTimestamp": "2025-06-26T00:38:56+00:00",
    "firstSwapType": "buy",
    "firstBuyerOrSeller": "cakewAiZcEFuE3YjRd6KzBVqdpykNCZupJxdft7u5vW",
    "firstTradeValueUsd": 0.009229189,
    "label": 36
}