{
    "mint": "DhvLK9JeKR8mTHWFJkBi6V96KbpGxeXdxK3WuNFpump",
    "name": "PRINT",
    "symbol": "PRINT",
    "decimals": "6",
    "totalSupply": "2150263650601",
    "totalSupplyFormatted": "2150263.650601",
    "sellerFeeBasisPoints": 0,
    "isMutable": false,
    "primarySaleHappened": 0,
    "updateAuthority": "LSTcQnfWbn7JUWbj5QGW1nu99pCJ14vnkAQnJc6fMNR",
    "usdPrice": 6.047e-06,
    "nativePriceValue": "37.3663",
    "exchangeName": "PumpSwap",
    "exchangeAddress": "pAMMBay6oceH9fJKBRHGP5D4bD4sWpmSwMn52FMfXEA",
    "firstSwapTimestamp": "2025-06-29T04:29:07+00:00",
    "firstSwapType": "buy",
    "firstBuyerOrSeller": "cakewAiZcEFuE3YjRd6KzBVqdpykNCZupJxdft7u5vW",
    "firstTradeValueUsd": 0.009614532,
    "label": 63
}