{
    "mint": "AqnLJ7CmnfHMnTJU6MzL5nW4JgNLT1gup7oPmeGspump",
    "name": "\u30b1\u30ed\u30ed",
    "symbol": "KERORO",
    "decimals": "6",
    "totalSupply": "535290130576",
    "totalSupplyFormatted": "535290.130576",
    "sellerFeeBasisPoints": 0,
    "isMutable": false,
    "primarySaleHappened": 0,
    "updateAuthority": "646uoRHAsavofhwL4VavecmceHtQdsUYoANb6XogieXo",
    "usdPrice": 9.862e-06,
    "nativePriceValue": "65.1556",
    "exchangeName": "PumpSwap",
    "exchangeAddress": "pAMMBay6oceH9fJKBRHGP5D4bD4sWpmSwMn52FMfXEA",
    "firstSwapTimestamp": "2025-07-07T06:12:35+00:00",
    "firstSwapType": "buy",
    "firstBuyerOrSeller": "646uoRHAsavofhwL4VavecmceHtQdsUYoANb6XogieXo",
    "firstTradeValueUsd": 1.5e-07,
    "label": 63
}