{
    "mint": "DnEwqfNRhJW8P69wKQw7p84ozfGs78Za9qWVgwVxpump",
    "name": "Useless Unstable Coin",
    "symbol": "UUC",
    "decimals": "6",
    "totalSupply": "993691328332974",
    "totalSupplyFormatted": "993691328.332974",
    "sellerFeeBasisPoints": 0,
    "isMutable": true,
    "primarySaleHappened": 0,
    "updateAuthority": "HeEkVhX25j9DbbgnwJgfg9NZvpQ9aQSaATBw2FGX8Gb9",
    "usdPrice": 3.0086e-05,
    "nativePriceValue": "208",
    "exchangeName": "PumpSwap",
    "exchangeAddress": "pAMMBay6oceH9fJKBRHGP5D4bD4sWpmSwMn52FMfXEA",
    "firstSwapTimestamp": "2025-06-26T05:38:13+00:00",
    "firstSwapType": "buy",
    "firstBuyerOrSeller": "3joKYvUT7hRFNUBdX1e1TfGhJrGMtWYWs147TnUTQeh3",
    "firstTradeValueUsd": 14.41448804,
    "label": 63
}