{
    "mint": "BqBr3KdEb9NjWubXEpKbkUvjjxLHfag42iheRTJApump",
    "name": "TOO LATE JEROME",
    "symbol": "TOOLATE",
    "decimals": "6",
    "totalSupply": "999873818533052",
    "totalSupplyFormatted": "999873818.533052",
    "sellerFeeBasisPoints": 0,
    "isMutable": true,
    "primarySaleHappened": 0,
    "updateAuthority": "3oSP3nimwT2U9gte5JpP6juEcQbw1GVhtkRfzGZt3gqw",
    "usdPrice": 4.2295e-05,
    "nativePriceValue": "293",
    "exchangeName": "PumpSwap",
    "exchangeAddress": "pAMMBay6oceH9fJKBRHGP5D4bD4sWpmSwMn52FMfXEA",
    "firstSwapTimestamp": "2025-06-24T13:48:24+00:00",
    "firstSwapType": "buy",
    "firstBuyerOrSeller": "5dnFxM648UQpBTonstiBE1HWZaVG49Cv3yuNhX6Y1nFU",
    "firstTradeValueUsd": 14.406648617,
    "label": 80
}