{
    "mint": "J6WRmHTEjqPLJWMufn6Bzj3HyoXZT6f4e2aaf52Kpump",
    "name": "Launch on Twitch Chat",
    "symbol": "LOTC",
    "decimals": "6",
    "totalSupply": "999699801498012",
    "totalSupplyFormatted": "999699801.498012",
    "sellerFeeBasisPoints": 0,
    "isMutable": true,
    "primarySaleHappened": 0,
    "updateAuthority": "7YBDSrHnpYmjTadbKtsLgVnW9NSvvMfVZUFqt7KHPicR",
    "usdPrice": 4.473e-05,
    "nativePriceValue": "293",
    "exchangeName": "PumpSwap",
    "exchangeAddress": "pAMMBay6oceH9fJKBRHGP5D4bD4sWpmSwMn52FMfXEA",
    "firstSwapTimestamp": "2025-06-15T19:46:04+00:00",
    "firstSwapType": "buy",
    "firstBuyerOrSeller": "6ZSSbyWfDG4MSCV2Nzhzd5ZPj35hn2mgci5iMH1D2Xij",
    "firstTradeValueUsd": 2.125237063,
    "label": 63
}