{
    "mint": "6xaergsM6NeAnsHXyfbQD9fPv3FekUPtdNuqfx6zpump",
    "name": "Just a chill guy",
    "symbol": "CHILLGUY",
    "decimals": "6",
    "totalSupply": "999998594887452",
    "totalSupplyFormatted": "999998594.887452",
    "sellerFeeBasisPoints": 0,
    "isMutable": true,
    "primarySaleHappened": 0,
    "updateAuthority": "5mAYmpMKWJn2CkBaYzmzgZgz5VsZQcabYNQAwBNnpQCf",
    "usdPrice": 0.000179143,
    "nativePriceValue": "1185",
    "exchangeName": "PumpSwap",
    "exchangeAddress": "pAMMBay6oceH9fJKBRHGP5D4bD4sWpmSwMn52FMfXEA",
    "firstSwapTimestamp": "2025-06-28T22:13:25+00:00",
    "firstSwapType": "buy",
    "firstBuyerOrSeller": "FWMVpoQYQGwi3kAddqHbSXesnmNtys1VqmsA3ZJoBcAQ",
    "firstTradeValueUsd": 1.504534493,
    "label": 64
}