{
    "mint": "9VhdN8s8UAfX82oj3LZBJf5WvEGrpsSDjeZXP8aBpump",
    "name": "ChillGull6900",
    "symbol": "CG6900",
    "decimals": "6",
    "totalSupply": "999950455155791",
    "totalSupplyFormatted": "999950455.155791",
    "sellerFeeBasisPoints": 0,
    "isMutable": true,
    "primarySaleHappened": 0,
    "updateAuthority": "8aJULazw219ckBB2mVGGRh74nL9a9dppz5f2cvTg18g4",
    "usdPrice": 8.6627e-05,
    "nativePriceValue": "609",
    "exchangeName": "PumpSwap",
    "exchangeAddress": "pAMMBay6oceH9fJKBRHGP5D4bD4sWpmSwMn52FMfXEA",
    "firstSwapTimestamp": "2025-06-27T11:15:05+00:00",
    "firstSwapType": "buy",
    "firstBuyerOrSeller": "AxtSrGv2bjdinqPcvco4vXqUXy2RDu7vfUeshBc6wGDx",
    "firstTradeValueUsd": 0.765597709,
    "label": 80
}