{
    "mint": "BjiAS538KXfjyGaXPMowPs9aBmeGYabvMpjPPgjWpump",
    "name": "UNCONDITIONAL SURRENDER",
    "symbol": "SURRENDER",
    "decimals": "6",
    "totalSupply": "999316133193515",
    "totalSupplyFormatted": "999316133.193515",
    "sellerFeeBasisPoints": 0,
    "isMutable": true,
    "primarySaleHappened": 0,
    "updateAuthority": "H7WYHjh24bED1tgHmhQ9veHJep2p1z2SDEqR1g53dV61",
    "usdPrice": 1.58e-07,
    "nativePriceValue": "1.073",
    "exchangeName": "PumpSwap",
    "exchangeAddress": "pAMMBay6oceH9fJKBRHGP5D4bD4sWpmSwMn52FMfXEA",
    "firstSwapTimestamp": "2025-06-18T06:49:58+00:00",
    "firstSwapType": "buy",
    "firstBuyerOrSeller": "Cd3UHZDauHCQGKycM5uQAhWWGauf66SGBNoaqYy64Na8",
    "firstTradeValueUsd": 14.662644342,
    "label": 63
}