{
    "mint": "HzauGLpY7Cb6cYmC1TiBRevAJjR2oxGaefYDoNshpump",
    "name": "ShitFuckDamnAssBitchRetard",
    "symbol": "AHHHHH",
    "decimals": "6",
    "totalSupply": "999872555555923",
    "totalSupplyFormatted": "999872555.555923",
    "sellerFeeBasisPoints": 0,
    "isMutable": true,
    "primarySaleHappened": 0,
    "updateAuthority": "FrGKLsXCaxK93dWseT9WdmUrGCt1LkXFWj2zxcPmNABU",
    "usdPrice": 1.278e-05,
    "nativePriceValue": "83.654",
    "exchangeName": "PumpSwap",
    "exchangeAddress": "pAMMBay6oceH9fJKBRHGP5D4bD4sWpmSwMn52FMfXEA",
    "firstSwapTimestamp": "2025-06-15T19:27:46+00:00",
    "firstSwapType": "buy",
    "firstBuyerOrSeller": "Cd3UHZDauHCQGKycM5uQAhWWGauf66SGBNoaqYy64Na8",
    "firstTradeValueUsd": 15.233113644,
    "label": 80
}