{
    "mint": "roS4iZRreUczFB9sVNgTsGyB6PwhkcZujdtYYuopump",
    "name": "Suncoin",
    "symbol": "SUN",
    "decimals": "6",
    "totalSupply": "291901754460",
    "totalSupplyFormatted": "291901.75446",
    "sellerFeeBasisPoints": 0,
    "isMutable": false,
    "primarySaleHappened": 0,
    "updateAuthority": "EhLHPEjWaDhgKyAgz9SN8fcGD13QVwqENV8csfaqtrTF",
    "usdPrice": 1.08087e-08,
    "nativePriceValue": "0.0667",
    "exchangeName": "PumpSwap",
    "exchangeAddress": "pAMMBay6oceH9fJKBRHGP5D4bD4sWpmSwMn52FMfXEA",
    "firstSwapTimestamp": "2025-06-28T01:52:30+00:00",
    "firstSwapType": "buy",
    "firstBuyerOrSeller": "cakewAiZcEFuE3YjRd6KzBVqdpykNCZupJxdft7u5vW",
    "firstTradeValueUsd": 0.009097212,
    "label": 61
}