{
    "mint": "2fbcYYyCcMCkZzpUQJVj2jnzHLDXYxMpEou87c61pump",
    "name": "Destroyer of Woke",
    "symbol": "DOW",
    "decimals": "6",
    "totalSupply": "999979440471944",
    "totalSupplyFormatted": "999979440.471944",
    "sellerFeeBasisPoints": 0,
    "isMutable": true,
    "primarySaleHappened": 0,
    "updateAuthority": "Nr8mR3QK1bFMhirbyLPYokkrmbnZk9Mn6GqNEyVByWK",
    "usdPrice": 9.1722e-05,
    "nativePriceValue": "648",
    "exchangeName": "PumpSwap",
    "exchangeAddress": "pAMMBay6oceH9fJKBRHGP5D4bD4sWpmSwMn52FMfXEA",
    "firstSwapTimestamp": "2025-06-21T09:20:48+00:00",
    "firstSwapType": "buy",
    "firstBuyerOrSeller": "679Xx8CDhcWkyW3g9kHW9hzJbVAQKxVchFMoPwAEqn6c",
    "firstTradeValueUsd": 1.057640161,
    "label": 72
}