{
    "mint": "BfMyof1NroPqBy5UgvCrk4VAHz7d33b8MBJ15bTkpump",
    "name": "maow",
    "symbol": "maow",
    "decimals": "6",
    "totalSupply": "564862964504",
    "totalSupplyFormatted": "564862.964504",
    "sellerFeeBasisPoints": 0,
    "isMutable": false,
    "primarySaleHappened": 0,
    "updateAuthority": "FCWzHgKwC8oD5cbDk1NoC9YUXg8dmbVbm3PghqkQLxkw",
    "usdPrice": 9.995e-06,
    "nativePriceValue": "67.7689",
    "exchangeName": "PumpSwap",
    "exchangeAddress": "pAMMBay6oceH9fJKBRHGP5D4bD4sWpmSwMn52FMfXEA",
    "firstSwapTimestamp": "2025-07-06T10:30:06+00:00",
    "firstSwapType": "buy",
    "firstBuyerOrSeller": "FCWzHgKwC8oD5cbDk1NoC9YUXg8dmbVbm3PghqkQLxkw",
    "firstTradeValueUsd": 1.46e-07,
    "label": 63
}