{
    "mint": "HxCLFJsi1hELkmzHBTfTz93DC1SeaaKLGgUcKtapump",
    "name": "Apexix",
    "symbol": "APX",
    "decimals": "6",
    "totalSupply": "91245036204",
    "totalSupplyFormatted": "91245.036204",
    "sellerFeeBasisPoints": 0,
    "isMutable": false,
    "primarySaleHappened": 0,
    "updateAuthority": "6XM71GC2T4qPrfGrFuA3ZPEC4yEvWWeWaj6TAYRSVJJh",
    "usdPrice": 2.57554e-08,
    "nativePriceValue": "0.1587",
    "exchangeName": "PumpSwap",
    "exchangeAddress": "pAMMBay6oceH9fJKBRHGP5D4bD4sWpmSwMn52FMfXEA",
    "firstSwapTimestamp": "2025-06-14T22:09:17+00:00",
    "firstSwapType": "buy",
    "firstBuyerOrSeller": "cakewAiZcEFuE3YjRd6KzBVqdpykNCZupJxdft7u5vW",
    "firstTradeValueUsd": 0.011582089,
    "label": 36
}