{
    "mint": "fAZjrbxKKNoT42psvur8DpsnXTTnvhzWh5b72FBpump",
    "name": "babypumpfun",
    "symbol": "BABYPUMP",
    "decimals": "6",
    "totalSupply": "930395301074",
    "totalSupplyFormatted": "930395.301074",
    "sellerFeeBasisPoints": 0,
    "isMutable": false,
    "primarySaleHappened": 0,
    "updateAuthority": "6wFHvo4ptFuQVJm5tqdks52u7E5s8dRaXadvFLM6zbCi",
    "usdPrice": 7.0797e-09,
    "nativePriceValue": "0.0437",
    "exchangeName": "PumpSwap",
    "exchangeAddress": "pAMMBay6oceH9fJKBRHGP5D4bD4sWpmSwMn52FMfXEA",
    "firstSwapTimestamp": "2025-07-11T15:59:13+00:00",
    "firstSwapType": "buy",
    "firstBuyerOrSeller": "cakewAiZcEFuE3YjRd6KzBVqdpykNCZupJxdft7u5vW",
    "firstTradeValueUsd": 0.010371487,
    "label": 53
}