{
    "mint": "9rfp5562HpE2rA9vQZ8k2A97zQ2Df9U2kUCfya9Upump",
    "name": "sigmew",
    "symbol": "sigmew",
    "decimals": "6",
    "totalSupply": "999999451661686",
    "totalSupplyFormatted": "999999451.661686",
    "sellerFeeBasisPoints": 0,
    "isMutable": true,
    "primarySaleHappened": 0,
    "updateAuthority": "AW3VHseJ1LNykPfxSXpC5dLzhW9GcJV5v5K5Sh7RLzq9",
    "usdPrice": 1.94e-07,
    "nativePriceValue": "1.3306",
    "exchangeName": "PumpSwap",
    "exchangeAddress": "pAMMBay6oceH9fJKBRHGP5D4bD4sWpmSwMn52FMfXEA",
    "firstSwapTimestamp": "2025-06-15T11:06:53+00:00",
    "firstSwapType": "buy",
    "firstBuyerOrSeller": "97TjdjQr6vQZ6YTFZ4Ux5wPsCPGjNHTbURmJGsJdxdry",
    "firstTradeValueUsd": 14.58062356,
    "label": 63
}