{
    "mint": "x1kmdJ21FmEUnr227xGdLwoVPbWqSDPC2BXNQbXpump",
    "name": "Euro Asia Road",
    "symbol": "EAD",
    "decimals": "6",
    "totalSupply": "57025182573",
    "totalSupplyFormatted": "57025.182573",
    "sellerFeeBasisPoints": 0,
    "isMutable": false,
    "primarySaleHappened": 0,
    "updateAuthority": "GUwUH6sgjW8WcwRgRn1iGMqoYYq2jbQaLHZAs173P6Po",
    "usdPrice": 5.793e-06,
    "nativePriceValue": "35.8794",
    "exchangeName": "PumpSwap",
    "exchangeAddress": "pAMMBay6oceH9fJKBRHGP5D4bD4sWpmSwMn52FMfXEA",
    "firstSwapTimestamp": "2025-06-21T00:59:46+00:00",
    "firstSwapType": "buy",
    "firstBuyerOrSeller": "cakewAiZcEFuE3YjRd6KzBVqdpykNCZupJxdft7u5vW",
    "firstTradeValueUsd": 0.008955333,
    "label": 62
}