{
    "mint": "ntrwzrwCfqZQ1Uis6wBvaBaQRXFv8Ymk2cbe2ZJpump",
    "name": "United States of Aura",
    "symbol": "USA",
    "decimals": "6",
    "totalSupply": "7947014169577",
    "totalSupplyFormatted": "7947014.169577",
    "sellerFeeBasisPoints": 0,
    "isMutable": false,
    "primarySaleHappened": 0,
    "updateAuthority": "2RtHq5bTuz7h7GQ7k8KN9pFW5hZvtLJHyzBDL5WhREdk",
    "usdPrice": 9.31055e-08,
    "nativePriceValue": "0.5753",
    "exchangeName": "PumpSwap",
    "exchangeAddress": "pAMMBay6oceH9fJKBRHGP5D4bD4sWpmSwMn52FMfXEA",
    "firstSwapTimestamp": "2025-06-14T12:08:57+00:00",
    "firstSwapType": "buy",
    "firstBuyerOrSeller": "cakewAiZcEFuE3YjRd6KzBVqdpykNCZupJxdft7u5vW",
    "firstTradeValueUsd": 0.011647988,
    "label": 64
}