{
    "mint": "FvFnFbqNP7d1FvY7wq9BweqUSZ5CwAYW99aZWULxpump",
    "name": "OBVIOUS COIN",
    "symbol": "OBVIOUS",
    "decimals": "6",
    "totalSupply": "999979580702145",
    "totalSupplyFormatted": "999979580.702145",
    "sellerFeeBasisPoints": 0,
    "isMutable": true,
    "primarySaleHappened": 0,
    "updateAuthority": "Do6ANSK51S5rKFKF6Et2zd3QaC2KuVd5VLxVYE3AkYLU",
    "usdPrice": 9.1669e-05,
    "nativePriceValue": "645",
    "exchangeName": "PumpSwap",
    "exchangeAddress": "pAMMBay6oceH9fJKBRHGP5D4bD4sWpmSwMn52FMfXEA",
    "firstSwapTimestamp": "2025-06-21T10:23:26+00:00",
    "firstSwapType": "buy",
    "firstBuyerOrSeller": "nVik8eFLm8MWwNXbzBhncLx3dmembDpQ9JT7bxziyXL",
    "firstTradeValueUsd": 1.105878763,
    "label": 70
}