{
    "mint": "5uRHn5GSMKXBxAWFPgw987dXurfBv7jJSn89eGcvpump",
    "name": "Tokenized Capital Markets",
    "symbol": "TCM",
    "decimals": "6",
    "totalSupply": "999964753765037",
    "totalSupplyFormatted": "999964753.765037",
    "sellerFeeBasisPoints": 0,
    "isMutable": true,
    "primarySaleHappened": 0,
    "updateAuthority": "HWrk1YFbZYowLcKp4RuZXryptqC2uQUrcH426or5tW34",
    "usdPrice": 3.4123e-05,
    "nativePriceValue": "253",
    "exchangeName": "PumpSwap",
    "exchangeAddress": "pAMMBay6oceH9fJKBRHGP5D4bD4sWpmSwMn52FMfXEA",
    "firstSwapTimestamp": "2025-06-21T22:15:24+00:00",
    "firstSwapType": "buy",
    "firstBuyerOrSeller": "3cJ3si9AP2MKnxjyX841m5N6zScoxN73mD623Q3AgMX1",
    "firstTradeValueUsd": 0.750983094,
    "label": 63
}