{
    "mint": "BypANNmR6Y8QkAiVWwMvN4zTjwFiRKmFyX1Xvvjepump",
    "name": "just a freedom guy",
    "symbol": "freeguy",
    "decimals": "6",
    "totalSupply": "999954524228809",
    "totalSupplyFormatted": "999954524.228809",
    "sellerFeeBasisPoints": 0,
    "isMutable": true,
    "primarySaleHappened": 0,
    "updateAuthority": "5adDYH3Y5B2yR6wcusGGZojDYq8FbgriWKbaZmN7zAgC",
    "usdPrice": 9.6019e-05,
    "nativePriceValue": "630",
    "exchangeName": "PumpSwap",
    "exchangeAddress": "pAMMBay6oceH9fJKBRHGP5D4bD4sWpmSwMn52FMfXEA",
    "firstSwapTimestamp": "2025-07-03T19:52:30+00:00",
    "firstSwapType": "buy",
    "firstBuyerOrSeller": "2jYSccZUuXM4TY2y2641PB5zV65BSqjkfshWukL8QPkP",
    "firstTradeValueUsd": 1.513585151,
    "label": 64
}