{
    "mint": "F66tWn1pbHdPfBDh6JtcA672ZoH4LVU77Xt2njYpump",
    "name": "Elon Musk's Birthday\ud83c\udf89",
    "symbol": "elonmusk",
    "decimals": "6",
    "totalSupply": "1745828374032",
    "totalSupplyFormatted": "1745828.374032",
    "sellerFeeBasisPoints": 0,
    "isMutable": false,
    "primarySaleHappened": 0,
    "updateAuthority": "5fvSo2TyzNi1Y5cztWwK5RUoKdgB5U5QCw9bV9TnS8rV",
    "usdPrice": 4.918e-06,
    "nativePriceValue": "30.4118",
    "exchangeName": "PumpSwap",
    "exchangeAddress": "pAMMBay6oceH9fJKBRHGP5D4bD4sWpmSwMn52FMfXEA",
    "firstSwapTimestamp": "2025-06-28T09:18:14+00:00",
    "firstSwapType": "buy",
    "firstBuyerOrSeller": "27HFmP7ccLadGswvQfvea4o3juLw75cPF4V6jWpHM3MX",
    "firstTradeValueUsd": 0.015264322,
    "label": 63
}