{
    "mint": "BPz124qmUeWy3aD3T4EftNiggeNZC94GL9etff6kpump",
    "name": "Swastika coin",
    "symbol": "\u5350",
    "decimals": "6",
    "totalSupply": "999985876843717",
    "totalSupplyFormatted": "999985876.843717",
    "sellerFeeBasisPoints": 0,
    "isMutable": false,
    "primarySaleHappened": 0,
    "updateAuthority": "6BN71pavARyTyog5DWnDsSqxwuYn1gs2jRYDMs1yAGhU",
    "usdPrice": 0.009110869,
    "nativePriceValue": "56250",
    "exchangeName": "PumpSwap",
    "exchangeAddress": "pAMMBay6oceH9fJKBRHGP5D4bD4sWpmSwMn52FMfXEA",
    "firstSwapTimestamp": "2025-06-17T17:04:28+00:00",
    "firstSwapType": "buy",
    "firstBuyerOrSeller": "AsMSBnW6JZPZTwQTxGgYiKhH1cw5JZzN6vgj5GsX28rf",
    "firstTradeValueUsd": 4482.583181312,
    "label": 67
}