{
    "mint": "uok6gHVY1RVvypNrsykUpr8RnyLxjR7hJNo95D6pump",
    "name": "Fart Token",
    "symbol": "FRT",
    "decimals": "6",
    "totalSupply": "4032983864380",
    "totalSupplyFormatted": "4032983.86438",
    "sellerFeeBasisPoints": 0,
    "isMutable": false,
    "primarySaleHappened": 0,
    "updateAuthority": "HUdXZzSDKCavPidix4H27Jwn13m5NgyAXyDrQeVjZhBw",
    "usdPrice": 4.31e-07,
    "nativePriceValue": "2.7511",
    "exchangeName": "PumpSwap",
    "exchangeAddress": "pAMMBay6oceH9fJKBRHGP5D4bD4sWpmSwMn52FMfXEA",
    "firstSwapTimestamp": "2025-06-15T07:59:54+00:00",
    "firstSwapType": "buy",
    "firstBuyerOrSeller": "cakewAiZcEFuE3YjRd6KzBVqdpykNCZupJxdft7u5vW",
    "firstTradeValueUsd": 0.011673347,
    "label": 62
}