{
    "mint": "HAuuKsXEdWXhmFFny1KDK2EbBNQKjh49WjRUuEcGpump",
    "name": "WeChat",
    "symbol": "WeChat",
    "decimals": "6",
    "totalSupply": "999999846181176",
    "totalSupplyFormatted": "999999846.181176",
    "sellerFeeBasisPoints": 0,
    "isMutable": true,
    "primarySaleHappened": 0,
    "updateAuthority": "Qq6sqMsM84cuxBroAEyw2iYnmJh2t7MP4aCU9AVWvH8",
    "usdPrice": 7.9163e-05,
    "nativePriceValue": "539",
    "exchangeName": "PumpSwap",
    "exchangeAddress": "pAMMBay6oceH9fJKBRHGP5D4bD4sWpmSwMn52FMfXEA",
    "firstSwapTimestamp": "2025-06-28T12:11:01+00:00",
    "firstSwapType": "buy",
    "firstBuyerOrSeller": "2oHmxAoPQBAp2kVPPn7aBEtR61QgzENzsvtgPVT817yS",
    "firstTradeValueUsd": 60.916793639,
    "label": 80
}