{
    "mint": "H26ofRnossbF4JUm3BUeSNw8TbTtrBritusoAJvZpump",
    "name": "Google",
    "symbol": "GOOGLE",
    "decimals": "6",
    "totalSupply": "999707583428037",
    "totalSupplyFormatted": "999707583.428037",
    "sellerFeeBasisPoints": 0,
    "isMutable": true,
    "primarySaleHappened": 0,
    "updateAuthority": "Da5LrckLecxfjVC7NP4JmFyJNRDtq6xALkJGn2uGVEuR",
    "usdPrice": 3.7523e-05,
    "nativePriceValue": "279",
    "exchangeName": "PumpSwap",
    "exchangeAddress": "pAMMBay6oceH9fJKBRHGP5D4bD4sWpmSwMn52FMfXEA",
    "firstSwapTimestamp": "2025-06-23T10:05:20+00:00",
    "firstSwapType": "buy",
    "firstBuyerOrSeller": "97TjdjQr6vQZ6YTFZ4Ux5wPsCPGjNHTbURmJGsJdxdry",
    "firstTradeValueUsd": 13.39052278,
    "label": 63
}