{
    "mint": "F1Hhh7drp3yryhmAxQbc9RaKTx6ZL9desvP8r1eWpump",
    "name": "the faith",
    "symbol": "faith",
    "decimals": "6",
    "totalSupply": "999998561345946",
    "totalSupplyFormatted": "999998561.345946",
    "sellerFeeBasisPoints": 0,
    "isMutable": true,
    "primarySaleHappened": 0,
    "updateAuthority": "6SEebogibtjrCeEankbNURSBNvKuptUyJ79TsMaffbYu",
    "usdPrice": 0.000115098,
    "nativePriceValue": "750",
    "exchangeName": "PumpSwap",
    "exchangeAddress": "pAMMBay6oceH9fJKBRHGP5D4bD4sWpmSwMn52FMfXEA",
    "firstSwapTimestamp": "2025-06-17T04:02:25+00:00",
    "firstSwapType": "buy",
    "firstBuyerOrSeller": "Bo5zd1Ns6q3dhqher9rtSBVcDTKpSagdxBvy1ApRSBkb",
    "firstTradeValueUsd": 15.293027658,
    "label": 63
}