{
    "mint": "5B5HwEWvm5o7dyZa1D8vMAFmNWY7BVAXiQkTHAebpump",
    "name": "Uranus",
    "symbol": "Uranus",
    "decimals": "6",
    "totalSupply": "999993534238302",
    "totalSupplyFormatted": "999993534.238302",
    "sellerFeeBasisPoints": 0,
    "isMutable": true,
    "primarySaleHappened": 0,
    "updateAuthority": "Bv9sZinCdZ7bo4xmmknWJoazUC6kex8i6r2PUn3agujJ",
    "usdPrice": 5.6523e-05,
    "nativePriceValue": "365",
    "exchangeName": "PumpSwap",
    "exchangeAddress": "pAMMBay6oceH9fJKBRHGP5D4bD4sWpmSwMn52FMfXEA",
    "firstSwapTimestamp": "2025-07-03T05:05:04+00:00",
    "firstSwapType": "buy",
    "firstBuyerOrSeller": "AyEqtMMiVZ3FeDiCoCziGU34eqPP5ShLx2QeNc8UDMHP",
    "firstTradeValueUsd": 231.204091637,
    "label": 64
}