{
    "mint": "2e4NqnUbxU7TXQe7zMgK6uGJT41R6CvVGS2zVtuspump",
    "name": "Squid House",
    "symbol": "SQUIDHOUSE",
    "decimals": "6",
    "totalSupply": "49096850035",
    "totalSupplyFormatted": "49096.850035",
    "sellerFeeBasisPoints": 0,
    "isMutable": true,
    "primarySaleHappened": 0,
    "updateAuthority": "BcoUvPakdewbG7rKRU6s3VAZtVGVUgL5qQjmkYgD6Pm6",
    "usdPrice": 9.003e-05,
    "nativePriceValue": "637",
    "exchangeName": "PumpSwap",
    "exchangeAddress": "pAMMBay6oceH9fJKBRHGP5D4bD4sWpmSwMn52FMfXEA",
    "firstSwapTimestamp": "2025-06-27T08:17:20+00:00",
    "firstSwapType": "buy",
    "firstBuyerOrSeller": "KWq7esvBkhAh6TP6iDb1LtGPhQbTN76L6iN3p5Dd81E",
    "firstTradeValueUsd": 44.246885491,
    "label": 63
}