{
    "mint": "6FAd2FriYnkzYBf39nyKdEmQawf11AbfaKBXUoUEpump",
    "name": "Mr. Peabody Hypnosis",
    "symbol": "PEABODY",
    "decimals": "6",
    "totalSupply": "999695684904095",
    "totalSupplyFormatted": "999695684.904095",
    "sellerFeeBasisPoints": 0,
    "isMutable": true,
    "primarySaleHappened": 0,
    "updateAuthority": "BX1aKEqC4T6DSuhhUp6XaiL7e2VeNmV7JAfFy99KLq96",
    "usdPrice": 3.097e-06,
    "nativePriceValue": "20.8541",
    "exchangeName": "PumpSwap",
    "exchangeAddress": "pAMMBay6oceH9fJKBRHGP5D4bD4sWpmSwMn52FMfXEA",
    "firstSwapTimestamp": "2025-07-01T13:35:40+00:00",
    "firstSwapType": "buy",
    "firstBuyerOrSeller": "FE8W9kNjRr21Fkg41feu1AoaRzfTn2pJ8S83VawLsayk",
    "firstTradeValueUsd": 1.480546953,
    "label": 63
}