{
    "mint": "C8w68ZEXi7YbF189fhoysBqwvwNK1EX8n7NzAE4qpump",
    "name": "Arab Cat",
    "symbol": "SHEIKH",
    "decimals": "6",
    "totalSupply": "999999958645539",
    "totalSupplyFormatted": "999999958.645539",
    "sellerFeeBasisPoints": 0,
    "isMutable": true,
    "primarySaleHappened": 0,
    "updateAuthority": "2Uz6tE14TLntzqJYpqXzyXfo5g3Zqu4pBktxmLc1uVQx",
    "usdPrice": 0.00013017,
    "nativePriceValue": "918",
    "exchangeName": "PumpSwap",
    "exchangeAddress": "pAMMBay6oceH9fJKBRHGP5D4bD4sWpmSwMn52FMfXEA",
    "firstSwapTimestamp": "2025-06-27T18:57:57+00:00",
    "firstSwapType": "buy",
    "firstBuyerOrSeller": "3vmYPBawthRwNBUGjbKYxqbdPN3YUgfcaoiqbSydEUrh",
    "firstTradeValueUsd": 14.013426437,
    "label": 62
}