{
    "mint": "gvBh6RKdeSgaJ7GQ3raJrXjtcq7Xg91CHWJKK66pump",
    "name": "Billion Dollar Homepage",
    "symbol": "PAGE",
    "decimals": "6",
    "totalSupply": "317294661226",
    "totalSupplyFormatted": "317294.661226",
    "sellerFeeBasisPoints": 0,
    "isMutable": false,
    "primarySaleHappened": 0,
    "updateAuthority": "612EBVXXZqQxqSEMsMG2S2bs7ZgpfvJowW7t5g7E4rKW",
    "usdPrice": 6.283e-06,
    "nativePriceValue": "38.8685",
    "exchangeName": "PumpSwap",
    "exchangeAddress": "pAMMBay6oceH9fJKBRHGP5D4bD4sWpmSwMn52FMfXEA",
    "firstSwapTimestamp": "2025-06-26T21:32:04+00:00",
    "firstSwapType": "buy",
    "firstBuyerOrSeller": "27HFmP7ccLadGswvQfvea4o3juLw75cPF4V6jWpHM3MX",
    "firstTradeValueUsd": 0.014810126,
    "label": 63
}