{
    "mint": "FXPdjXyJG5nqm4QyPkjhetzvnoxcCr6oHMAK4JEvpump",
    "name": "chillcar",
    "symbol": "chillcar",
    "decimals": "6",
    "totalSupply": "999971175042995",
    "totalSupplyFormatted": "999971175.042995",
    "sellerFeeBasisPoints": 0,
    "isMutable": true,
    "primarySaleHappened": 0,
    "updateAuthority": "BnqBGkwR5aWJ51BeMeR6bGYFp7cUxkhuHompfVzXiezK",
    "usdPrice": 5.1033e-05,
    "nativePriceValue": "346",
    "exchangeName": "PumpSwap",
    "exchangeAddress": "pAMMBay6oceH9fJKBRHGP5D4bD4sWpmSwMn52FMfXEA",
    "firstSwapTimestamp": "2025-06-20T08:36:12+00:00",
    "firstSwapType": "buy",
    "firstBuyerOrSeller": "7FtuXyU7KrcpfZ9o78vsPoKjJ6TxAMAQzJHa31PEW9eK",
    "firstTradeValueUsd": 472.523533287,
    "label": 63
}