{
    "mint": "C4NDf8JB9wvGhfmwLVjD6JUQk76rMCMCB1UXsgj5pump",
    "name": "FitFunds",
    "symbol": "FFT",
    "decimals": "6",
    "totalSupply": "1000000000000000",
    "totalSupplyFormatted": "1000000000",
    "sellerFeeBasisPoints": 0,
    "isMutable": false,
    "primarySaleHappened": 0,
    "updateAuthority": "WLHv2UAZm6z4KyaaELi5pjdbJh6RESMva1Rnn8pJVVh",
    "usdPrice": 4.395e-06,
    "nativePriceValue": "27.6677",
    "exchangeName": "Raydium",
    "exchangeAddress": "LanMV9sAd7wArD4vJFi2qDdfnVhFxYSUg6eADduJ3uj",
    "firstSwapTimestamp": "2025-07-10T18:38:43+00:00",
    "firstSwapType": "buy",
    "firstBuyerOrSeller": "Df6KFsNT8zT21APFtzhpBzUstHLz6iJp6iR5ZjwWRLpt",
    "firstTradeValueUsd": 103.254011371,
    "label": 29
}