{
    "mint": "25BNAoEsBwtNVjZhHM19pAq6XKG9BaEVGGFfFPLkpump",
    "name": "The pill was empty",
    "symbol": "Placebo",
    "decimals": "6",
    "totalSupply": "4955400605435",
    "totalSupplyFormatted": "4955400.605435",
    "sellerFeeBasisPoints": 0,
    "isMutable": false,
    "primarySaleHappened": 0,
    "updateAuthority": "22sursuHHwhePCgbmoRCTCWqTwq4eRQqnP25GUzwt7sS",
    "usdPrice": 1.0056e-05,
    "nativePriceValue": "66.0857",
    "exchangeName": "PumpSwap",
    "exchangeAddress": "pAMMBay6oceH9fJKBRHGP5D4bD4sWpmSwMn52FMfXEA",
    "firstSwapTimestamp": "2025-07-07T08:53:37+00:00",
    "firstSwapType": "buy",
    "firstBuyerOrSeller": "22sursuHHwhePCgbmoRCTCWqTwq4eRQqnP25GUzwt7sS",
    "firstTradeValueUsd": 1.52e-07,
    "label": 61
}