{
    "mint": "7mJVuHETpmUq8zNSjvTrh4FJuhDi79mroCWd99ypump",
    "name": "Monkey Wif Boobs",
    "symbol": "MWB",
    "decimals": "6",
    "totalSupply": "3400376895506",
    "totalSupplyFormatted": "3400376.895506",
    "sellerFeeBasisPoints": 0,
    "isMutable": false,
    "primarySaleHappened": 0,
    "updateAuthority": "8szAHhiX1eDuWz2VZ4PTsVZYjmi9Lak9eUn5DJYCEWGi",
    "usdPrice": 1.238e-10,
    "nativePriceValue": "0.00076397",
    "exchangeName": "PumpSwap",
    "exchangeAddress": "pAMMBay6oceH9fJKBRHGP5D4bD4sWpmSwMn52FMfXEA",
    "firstSwapTimestamp": "2025-06-18T18:07:24+00:00",
    "firstSwapType": "buy",
    "firstBuyerOrSeller": "cakewAiZcEFuE3YjRd6KzBVqdpykNCZupJxdft7u5vW",
    "firstTradeValueUsd": 0.011612561,
    "label": 36
}