{
    "mint": "JuxndN7pWhbbcWLwLPPTbrNmjF7sgKAKaxq8QSCpump",
    "name": "Burn The Witch",
    "symbol": "WITCH",
    "decimals": "6",
    "totalSupply": "5146060633",
    "totalSupplyFormatted": "5146.060633",
    "sellerFeeBasisPoints": 0,
    "isMutable": false,
    "primarySaleHappened": 0,
    "updateAuthority": "ACsePqVS5EakiZ4AcED2snXuYTT6JrBL8hkwTeU2xUa3",
    "usdPrice": 4.862e-06,
    "nativePriceValue": "30.0338",
    "exchangeName": "PumpSwap",
    "exchangeAddress": "pAMMBay6oceH9fJKBRHGP5D4bD4sWpmSwMn52FMfXEA",
    "firstSwapTimestamp": "2025-06-24T17:16:46+00:00",
    "firstSwapType": "buy",
    "firstBuyerOrSeller": "cakewAiZcEFuE3YjRd6KzBVqdpykNCZupJxdft7u5vW",
    "firstTradeValueUsd": 0.009291137,
    "label": 42
}