{
    "mint": "2g6jvG9GAhJP5sWXvfhPzjEpcBGxYL7EJz3zYZEUpump",
    "name": "Amazon",
    "symbol": "Amazon",
    "decimals": "6",
    "totalSupply": "999723616987526",
    "totalSupplyFormatted": "999723616.987526",
    "sellerFeeBasisPoints": 0,
    "isMutable": true,
    "primarySaleHappened": 0,
    "updateAuthority": "3Gcf6jG7wpy45AdcFyce7nXVrMd5iFqSZyUc5T26eYxd",
    "usdPrice": 3.7732e-05,
    "nativePriceValue": "257",
    "exchangeName": "PumpSwap",
    "exchangeAddress": "pAMMBay6oceH9fJKBRHGP5D4bD4sWpmSwMn52FMfXEA",
    "firstSwapTimestamp": "2025-06-28T08:34:41+00:00",
    "firstSwapType": "buy",
    "firstBuyerOrSeller": "2jYSccZUuXM4TY2y2641PB5zV65BSqjkfshWukL8QPkP",
    "firstTradeValueUsd": 1.461239731,
    "label": 63
}