{
    "mint": "9MhBZdFAjhi5JoV7uQNa5eNz6zre63DWdCi62rhfpump",
    "name": "Gomi Neko",
    "symbol": "GOM",
    "decimals": "6",
    "totalSupply": "999999673177958",
    "totalSupplyFormatted": "999999673.177958",
    "sellerFeeBasisPoints": 0,
    "isMutable": true,
    "primarySaleHappened": 0,
    "updateAuthority": "FzBgEHm3PfNQjmPhAtk8mP8a9Hrcgoq6wEuXTA6X41ns",
    "usdPrice": 9.5652e-05,
    "nativePriceValue": "657",
    "exchangeName": "PumpSwap",
    "exchangeAddress": "pAMMBay6oceH9fJKBRHGP5D4bD4sWpmSwMn52FMfXEA",
    "firstSwapTimestamp": "2025-06-20T05:49:58+00:00",
    "firstSwapType": "buy",
    "firstBuyerOrSeller": "u6B5LFbbPg2T8qhtnT414PzukBovTWGEJM8LLQkwFZS",
    "firstTradeValueUsd": 148.767203737,
    "label": 67
}