{
    "mint": "EpdJGYtCjvtmKZZcFi4cKjJWdX8FZqGc8pX68tPNpump",
    "name": "Trump Mobile",
    "symbol": "TI",
    "decimals": "6",
    "totalSupply": "99862717242868930",
    "totalSupplyFormatted": "99862717242.86893",
    "sellerFeeBasisPoints": 0,
    "isMutable": false,
    "primarySaleHappened": 0,
    "updateAuthority": "GsDEgA8cyiBcjqBXrry3e1YKPa8FYq8VRJPgukMdM6P3",
    "usdPrice": 0.000371,
    "nativePriceValue": "1815.6",
    "exchangeName": "Raydium",
    "exchangeAddress": "CAMMCzo5YL8w4VFF8KVHrK22GGUsp5VTaW7grrKgrWqK",
    "firstSwapTimestamp": "2025-06-16T20:15:34+00:00",
    "firstSwapType": "buy",
    "firstBuyerOrSeller": "FC5Qg9g6bSxPdrgT8jbkfXec8koZq1We69557tyBemBd",
    "firstTradeValueUsd": 0.778735,
    "label": 70
}