{
    "mint": "Qez5n7Wb8gUUb22w4UcZrQ64yWCa8wgGBfBtWiLpump",
    "name": "wen moon?",
    "symbol": "FRED",
    "decimals": "6",
    "totalSupply": "1402990346579",
    "totalSupplyFormatted": "1402990.346579",
    "sellerFeeBasisPoints": 0,
    "isMutable": false,
    "primarySaleHappened": 0,
    "updateAuthority": "AYP39oc8CtMbTXU7dJ3JKuVvRwfnyHb2JaSWSVZ2K7nB",
    "usdPrice": 1.11e-07,
    "nativePriceValue": "0.6873",
    "exchangeName": "PumpSwap",
    "exchangeAddress": "pAMMBay6oceH9fJKBRHGP5D4bD4sWpmSwMn52FMfXEA",
    "firstSwapTimestamp": "2025-06-16T09:16:47+00:00",
    "firstSwapType": "buy",
    "firstBuyerOrSeller": "4woXzDiykf2ykiWw4jTeK5ce3rcMBNm9z5FqQwoReFTg",
    "firstTradeValueUsd": 0.015620717,
    "label": 42
}