{
    "mint": "JABUK2KrAuK1vd2CwKQ2CDABF2HbgJUkZj6Pp5PXpump",
    "name": "MAOYEYE",
    "symbol": "maoyeye",
    "decimals": "6",
    "totalSupply": "169309230807",
    "totalSupplyFormatted": "169309.230807",
    "sellerFeeBasisPoints": 0,
    "isMutable": true,
    "primarySaleHappened": 0,
    "updateAuthority": "AUyLaQJoVBVTXLCBKZ75ZYbPSZzoJPQUsV4HLWRi6cnF",
    "usdPrice": 4.5035e-05,
    "nativePriceValue": "308",
    "exchangeName": "Raydium",
    "exchangeAddress": "CAMMCzo5YL8w4VFF8KVHrK22GGUsp5VTaW7grrKgrWqK",
    "firstSwapTimestamp": "2025-06-18T09:13:42+00:00",
    "firstSwapType": "buy",
    "firstBuyerOrSeller": "F5Nx9MGhCue2sdo1d9z5w4wRCjAhF6EW16A9obbskVV8",
    "firstTradeValueUsd": 49377.669512388,
    "label": 67
}