{
    "mint": "kVUpx7gxhiyRgH8FrYh6w2C74ipAiJNCwY4BZM1pump",
    "name": "Who Made This Burger",
    "symbol": "WMTB",
    "decimals": "6",
    "totalSupply": "1942546062",
    "totalSupplyFormatted": "1942.546062",
    "sellerFeeBasisPoints": 0,
    "isMutable": false,
    "primarySaleHappened": 0,
    "updateAuthority": "G5pyJZtQbyTz8CsuVrP6samsVV5t4kzEpFGxDkqeCHfV",
    "usdPrice": 3.2665e-05,
    "nativePriceValue": "201",
    "exchangeName": "PumpSwap",
    "exchangeAddress": "pAMMBay6oceH9fJKBRHGP5D4bD4sWpmSwMn52FMfXEA",
    "firstSwapTimestamp": "2025-06-26T11:58:51+00:00",
    "firstSwapType": "buy",
    "firstBuyerOrSeller": "27HFmP7ccLadGswvQfvea4o3juLw75cPF4V6jWpHM3MX",
    "firstTradeValueUsd": 0.015090016,
    "label": 36
}