{
    "mint": "F6b6JDHuXgbuJEDYp46bQAwhStoT2q2KUcqPBuVfpump",
    "name": "TRUTH TERMINAL CAT",
    "symbol": "SEZ",
    "decimals": "6",
    "totalSupply": "999488469726267",
    "totalSupplyFormatted": "999488469.726267",
    "sellerFeeBasisPoints": 0,
    "isMutable": true,
    "primarySaleHappened": 0,
    "updateAuthority": "Bwke4qAVdLyEQz3E1utEGUfkgG9HKiCUZQHU2fVfmZjR",
    "usdPrice": 5.8303e-05,
    "nativePriceValue": "395",
    "exchangeName": "PumpSwap",
    "exchangeAddress": "pAMMBay6oceH9fJKBRHGP5D4bD4sWpmSwMn52FMfXEA",
    "firstSwapTimestamp": "2025-06-15T13:05:32+00:00",
    "firstSwapType": "buy",
    "firstBuyerOrSeller": "2jYSccZUuXM4TY2y2641PB5zV65BSqjkfshWukL8QPkP",
    "firstTradeValueUsd": 1.471410505,
    "label": 74
}