{
    "mint": "588aVD2F88CW9Tbvgcov6Gy4bx8hNu2SyZb4zVi5pump",
    "name": "NEXORIA",
    "symbol": "NXO",
    "decimals": "6",
    "totalSupply": "999688281010118",
    "totalSupplyFormatted": "999688281.010118",
    "sellerFeeBasisPoints": 0,
    "isMutable": true,
    "primarySaleHappened": 0,
    "updateAuthority": "DFG2MQ7Cs6M5tdaNkBci7kU2GSJocXtVB6MXXvCFutmP",
    "usdPrice": 3.178e-05,
    "nativePriceValue": "212",
    "exchangeName": "PumpSwap",
    "exchangeAddress": "pAMMBay6oceH9fJKBRHGP5D4bD4sWpmSwMn52FMfXEA",
    "firstSwapTimestamp": "2025-07-02T08:46:32+00:00",
    "firstSwapType": "buy",
    "firstBuyerOrSeller": "2jYSccZUuXM4TY2y2641PB5zV65BSqjkfshWukL8QPkP",
    "firstTradeValueUsd": 1.493061779,
    "label": 63
}