{
    "mint": "GXb4JLe1ZBKNb9LYQLVAQWYpajS7Ertr4rCKbDq9pump",
    "name": "solami",
    "symbol": "solami",
    "decimals": "6",
    "totalSupply": "999998534453754",
    "totalSupplyFormatted": "999998534.453754",
    "sellerFeeBasisPoints": 0,
    "isMutable": true,
    "primarySaleHappened": 0,
    "updateAuthority": "5iiNbxnrCdNvCiNs8JFza8SKwLp6TuXLeKZv8Ba3KJ3g",
    "usdPrice": 9.5664e-05,
    "nativePriceValue": "657",
    "exchangeName": "PumpSwap",
    "exchangeAddress": "pAMMBay6oceH9fJKBRHGP5D4bD4sWpmSwMn52FMfXEA",
    "firstSwapTimestamp": "2025-06-25T09:38:20+00:00",
    "firstSwapType": "buy",
    "firstBuyerOrSeller": "BzQPrs33w1CxYoVNaSgahCC4N2TyHAVbWfy4v6WT3vCa",
    "firstTradeValueUsd": 14.532740306,
    "label": 63
}