{
    "mint": "FqJEn2387aQm2FULnjS8QW4oNP7BayvnZxp6VLBVpump",
    "name": "No crying in casino",
    "symbol": "NOcry",
    "decimals": "6",
    "totalSupply": "999772157192354",
    "totalSupplyFormatted": "999772157.192354",
    "sellerFeeBasisPoints": 0,
    "isMutable": true,
    "primarySaleHappened": 0,
    "updateAuthority": "CcfoisjPsoJo93Li5uUvy7Mzz4PoZL8goYepj1ocu8aG",
    "usdPrice": 3.1356e-05,
    "nativePriceValue": "213",
    "exchangeName": "PumpSwap",
    "exchangeAddress": "pAMMBay6oceH9fJKBRHGP5D4bD4sWpmSwMn52FMfXEA",
    "firstSwapTimestamp": "2025-06-19T23:02:23+00:00",
    "firstSwapType": "buy",
    "firstBuyerOrSeller": "BzQPrs33w1CxYoVNaSgahCC4N2TyHAVbWfy4v6WT3vCa",
    "firstTradeValueUsd": 14.59264089,
    "label": 64
}