{
    "mint": "HDK8SLrmXkcaYdTRuMbv2BaN9sySTXsVG3UJBhkVpump",
    "name": "Iran Military Cat",
    "symbol": "IranCat",
    "decimals": "6",
    "totalSupply": "999950997708989",
    "totalSupplyFormatted": "999950997.708989",
    "sellerFeeBasisPoints": 0,
    "isMutable": true,
    "primarySaleHappened": 0,
    "updateAuthority": "CU6LrxqZax8wcXw9FCRTNevhkq2LrJoDGzTRSZicPFq6",
    "usdPrice": 2.5697e-05,
    "nativePriceValue": "163",
    "exchangeName": "PumpSwap",
    "exchangeAddress": "pAMMBay6oceH9fJKBRHGP5D4bD4sWpmSwMn52FMfXEA",
    "firstSwapTimestamp": "2025-06-16T06:56:53+00:00",
    "firstSwapType": "buy",
    "firstBuyerOrSeller": "5dnFxM648UQpBTonstiBE1HWZaVG49Cv3yuNhX6Y1nFU",
    "firstTradeValueUsd": 15.60124586,
    "label": 82
}