{
    "mint": "DpXoax65SiXonEK4UH9ZmJCVYhFcZwQZD9uVDqzmpump",
    "name": "Original Gorbagana",
    "symbol": "OG",
    "decimals": "6",
    "totalSupply": "999999842121148",
    "totalSupplyFormatted": "999999842.121148",
    "sellerFeeBasisPoints": 0,
    "isMutable": true,
    "primarySaleHappened": 0,
    "updateAuthority": "4bJTSs1F8Ejg4YHLEUUoVeY3m2gFFizMgeHXimG6a5jE",
    "usdPrice": 7.4842e-05,
    "nativePriceValue": "536",
    "exchangeName": "PumpSwap",
    "exchangeAddress": "pAMMBay6oceH9fJKBRHGP5D4bD4sWpmSwMn52FMfXEA",
    "firstSwapTimestamp": "2025-06-21T17:36:43+00:00",
    "firstSwapType": "buy",
    "firstBuyerOrSeller": "YeKGpySEJSYmpBhaQVxp181nNEB44qqa4NQN49Vg2Cb",
    "firstTradeValueUsd": 13.862114734,
    "label": 62
}