{
    "mint": "3NTqEgmZUzts1UNFyhbtks5q9kyQvcD7BXKqdaa5pump",
    "name": "$tablecoin",
    "symbol": "(tablecoin",
    "decimals": "6",
    "totalSupply": "999454698556037",
    "totalSupplyFormatted": "999454698.556037",
    "sellerFeeBasisPoints": 0,
    "isMutable": true,
    "primarySaleHappened": 0,
    "updateAuthority": "AeExu8uDwLtkhqZmBftzesEQsoCp1Uiptr5pRzKj8QmY",
    "usdPrice": 3.3796e-05,
    "nativePriceValue": "233",
    "exchangeName": "PumpSwap",
    "exchangeAddress": "pAMMBay6oceH9fJKBRHGP5D4bD4sWpmSwMn52FMfXEA",
    "firstSwapTimestamp": "2025-06-23T23:57:12+00:00",
    "firstSwapType": "buy",
    "firstBuyerOrSeller": "BzQPrs33w1CxYoVNaSgahCC4N2TyHAVbWfy4v6WT3vCa",
    "firstTradeValueUsd": 14.425985856,
    "label": 63
}