{
    "mint": "3EkCMeDgYAn31JDfyJR1FAAeJc6rmaD7EZ9mVbK8pump",
    "name": "Memeland",
    "symbol": "Memeland",
    "decimals": "6",
    "totalSupply": "999995696189484",
    "totalSupplyFormatted": "999995696.189484",
    "sellerFeeBasisPoints": 0,
    "isMutable": true,
    "primarySaleHappened": 0,
    "updateAuthority": "BD9vNVYffDL6hKCVNwxFam6AAqcszyxnUca2WLveQNZp",
    "usdPrice": 2.7816e-05,
    "nativePriceValue": "193",
    "exchangeName": "PumpSwap",
    "exchangeAddress": "pAMMBay6oceH9fJKBRHGP5D4bD4sWpmSwMn52FMfXEA",
    "firstSwapTimestamp": "2025-06-14T14:35:08+00:00",
    "firstSwapType": "buy",
    "firstBuyerOrSeller": "JAQsw75qSrLtbxraQ1u8E29nEqNQnR3TvCFCtMN4uY6A",
    "firstTradeValueUsd": 2.320712779,
    "label": 81
}