{
    "mint": "BCG2yQu3iuaaitDt53qJ7V5dfiRW9uNH2h3WYnJpump",
    "name": "The Alon Theory",
    "symbol": "ALON",
    "decimals": "6",
    "totalSupply": "2542699755",
    "totalSupplyFormatted": "2542.699755",
    "sellerFeeBasisPoints": 0,
    "isMutable": false,
    "primarySaleHappened": 0,
    "updateAuthority": "68iLLEbC4n6g8ncSPpd5Uoe74MUGMPMUqpNqvvEPpWMV",
    "usdPrice": 2.0867e-05,
    "nativePriceValue": "145",
    "exchangeName": "PumpSwap",
    "exchangeAddress": "pAMMBay6oceH9fJKBRHGP5D4bD4sWpmSwMn52FMfXEA",
    "firstSwapTimestamp": "2025-06-24T12:17:55+00:00",
    "firstSwapType": "buy",
    "firstBuyerOrSeller": "cakewAiZcEFuE3YjRd6KzBVqdpykNCZupJxdft7u5vW",
    "firstTradeValueUsd": 0.009246603,
    "label": 47
}