{
    "mint": "u7hF3oJZwJst69G7BbGNRho9AGhvRzPb5DvbdHBpump",
    "name": "ThereIsNiggaHiddenCoin",
    "symbol": "NHC",
    "decimals": "6",
    "totalSupply": "4565331232505",
    "totalSupplyFormatted": "4565331.232505",
    "sellerFeeBasisPoints": 0,
    "isMutable": false,
    "primarySaleHappened": 0,
    "updateAuthority": "AbpA78PhrBu3HpgG3bwi1R5UmyRpNC6pLNX6EyqcGeFn",
    "usdPrice": 4.3562e-09,
    "nativePriceValue": "0.0269",
    "exchangeName": "PumpSwap",
    "exchangeAddress": "pAMMBay6oceH9fJKBRHGP5D4bD4sWpmSwMn52FMfXEA",
    "firstSwapTimestamp": "2025-06-24T14:27:21+00:00",
    "firstSwapType": "buy",
    "firstBuyerOrSeller": "27HFmP7ccLadGswvQfvea4o3juLw75cPF4V6jWpHM3MX",
    "firstTradeValueUsd": 0.015208621,
    "label": 59
}