{
    "mint": "3cANXXDZxbZEVMBVWLv7eEy3ke3p7RZbzD3uSu2Mpump",
    "name": "KNOB",
    "symbol": "$KNOB",
    "decimals": "6",
    "totalSupply": "486372134938",
    "totalSupplyFormatted": "486372.134938",
    "sellerFeeBasisPoints": 0,
    "isMutable": false,
    "primarySaleHappened": 0,
    "updateAuthority": "4nLD6z7e9yiX1BVwcsNsZHM2S2TJtb2xn11SxxrbcmJg",
    "usdPrice": 9.365e-06,
    "nativePriceValue": "61.6038",
    "exchangeName": "PumpSwap",
    "exchangeAddress": "pAMMBay6oceH9fJKBRHGP5D4bD4sWpmSwMn52FMfXEA",
    "firstSwapTimestamp": "2025-07-07T04:31:34+00:00",
    "firstSwapType": "buy",
    "firstBuyerOrSeller": "4nLD6z7e9yiX1BVwcsNsZHM2S2TJtb2xn11SxxrbcmJg",
    "firstTradeValueUsd": 1.51e-07,
    "label": 63
}