{
    "mint": "6oxsyteC6257ygk7s9yWq2kf9UVTp7JimwsmK6Kpump",
    "name": "Chorus",
    "symbol": "Chorus",
    "decimals": "6",
    "totalSupply": "7576604810650",
    "totalSupplyFormatted": "7576604.81065",
    "sellerFeeBasisPoints": 0,
    "isMutable": false,
    "primarySaleHappened": 0,
    "updateAuthority": "EaNWdTz363mkaZk34B7tn4hfxWnXq8P65YT8hyFH9zT5",
    "usdPrice": 1.8967e-09,
    "nativePriceValue": "0.0117",
    "exchangeName": "PumpSwap",
    "exchangeAddress": "pAMMBay6oceH9fJKBRHGP5D4bD4sWpmSwMn52FMfXEA",
    "firstSwapTimestamp": "2025-06-27T22:11:17+00:00",
    "firstSwapType": "buy",
    "firstBuyerOrSeller": "cakewAiZcEFuE3YjRd6KzBVqdpykNCZupJxdft7u5vW",
    "firstTradeValueUsd": 0.009146588,
    "label": 53
}