{
    "mint": "Aa1snKGJDfU59uEBBGdA3PB94VVTVZVPY5V9XheBpump",
    "name": "AMERICAN MEME PARTY",
    "symbol": "AMP",
    "decimals": "6",
    "totalSupply": "70109336731",
    "totalSupplyFormatted": "70109.336731",
    "sellerFeeBasisPoints": 0,
    "isMutable": false,
    "primarySaleHappened": 0,
    "updateAuthority": "6mhqBHyAzHNxd68E7fJodKF1v5htJpdqus3SwGim26HP",
    "usdPrice": 4.306e-06,
    "nativePriceValue": "28.9825",
    "exchangeName": "PumpSwap",
    "exchangeAddress": "pAMMBay6oceH9fJKBRHGP5D4bD4sWpmSwMn52FMfXEA",
    "firstSwapTimestamp": "2025-07-06T13:10:43+00:00",
    "firstSwapType": "buy",
    "firstBuyerOrSeller": "76NMKsKmTf4p93tik1rjsFZY8LTRbD6zwsbMqZhKZDAP",
    "firstTradeValueUsd": 0.185218307,
    "label": 62
}