{
    "mint": "5mAzqG66PTjJbpxWc8f2yuuRGR3RrGxPsrTPWFvapump",
    "name": "Federal Rare Note",
    "symbol": "ONE PEPE",
    "decimals": "6",
    "totalSupply": "999799258969029",
    "totalSupplyFormatted": "999799258.969029",
    "sellerFeeBasisPoints": 0,
    "isMutable": true,
    "primarySaleHappened": 0,
    "updateAuthority": "nYrLFT3TtDWFkNctrkdnyFJougZidmQjrqRdNLmuavy",
    "usdPrice": 4.041e-05,
    "nativePriceValue": "265",
    "exchangeName": "PumpSwap",
    "exchangeAddress": "pAMMBay6oceH9fJKBRHGP5D4bD4sWpmSwMn52FMfXEA",
    "firstSwapTimestamp": "2025-07-04T00:27:41+00:00",
    "firstSwapType": "buy",
    "firstBuyerOrSeller": "EN8qS2bVqwxs2VsT12rK7qZnpKuZzcnwGgSeRhS6wfdL",
    "firstTradeValueUsd": 1.366824769,
    "label": 63
}