{
    "mint": "8GiummtPz9Kix2SqfrJjnqQXRi32JguQdCFbof9apump",
    "name": "holocat",
    "symbol": "holocat",
    "decimals": "6",
    "totalSupply": "999998230835171",
    "totalSupplyFormatted": "999998230.835171",
    "sellerFeeBasisPoints": 0,
    "isMutable": true,
    "primarySaleHappened": 0,
    "updateAuthority": "BtYqW4ioWHZjpVKnfK8LxSYC3VjhWFG3i97saWu2AdPb",
    "usdPrice": 9.75e-06,
    "nativePriceValue": "67.563",
    "exchangeName": "PumpSwap",
    "exchangeAddress": "pAMMBay6oceH9fJKBRHGP5D4bD4sWpmSwMn52FMfXEA",
    "firstSwapTimestamp": "2025-06-18T19:56:56+00:00",
    "firstSwapType": "buy",
    "firstBuyerOrSeller": "45Nzq9MiciKfWd4KH3arn1FxnpGyzk8jrCLeAue3tYoT",
    "firstTradeValueUsd": 2.08584012,
    "label": 63
}