{
    "mint": "GW4MMqSdPsF3pt3MR5T2TLm9iGgbSvk8HtiL1yvhpump",
    "name": "farthouse",
    "symbol": "farthouse",
    "decimals": "6",
    "totalSupply": "999999149047332",
    "totalSupplyFormatted": "999999149.047332",
    "sellerFeeBasisPoints": 0,
    "isMutable": true,
    "primarySaleHappened": 0,
    "updateAuthority": "DNgMRRaXetYgdfkAXvXcdz5oZVabuzG4DVvHhtwiBvYS",
    "usdPrice": 0.000142196,
    "nativePriceValue": "987",
    "exchangeName": "PumpSwap",
    "exchangeAddress": "pAMMBay6oceH9fJKBRHGP5D4bD4sWpmSwMn52FMfXEA",
    "firstSwapTimestamp": "2025-06-26T00:16:49+00:00",
    "firstSwapType": "buy",
    "firstBuyerOrSeller": "imv42iA8mGgeuczDodkfUDfw1yfE2o31g14QKKYKUFt",
    "firstTradeValueUsd": 44.795476479,
    "label": 63
}