{
    "mint": "5s19XkpJFYaXBucTg5coE1wSP8kKZEbtDTCwxtM3pump",
    "name": "Join Every War",
    "symbol": "JEW",
    "decimals": "6",
    "totalSupply": "999998894912399",
    "totalSupplyFormatted": "999998894.912399",
    "sellerFeeBasisPoints": 0,
    "isMutable": true,
    "primarySaleHappened": 0,
    "updateAuthority": "12t3NTR3mM6ayxJg2pw9ZcjWqqWRbb2VBmw19BedJfth",
    "usdPrice": 0.000311626,
    "nativePriceValue": "2120",
    "exchangeName": "PumpSwap",
    "exchangeAddress": "pAMMBay6oceH9fJKBRHGP5D4bD4sWpmSwMn52FMfXEA",
    "firstSwapTimestamp": "2025-06-14T04:15:20+00:00",
    "firstSwapType": "buy",
    "firstBuyerOrSeller": "2jdzKefGaXbRszHh53y5mZoGoUqxrhgkpu7P2SQvVt2F",
    "firstTradeValueUsd": 2.345602204,
    "label": 63
}