{
    "mint": "H26AS2F2xZviy7y5YEnhLpP3YcdNTE48MZWHZNFTpump",
    "name": "Pacu Jalur",
    "symbol": "BoatKid",
    "decimals": "6",
    "totalSupply": "915871047281828",
    "totalSupplyFormatted": "915871047.281828",
    "sellerFeeBasisPoints": 0,
    "isMutable": false,
    "primarySaleHappened": 0,
    "updateAuthority": "A2fjFtjVcWKzwyKwEXQGJ18HzgS6SAMsbH8XzUsD7UYy",
    "usdPrice": 2.511e-10,
    "nativePriceValue": "0.00128814",
    "exchangeName": "PumpSwap",
    "exchangeAddress": "pAMMBay6oceH9fJKBRHGP5D4bD4sWpmSwMn52FMfXEA",
    "firstSwapTimestamp": "2025-07-11T09:19:56+00:00",
    "firstSwapType": "buy",
    "firstBuyerOrSeller": "cakewAiZcEFuE3YjRd6KzBVqdpykNCZupJxdft7u5vW",
    "firstTradeValueUsd": 0.010530794,
    "label": 64
}