{
    "mint": "7H54ZzjK95cRjErBtU6zWhRWgayDa65E889oHcBTpump",
    "name": "Congratulations New York.",
    "symbol": "CNY",
    "decimals": "6",
    "totalSupply": "999971506247243",
    "totalSupplyFormatted": "999971506.247243",
    "sellerFeeBasisPoints": 0,
    "isMutable": true,
    "primarySaleHappened": 0,
    "updateAuthority": "DUcjx5siEZZxWtpgQ75KxJDYie7BvTu5TNJWvbZGZrYE",
    "usdPrice": 3.3055e-05,
    "nativePriceValue": "227",
    "exchangeName": "PumpSwap",
    "exchangeAddress": "pAMMBay6oceH9fJKBRHGP5D4bD4sWpmSwMn52FMfXEA",
    "firstSwapTimestamp": "2025-06-25T14:26:18+00:00",
    "firstSwapType": "buy",
    "firstBuyerOrSeller": "rQTHiNfwAHo9swPBfneceYrHd4GhZx3opvtGBhYQYyP",
    "firstTradeValueUsd": 1.451318549,
    "label": 63
}