{
    "mint": "4UJ4GkhJfZNGHgP7P8m955kX3ny9YUgtcSLu89pPpump",
    "name": "purrabolic",
    "symbol": "purrabolic",
    "decimals": "6",
    "totalSupply": "999997525759538",
    "totalSupplyFormatted": "999997525.759538",
    "sellerFeeBasisPoints": 0,
    "isMutable": true,
    "primarySaleHappened": 0,
    "updateAuthority": "FqjyFU3yYeDx7ERaJhv4X1vQdyfiwgMomJXSHSqPqbtQ",
    "usdPrice": 0.000195043,
    "nativePriceValue": "1284",
    "exchangeName": "PumpSwap",
    "exchangeAddress": "pAMMBay6oceH9fJKBRHGP5D4bD4sWpmSwMn52FMfXEA",
    "firstSwapTimestamp": "2025-06-29T11:29:32+00:00",
    "firstSwapType": "buy",
    "firstBuyerOrSeller": "2jYSccZUuXM4TY2y2641PB5zV65BSqjkfshWukL8QPkP",
    "firstTradeValueUsd": 1.509900721,
    "label": 63
}