{
    "mint": "BwdRiSDZyo6vQPXK58gF2VpXbSoXh4FGgoo9T25qpump",
    "name": "PEPIonSOL",
    "symbol": "PEPI",
    "decimals": "6",
    "totalSupply": "999691101912260",
    "totalSupplyFormatted": "999691101.91226",
    "sellerFeeBasisPoints": 0,
    "isMutable": true,
    "primarySaleHappened": 0,
    "updateAuthority": "DwmJuxGWDucsfngRQhnApcXMdFZNYgTtuno2Aw6pfRJ4",
    "usdPrice": 4.7668e-05,
    "nativePriceValue": "311",
    "exchangeName": "PumpSwap",
    "exchangeAddress": "pAMMBay6oceH9fJKBRHGP5D4bD4sWpmSwMn52FMfXEA",
    "firstSwapTimestamp": "2025-07-02T17:14:17+00:00",
    "firstSwapType": "buy",
    "firstBuyerOrSeller": "7hcTp14MH3mHSgo6EJMKaXozJacfc1XhoALSJzoWokVb",
    "firstTradeValueUsd": 185.036285212,
    "label": 64
}