{
    "mint": "8jzxYUZHPUitY7Egu3atLWpq8BCQ3kqopSjnu2Wqpump",
    "name": "Peanut the Israeli trencher",
    "symbol": "ISNUT",
    "decimals": "6",
    "totalSupply": "164853423757",
    "totalSupplyFormatted": "164853.423757",
    "sellerFeeBasisPoints": 0,
    "isMutable": true,
    "primarySaleHappened": 0,
    "updateAuthority": "3mfvCXypLXqSQDC63XMtvMXj8zs7cwNdTqMH2k8VPqoM",
    "usdPrice": 12.628837793,
    "nativePriceValue": "86341046",
    "exchangeName": "PumpSwap",
    "exchangeAddress": "pAMMBay6oceH9fJKBRHGP5D4bD4sWpmSwMn52FMfXEA",
    "firstSwapTimestamp": "2025-06-13T14:59:08+00:00",
    "firstSwapType": "buy",
    "firstBuyerOrSeller": "3mfvCXypLXqSQDC63XMtvMXj8zs7cwNdTqMH2k8VPqoM",
    "firstTradeValueUsd": 0.001459474,
    "label": 67
}