{
    "mint": "amgU31BAhneKRV2mWDFmAZuzStUeHYeW1FgsgSjpump",
    "name": "gor currency",
    "symbol": "GORRENCY",
    "decimals": "6",
    "totalSupply": "999934999787864",
    "totalSupplyFormatted": "999934999.787864",
    "sellerFeeBasisPoints": 0,
    "isMutable": true,
    "primarySaleHappened": 0,
    "updateAuthority": "Qq6sqMsM84cuxBroAEyw2iYnmJh2t7MP4aCU9AVWvH8",
    "usdPrice": 4.4395e-05,
    "nativePriceValue": "308",
    "exchangeName": "PumpSwap",
    "exchangeAddress": "pAMMBay6oceH9fJKBRHGP5D4bD4sWpmSwMn52FMfXEA",
    "firstSwapTimestamp": "2025-06-26T00:58:46+00:00",
    "firstSwapType": "buy",
    "firstBuyerOrSeller": "CLAcdeC4MmSA9h9BZbVf94cnwfd8BvVatf4jP6g6FoYE",
    "firstTradeValueUsd": 1.552773341,
    "label": 80
}