{
    "mint": "Ee6F1NArTRSB9pF79PgLkSzmdjBy6fXkoUYt47g2pump",
    "name": "Jiwa Lucky Frog | \u5409\u86d9",
    "symbol": "jiwa",
    "decimals": "6",
    "totalSupply": "999999542015027",
    "totalSupplyFormatted": "999999542.015027",
    "sellerFeeBasisPoints": 0,
    "isMutable": true,
    "primarySaleHappened": 0,
    "updateAuthority": "GitiqvWwoERfxDBh8e2dWHWDbHApNDh3gd7XpZs85Ffu",
    "usdPrice": 0.000155695,
    "nativePriceValue": "1039",
    "exchangeName": "PumpSwap",
    "exchangeAddress": "pAMMBay6oceH9fJKBRHGP5D4bD4sWpmSwMn52FMfXEA",
    "firstSwapTimestamp": "2025-06-29T06:42:46+00:00",
    "firstSwapType": "buy",
    "firstBuyerOrSeller": "6yfd1NT2NHnPzQnw5rBpyCZ1pDnGkU53HntxVvSSctJ2",
    "firstTradeValueUsd": 856.88640184,
    "label": 63
}