{
    "mint": "HBitjT5GSbEcX6b3pHkWHDopKUXpv5WNJYb3dtPvpump",
    "name": "Poge",
    "symbol": "POGE",
    "decimals": "6",
    "totalSupply": "5255833732181",
    "totalSupplyFormatted": "5255833.732181",
    "sellerFeeBasisPoints": 0,
    "isMutable": false,
    "primarySaleHappened": 0,
    "updateAuthority": "9UZtmpuXquq2xDHSXFK7GogUaCptY86y4qG5qZXyXScy",
    "usdPrice": 4.412e-06,
    "nativePriceValue": "30.5554",
    "exchangeName": "PumpSwap",
    "exchangeAddress": "pAMMBay6oceH9fJKBRHGP5D4bD4sWpmSwMn52FMfXEA",
    "firstSwapTimestamp": "2025-06-28T06:02:50+00:00",
    "firstSwapType": "buy",
    "firstBuyerOrSeller": "9UZtmpuXquq2xDHSXFK7GogUaCptY86y4qG5qZXyXScy",
    "firstTradeValueUsd": 1.43e-07,
    "label": 66
}