{
    "mint": "AzVXfJU9wMR7YuXuDhyBj97J1XZj6M7kRygdvmRypump",
    "name": "COIN ACT",
    "symbol": "COIN ACT",
    "decimals": "6",
    "totalSupply": "999999242607317",
    "totalSupplyFormatted": "999999242.607317",
    "sellerFeeBasisPoints": 0,
    "isMutable": true,
    "primarySaleHappened": 0,
    "updateAuthority": "4KWphUP7uXr3QgLRC1q4MBxG1RwEK4QQrU15p7tNdPNV",
    "usdPrice": 0.000119934,
    "nativePriceValue": "893",
    "exchangeName": "PumpSwap",
    "exchangeAddress": "pAMMBay6oceH9fJKBRHGP5D4bD4sWpmSwMn52FMfXEA",
    "firstSwapTimestamp": "2025-06-23T11:18:13+00:00",
    "firstSwapType": "buy",
    "firstBuyerOrSeller": "5VM944Jny2LEhuzLckLfrg4iga9RAseBmZzKaSiRZAEk",
    "firstTradeValueUsd": 1.599428322,
    "label": 62
}