{
    "mint": "2xgZe7SZyuMiFXpCCZrsrA3yb8xiwnwTa1hKrYt8pump",
    "name": "Pokemon",
    "symbol": "POKEMON",
    "decimals": "6",
    "totalSupply": "999999951439364",
    "totalSupplyFormatted": "999999951.439364",
    "sellerFeeBasisPoints": 0,
    "isMutable": false,
    "primarySaleHappened": 0,
    "updateAuthority": "8tjk9DyUxLcUqG2gJoAM7aovcsgaQ9Yekdc3uWXBUaqS",
    "usdPrice": 0.006359504,
    "nativePriceValue": "39325",
    "exchangeName": "PumpSwap",
    "exchangeAddress": "pAMMBay6oceH9fJKBRHGP5D4bD4sWpmSwMn52FMfXEA",
    "firstSwapTimestamp": "2025-06-16T20:55:39+00:00",
    "firstSwapType": "buy",
    "firstBuyerOrSeller": "DRxgGNEJ2yMEqdCoW9Du1QuPV7F1gvanpE3nrGraXBRK",
    "firstTradeValueUsd": 2019.028524229,
    "label": 63
}