{
    "mint": "HXUHkKpDyby4tRAiLUxEzdbsYfoTKAbH76Wk1m55pump",
    "name": "works while you sleep",
    "symbol": "PASSIVE",
    "decimals": "6",
    "totalSupply": "104548491502",
    "totalSupplyFormatted": "104548.491502",
    "sellerFeeBasisPoints": 0,
    "isMutable": true,
    "primarySaleHappened": 0,
    "updateAuthority": "BcoUvPakdewbG7rKRU6s3VAZtVGVUgL5qQjmkYgD6Pm6",
    "usdPrice": 0.000112193,
    "nativePriceValue": "751",
    "exchangeName": "PumpSwap",
    "exchangeAddress": "pAMMBay6oceH9fJKBRHGP5D4bD4sWpmSwMn52FMfXEA",
    "firstSwapTimestamp": "2025-06-29T03:05:19+00:00",
    "firstSwapType": "buy",
    "firstBuyerOrSeller": "KWq7esvBkhAh6TP6iDb1LtGPhQbTN76L6iN3p5Dd81E",
    "firstTradeValueUsd": 47.000866596,
    "label": 63
}