{
    "mint": "97jm5aqMp5yKFECMTMxTcbhmrq1mpwhhNZChtCWrpump",
    "name": "SPXHOUSE",
    "symbol": "SPXHOUSE",
    "decimals": "6",
    "totalSupply": "999942611303612",
    "totalSupplyFormatted": "999942611.303612",
    "sellerFeeBasisPoints": 0,
    "isMutable": true,
    "primarySaleHappened": 0,
    "updateAuthority": "369izS6PUgskevxHs2pj5DwbmsXVf1DaYLgh6R9JKnEE",
    "usdPrice": 3.2293e-05,
    "nativePriceValue": "227",
    "exchangeName": "PumpSwap",
    "exchangeAddress": "pAMMBay6oceH9fJKBRHGP5D4bD4sWpmSwMn52FMfXEA",
    "firstSwapTimestamp": "2025-06-26T19:51:30+00:00",
    "firstSwapType": "buy",
    "firstBuyerOrSeller": "AxtSrGv2bjdinqPcvco4vXqUXy2RDu7vfUeshBc6wGDx",
    "firstTradeValueUsd": 1.278553391,
    "label": 69
}