{
    "mint": "4SWNVhH3Qh4XdUBEMbFZkcbDBu56VAwqtqsYZB7opump",
    "name": "9to5",
    "symbol": "9-5",
    "decimals": "6",
    "totalSupply": "999658842799974",
    "totalSupplyFormatted": "999658842.799974",
    "sellerFeeBasisPoints": 0,
    "isMutable": true,
    "primarySaleHappened": 0,
    "updateAuthority": "5JmoNHpHQ6nMNwPYu7r1NUtFaZqsLAcm6Fv1VNdLZwXt",
    "usdPrice": 4.073e-05,
    "nativePriceValue": "277",
    "exchangeName": "PumpSwap",
    "exchangeAddress": "pAMMBay6oceH9fJKBRHGP5D4bD4sWpmSwMn52FMfXEA",
    "firstSwapTimestamp": "2025-06-28T13:30:45+00:00",
    "firstSwapType": "buy",
    "firstBuyerOrSeller": "GLfCqnmsPhWjDXmbpfLVXczvBHMWURPJeFvNGzDbswS9",
    "firstTradeValueUsd": 46.30378667,
    "label": 63
}