{
    "mint": "7Mq8GGzWh1WsxJshPsWMGmqTXnHhBokAWB14RjeXpump",
    "name": "Falcon 9",
    "symbol": "Falcon 9",
    "decimals": "6",
    "totalSupply": "999999596054792",
    "totalSupplyFormatted": "999999596.054792",
    "sellerFeeBasisPoints": 0,
    "isMutable": true,
    "primarySaleHappened": 0,
    "updateAuthority": "4yzuVLsog95eAfAKs4ngnaTgdnMDdowa1MjnNVqVoRRA",
    "usdPrice": 501996.912482131,
    "nativePriceValue": "2702702729729",
    "exchangeName": "PumpSwap",
    "exchangeAddress": "pAMMBay6oceH9fJKBRHGP5D4bD4sWpmSwMn52FMfXEA",
    "firstSwapTimestamp": "2025-06-22T12:12:25+00:00",
    "firstSwapType": "buy",
    "firstBuyerOrSeller": "BzQPrs33w1CxYoVNaSgahCC4N2TyHAVbWfy4v6WT3vCa",
    "firstTradeValueUsd": 13.292096211,
    "label": 67
}