{
    "mint": "6mDpdhwSfDpqfeGzwonwip1vHCeZTNDcV6BHtYiTpump",
    "name": "Ask Polymarket",
    "symbol": "PolyAI",
    "decimals": "6",
    "totalSupply": "717276988998",
    "totalSupplyFormatted": "717276.988998",
    "sellerFeeBasisPoints": 0,
    "isMutable": false,
    "primarySaleHappened": 0,
    "updateAuthority": "FgyJpy8FcDmSFdYDUMh99X18z7mUdmsp7LCUcNPGd5Ka",
    "usdPrice": 1.0512e-05,
    "nativePriceValue": "64.3114",
    "exchangeName": "PumpSwap",
    "exchangeAddress": "pAMMBay6oceH9fJKBRHGP5D4bD4sWpmSwMn52FMfXEA",
    "firstSwapTimestamp": "2025-07-11T20:43:29+00:00",
    "firstSwapType": "buy",
    "firstBuyerOrSeller": "FgyJpy8FcDmSFdYDUMh99X18z7mUdmsp7LCUcNPGd5Ka",
    "firstTradeValueUsd": 1.62e-07,
    "label": 66
}