{
    "mint": "BNhtaQkyuk35tj66g2FtZ2iczyvP6jNCToQxawXQpump",
    "name": "tokenized stock wrappers",
    "symbol": "TSW",
    "decimals": "6",
    "totalSupply": "999998430997088",
    "totalSupplyFormatted": "999998430.997088",
    "sellerFeeBasisPoints": 0,
    "isMutable": true,
    "primarySaleHappened": 0,
    "updateAuthority": "9wibn4q5rbs3nBMpPfRoZEsDksYZ6UQ1u7kPX3JAza5E",
    "usdPrice": 0.000226708,
    "nativePriceValue": "1485",
    "exchangeName": "PumpSwap",
    "exchangeAddress": "pAMMBay6oceH9fJKBRHGP5D4bD4sWpmSwMn52FMfXEA",
    "firstSwapTimestamp": "2025-07-02T22:42:51+00:00",
    "firstSwapType": "buy",
    "firstBuyerOrSeller": "1bTm9gMu4JPCUDFXhz1HAEdhiFVtinAL5g8U4k4mhhB",
    "firstTradeValueUsd": 1.534466964,
    "label": 63
}