{
    "mint": "3hspJKHrRW2XCAzJBARJF4rfszqosUya9koCDQVMpump",
    "name": "FitFiat",
    "symbol": "FFT",
    "decimals": "6",
    "totalSupply": "1000000000000000",
    "totalSupplyFormatted": "1000000000",
    "sellerFeeBasisPoints": 0,
    "isMutable": false,
    "primarySaleHappened": 0,
    "updateAuthority": "WLHv2UAZm6z4KyaaELi5pjdbJh6RESMva1Rnn8pJVVh",
    "usdPrice": 4.3e-06,
    "nativePriceValue": "28.2003",
    "exchangeName": "Raydium",
    "exchangeAddress": "LanMV9sAd7wArD4vJFi2qDdfnVhFxYSUg6eADduJ3uj",
    "firstSwapTimestamp": "2025-07-09T06:39:51+00:00",
    "firstSwapType": "buy",
    "firstBuyerOrSeller": "GY89RvMcaozRDcrcUsjaVRA2NpFzSkFayqVBXow2bq2m",
    "firstTradeValueUsd": 99.241021424,
    "label": 29
}