{
    "mint": "1ixdEMRHGobPq55Xx9FMhU7YD2oL9nVmigxVqFopump",
    "name": "Not Financial Advice",
    "symbol": "NFA",
    "decimals": "6",
    "totalSupply": "1276957843643",
    "totalSupplyFormatted": "1276957.843643",
    "sellerFeeBasisPoints": 0,
    "isMutable": false,
    "primarySaleHappened": 0,
    "updateAuthority": "t52LMAqECVU7VyMPL4x4nfeBPCQnadkNRenUnzDtpyS",
    "usdPrice": 1.49813e-08,
    "nativePriceValue": "0.0924",
    "exchangeName": "PumpSwap",
    "exchangeAddress": "pAMMBay6oceH9fJKBRHGP5D4bD4sWpmSwMn52FMfXEA",
    "firstSwapTimestamp": "2025-06-30T07:03:29+00:00",
    "firstSwapType": "buy",
    "firstBuyerOrSeller": "5iywveQKkidqPDKt2CExJcWKex2EXz9kbGcYiZvhuXWs",
    "firstTradeValueUsd": 0.015010165,
    "label": 43
}