{
    "mint": "J49PupPzexExSQv7cMvyN91eP2Ej5duj4aicp7c1pump",
    "name": "JUSTICE FOR IRAN DOG",
    "symbol": "Tahir",
    "decimals": "6",
    "totalSupply": "359806882663",
    "totalSupplyFormatted": "359806.882663",
    "sellerFeeBasisPoints": 0,
    "isMutable": true,
    "primarySaleHappened": 0,
    "updateAuthority": "BcoUvPakdewbG7rKRU6s3VAZtVGVUgL5qQjmkYgD6Pm6",
    "usdPrice": 0.000265897,
    "nativePriceValue": "1952",
    "exchangeName": "PumpSwap",
    "exchangeAddress": "pAMMBay6oceH9fJKBRHGP5D4bD4sWpmSwMn52FMfXEA",
    "firstSwapTimestamp": "2025-06-22T06:21:01+00:00",
    "firstSwapType": "buy",
    "firstBuyerOrSeller": "KWq7esvBkhAh6TP6iDb1LtGPhQbTN76L6iN3p5Dd81E",
    "firstTradeValueUsd": 42.821068123,
    "label": 63
}