{
    "mint": "5qEkbC5QyiJ1YPCe4FZT5P2S5xYgtMP2zoSc7Nz5pump",
    "name": "W",
    "symbol": "W",
    "decimals": "6",
    "totalSupply": "999998855810267",
    "totalSupplyFormatted": "999998855.810267",
    "sellerFeeBasisPoints": 0,
    "isMutable": true,
    "primarySaleHappened": 0,
    "updateAuthority": "Fb8hhyDn3mwEkShvqyZ5C5PEsrRWkixnSGX6Bo5UFUeg",
    "usdPrice": 0.000112311,
    "nativePriceValue": "721",
    "exchangeName": "PumpSwap",
    "exchangeAddress": "pAMMBay6oceH9fJKBRHGP5D4bD4sWpmSwMn52FMfXEA",
    "firstSwapTimestamp": "2025-06-16T13:33:37+00:00",
    "firstSwapType": "buy",
    "firstBuyerOrSeller": "6ZSSbyWfDG4MSCV2Nzhzd5ZPj35hn2mgci5iMH1D2Xij",
    "firstTradeValueUsd": 2.170857918,
    "label": 64
}