{
    "mint": "HhZDVW2hNpeEtJy5m7hx3VnT66NKGoUZkJhJMoSDpump",
    "name": "United States Dominant Peg",
    "symbol": "USDP",
    "decimals": "6",
    "totalSupply": "999999094081137",
    "totalSupplyFormatted": "999999094.081137",
    "sellerFeeBasisPoints": 0,
    "isMutable": true,
    "primarySaleHappened": 0,
    "updateAuthority": "CU6LrxqZax8wcXw9FCRTNevhkq2LrJoDGzTRSZicPFq6",
    "usdPrice": 7.7407e-05,
    "nativePriceValue": "495",
    "exchangeName": "PumpSwap",
    "exchangeAddress": "pAMMBay6oceH9fJKBRHGP5D4bD4sWpmSwMn52FMfXEA",
    "firstSwapTimestamp": "2025-06-16T02:12:20+00:00",
    "firstSwapType": "buy",
    "firstBuyerOrSeller": "5dnFxM648UQpBTonstiBE1HWZaVG49Cv3yuNhX6Y1nFU",
    "firstTradeValueUsd": 15.622435017,
    "label": 82
}