{
    "mint": "FPKEAaULyAHpgj7hs4jAVerRThDRcCCov7sf5aUmpump",
    "name": "Fartbook",
    "symbol": "FB",
    "decimals": "6",
    "totalSupply": "999949608264306",
    "totalSupplyFormatted": "999949608.264306",
    "sellerFeeBasisPoints": 0,
    "isMutable": true,
    "primarySaleHappened": 0,
    "updateAuthority": "CU6LrxqZax8wcXw9FCRTNevhkq2LrJoDGzTRSZicPFq6",
    "usdPrice": 2.6262e-05,
    "nativePriceValue": "181",
    "exchangeName": "PumpSwap",
    "exchangeAddress": "pAMMBay6oceH9fJKBRHGP5D4bD4sWpmSwMn52FMfXEA",
    "firstSwapTimestamp": "2025-06-18T19:11:56+00:00",
    "firstSwapType": "buy",
    "firstBuyerOrSeller": "5dnFxM648UQpBTonstiBE1HWZaVG49Cv3yuNhX6Y1nFU",
    "firstTradeValueUsd": 14.391998211,
    "label": 82
}