{
    "mint": "Gvwxx4EXydx9q3aGso7fp5mpoT9T7n2fVXxU1b6Spump",
    "name": "Ultimate Negotiator",
    "symbol": "MISSILE",
    "decimals": "6",
    "totalSupply": "999857167266212",
    "totalSupplyFormatted": "999857167.266212",
    "sellerFeeBasisPoints": 0,
    "isMutable": true,
    "primarySaleHappened": 0,
    "updateAuthority": "GVsq7X5yLu5cCWFUirnmMySpmREU6uug7zz6WtRZqwc9",
    "usdPrice": 4.8554e-05,
    "nativePriceValue": "330",
    "exchangeName": "PumpSwap",
    "exchangeAddress": "pAMMBay6oceH9fJKBRHGP5D4bD4sWpmSwMn52FMfXEA",
    "firstSwapTimestamp": "2025-06-13T20:53:56+00:00",
    "firstSwapType": "buy",
    "firstBuyerOrSeller": "FnCXrFctvxTSDGTaNUwHMwK1QNXjyUr896xUD9cB8NuP",
    "firstTradeValueUsd": 1.462176051,
    "label": 63
}