{
    "mint": "BwfGo1sDbcJC9oXUJuAJcnGd79ZwQB6BrV6t2ALcpump",
    "name": "memestock",
    "symbol": "memestock",
    "decimals": "6",
    "totalSupply": "999924316210854",
    "totalSupplyFormatted": "999924316.210854",
    "sellerFeeBasisPoints": 0,
    "isMutable": true,
    "primarySaleHappened": 0,
    "updateAuthority": "2ztNvNP533XYehgKaYVe7dJv1z1VkVzLidQxUuNtRVKz",
    "usdPrice": 0.011744814,
    "nativePriceValue": "75893",
    "exchangeName": "PumpSwap",
    "exchangeAddress": "pAMMBay6oceH9fJKBRHGP5D4bD4sWpmSwMn52FMfXEA",
    "firstSwapTimestamp": "2025-07-01T00:08:18+00:00",
    "firstSwapType": "buy",
    "firstBuyerOrSeller": "BzQPrs33w1CxYoVNaSgahCC4N2TyHAVbWfy4v6WT3vCa",
    "firstTradeValueUsd": 15.416474825,
    "label": 63
}