{
    "mint": "NNAooViMbnwhUtRtXTFk9JSn7QBgFZ6eFSKEeJCpump",
    "name": "Gooblah",
    "symbol": "GOO",
    "decimals": "6",
    "totalSupply": "3843648215",
    "totalSupplyFormatted": "3843.648215",
    "sellerFeeBasisPoints": 0,
    "isMutable": false,
    "primarySaleHappened": 0,
    "updateAuthority": "9f9pq8vNBsEMtgrqhY9uXAzdw36tGWGhXXsJNE4ufhjm",
    "usdPrice": 5.92e-06,
    "nativePriceValue": "36.5093",
    "exchangeName": "PumpSwap",
    "exchangeAddress": "pAMMBay6oceH9fJKBRHGP5D4bD4sWpmSwMn52FMfXEA",
    "firstSwapTimestamp": "2025-06-20T02:16:20+00:00",
    "firstSwapType": "buy",
    "firstBuyerOrSeller": "cakewAiZcEFuE3YjRd6KzBVqdpykNCZupJxdft7u5vW",
    "firstTradeValueUsd": 0.011745493,
    "label": 42
}