{
    "mint": "8VjsWaysC1GKBk2HfFcjg3tUpg7eRYaSvzFaHaxkpump",
    "name": "Are Ya Gooning, Son?",
    "symbol": "AYGS",
    "decimals": "6",
    "totalSupply": "999999449983865",
    "totalSupplyFormatted": "999999449.983865",
    "sellerFeeBasisPoints": 0,
    "isMutable": true,
    "primarySaleHappened": 0,
    "updateAuthority": "GgPQMwZdgEAQhBKQtghZEUvgpLHyv4Tfi1EjufJWLz6V",
    "usdPrice": 0.000150375,
    "nativePriceValue": "1022",
    "exchangeName": "PumpSwap",
    "exchangeAddress": "pAMMBay6oceH9fJKBRHGP5D4bD4sWpmSwMn52FMfXEA",
    "firstSwapTimestamp": "2025-06-20T00:25:58+00:00",
    "firstSwapType": "buy",
    "firstBuyerOrSeller": "BzQPrs33w1CxYoVNaSgahCC4N2TyHAVbWfy4v6WT3vCa",
    "firstTradeValueUsd": 14.632845933,
    "label": 62
}