{
    "mint": "5oTstZveLSF4D2KcDuTnyYR5Brty9BuL57mrcSBipump",
    "name": "Smoking War Cat",
    "symbol": "SWC",
    "decimals": "6",
    "totalSupply": "999758593050854",
    "totalSupplyFormatted": "999758593.050854",
    "sellerFeeBasisPoints": 0,
    "isMutable": true,
    "primarySaleHappened": 0,
    "updateAuthority": "EsGEkVBec1aDcqkUpxjqdbsnd6FEd1tmHGRTwXw7teP9",
    "usdPrice": 3.2603e-05,
    "nativePriceValue": "219",
    "exchangeName": "PumpSwap",
    "exchangeAddress": "pAMMBay6oceH9fJKBRHGP5D4bD4sWpmSwMn52FMfXEA",
    "firstSwapTimestamp": "2025-06-18T03:30:31+00:00",
    "firstSwapType": "buy",
    "firstBuyerOrSeller": "6F4AScLf1fRh6FUyuqpBLdF9cWZ1HmjnvyxwcGKxizgw",
    "firstTradeValueUsd": 14.743687242,
    "label": 63
}