{
    "mint": "r6PgZLTdZWAhQs2JasGf6D8C8FdoZcQj3ohKuLjpump",
    "name": "Terminal of OIL",
    "symbol": "TOIL",
    "decimals": "6",
    "totalSupply": "1023330762224",
    "totalSupplyFormatted": "1023330.762224",
    "sellerFeeBasisPoints": 0,
    "isMutable": false,
    "primarySaleHappened": 0,
    "updateAuthority": "GpqSRV2VVNyAEACSkkzxdcWxgjbsvRQPqvLaGzLBe6Za",
    "usdPrice": 5.241e-06,
    "nativePriceValue": "32.2938",
    "exchangeName": "PumpSwap",
    "exchangeAddress": "pAMMBay6oceH9fJKBRHGP5D4bD4sWpmSwMn52FMfXEA",
    "firstSwapTimestamp": "2025-06-22T20:18:07+00:00",
    "firstSwapType": "buy",
    "firstBuyerOrSeller": "5iywveQKkidqPDKt2CExJcWKex2EXz9kbGcYiZvhuXWs",
    "firstTradeValueUsd": 0.012683141,
    "label": 63
}