{
    "mint": "UHw378SHzhPDTY4rZ72kCUxzFHPizzpwQLCrxFnpump",
    "name": "Positive Mental Attitude",
    "symbol": "PMA",
    "decimals": "6",
    "totalSupply": "2667870873",
    "totalSupplyFormatted": "2667.870873",
    "sellerFeeBasisPoints": 0,
    "isMutable": false,
    "primarySaleHappened": 0,
    "updateAuthority": "Dr4pPaak7BAkdz7By8XLGMVi2Y77qhUnYKeWJKkxPKLu",
    "usdPrice": 1.6152e-05,
    "nativePriceValue": "111",
    "exchangeName": "PumpSwap",
    "exchangeAddress": "pAMMBay6oceH9fJKBRHGP5D4bD4sWpmSwMn52FMfXEA",
    "firstSwapTimestamp": "2025-06-24T03:21:13+00:00",
    "firstSwapType": "buy",
    "firstBuyerOrSeller": "cakewAiZcEFuE3YjRd6KzBVqdpykNCZupJxdft7u5vW",
    "firstTradeValueUsd": 0.009189496,
    "label": 43
}