{
    "mint": "gQsG7zMe1YTz8Ntpf7w5KbWDbMbzJDX9Kjid13Apump",
    "name": "Beanie Egg",
    "symbol": "BEANIE",
    "decimals": "6",
    "totalSupply": "1604958505245",
    "totalSupplyFormatted": "1604958.505245",
    "sellerFeeBasisPoints": 0,
    "isMutable": false,
    "primarySaleHappened": 0,
    "updateAuthority": "Am5iCWRdt2LBmCf7eSrjq8YxUuVGKhHWk9o8tDDNPDuW",
    "usdPrice": 7.4595e-09,
    "nativePriceValue": "0.0461",
    "exchangeName": "PumpSwap",
    "exchangeAddress": "pAMMBay6oceH9fJKBRHGP5D4bD4sWpmSwMn52FMfXEA",
    "firstSwapTimestamp": "2025-06-27T11:45:46+00:00",
    "firstSwapType": "buy",
    "firstBuyerOrSeller": "27HFmP7ccLadGswvQfvea4o3juLw75cPF4V6jWpHM3MX",
    "firstTradeValueUsd": 0.014898176,
    "label": 62
}