{
    "mint": "7sNhWXCHisoAixVDXPKd4r2QKBMcxDZQKKbwiugNpump",
    "name": "LOTUS CULT",
    "symbol": "LOTUS",
    "decimals": "6",
    "totalSupply": "999344523722245",
    "totalSupplyFormatted": "999344523.722245",
    "sellerFeeBasisPoints": 0,
    "isMutable": true,
    "primarySaleHappened": 0,
    "updateAuthority": "5GxiL8C2s4EXueijN5aAKqCY5b2MBpvqR1n1YCEvfB1V",
    "usdPrice": 8.0228e-05,
    "nativePriceValue": "543",
    "exchangeName": "PumpSwap",
    "exchangeAddress": "pAMMBay6oceH9fJKBRHGP5D4bD4sWpmSwMn52FMfXEA",
    "firstSwapTimestamp": "2025-06-20T12:52:53+00:00",
    "firstSwapType": "buy",
    "firstBuyerOrSeller": "CFgZuRgFDhCgEoFiSsYiSPq26BZ8exuxhvz7V9pqSjwb",
    "firstTradeValueUsd": 2.870313736,
    "label": 78
}