{
    "mint": "kWKTwvhoNpz3F4pnWZG2ZsxhVd6kZVp3a6Gaj6Apump",
    "name": "Dads Favorite Emoji",
    "symbol": "\ud83d\udc4d",
    "decimals": "6",
    "totalSupply": "999371999403859",
    "totalSupplyFormatted": "999371999.403859",
    "sellerFeeBasisPoints": 0,
    "isMutable": true,
    "primarySaleHappened": 0,
    "updateAuthority": "6tddt8pbzWeg4AjhHu9KCHALyt3WtBdG3wPgHXQrbZTS",
    "usdPrice": 2.9711e-05,
    "nativePriceValue": "205",
    "exchangeName": "PumpSwap",
    "exchangeAddress": "pAMMBay6oceH9fJKBRHGP5D4bD4sWpmSwMn52FMfXEA",
    "firstSwapTimestamp": "2025-06-14T15:27:34+00:00",
    "firstSwapType": "buy",
    "firstBuyerOrSeller": "3joKYvUT7hRFNUBdX1e1TfGhJrGMtWYWs147TnUTQeh3",
    "firstTradeValueUsd": 1.444680509,
    "label": 63
}