{
    "mint": "3rhdcYNo8F7yCHC9ZECwBUJC461bhQjyuYCcczebpump",
    "name": "STARPUMPS",
    "symbol": "STARPUMPS",
    "decimals": "6",
    "totalSupply": "999998874607857",
    "totalSupplyFormatted": "999998874.607857",
    "sellerFeeBasisPoints": 0,
    "isMutable": true,
    "primarySaleHappened": 0,
    "updateAuthority": "5ibtDjUg7TNGhjXjkXyyqm3iNGdAzDhLbkykpkbXsvTo",
    "usdPrice": 0.000137327,
    "nativePriceValue": "881",
    "exchangeName": "PumpSwap",
    "exchangeAddress": "pAMMBay6oceH9fJKBRHGP5D4bD4sWpmSwMn52FMfXEA",
    "firstSwapTimestamp": "2025-07-03T05:58:45+00:00",
    "firstSwapType": "buy",
    "firstBuyerOrSeller": "9bHBfnrJ2gro41BqdKx6ebPD5Cf74UyWf3kfD5FceJi1",
    "firstTradeValueUsd": 1.55375179,
    "label": 63
}