{
    "mint": "5Bd65ssGjgm3gwh6QEVrTckFt2AHJAygJNq1Rkgtpump",
    "name": "Balatro",
    "symbol": "Balatro",
    "decimals": "6",
    "totalSupply": "999937873765939",
    "totalSupplyFormatted": "999937873.765939",
    "sellerFeeBasisPoints": 0,
    "isMutable": true,
    "primarySaleHappened": 0,
    "updateAuthority": "Cbqr7Hdgs7kxcL7hgvNCQocoFZNmDDaBBUGgoxSygCfy",
    "usdPrice": 9.948e-06,
    "nativePriceValue": "68.719",
    "exchangeName": "PumpSwap",
    "exchangeAddress": "pAMMBay6oceH9fJKBRHGP5D4bD4sWpmSwMn52FMfXEA",
    "firstSwapTimestamp": "2025-06-20T04:14:59+00:00",
    "firstSwapType": "buy",
    "firstBuyerOrSeller": "2A59fNdDsymMgsry7A5PrxqdRYsXsXPqHdspRrndbUvQ",
    "firstTradeValueUsd": 1.217937382,
    "label": 63
}