{
    "mint": "s1PReXYksft17pa7omMyvhPemfNANkwxM9g3zKXpump",
    "name": "HIJAB",
    "symbol": "HIJAB",
    "decimals": "6",
    "totalSupply": "77184288427",
    "totalSupplyFormatted": "77184.288427",
    "sellerFeeBasisPoints": 0,
    "isMutable": false,
    "primarySaleHappened": 0,
    "updateAuthority": "7VPR9QZYz8QQz918GRFzsX4aJADZaGhBH51mDz1JiFmK",
    "usdPrice": 6.229e-06,
    "nativePriceValue": "38.4338",
    "exchangeName": "PumpSwap",
    "exchangeAddress": "pAMMBay6oceH9fJKBRHGP5D4bD4sWpmSwMn52FMfXEA",
    "firstSwapTimestamp": "2025-06-23T07:41:18+00:00",
    "firstSwapType": "buy",
    "firstBuyerOrSeller": "cakewAiZcEFuE3YjRd6KzBVqdpykNCZupJxdft7u5vW",
    "firstTradeValueUsd": 0.008596135,
    "label": 62
}