{
    "mint": "5555TrzTVvzaJk4rcHCR7xdhG61cJKsR6bVZnksNpump",
    "name": "LENNY THE SHEEP",
    "symbol": "LENNY",
    "decimals": "6",
    "totalSupply": "2988707167253",
    "totalSupplyFormatted": "2988707.167253",
    "sellerFeeBasisPoints": 0,
    "isMutable": false,
    "primarySaleHappened": 0,
    "updateAuthority": "DCotmhKJvSNstAfp51z7zdHGHraCiCFFRaUsUJUoQFeN",
    "usdPrice": 8.986e-06,
    "nativePriceValue": "58.8291",
    "exchangeName": "PumpSwap",
    "exchangeAddress": "pAMMBay6oceH9fJKBRHGP5D4bD4sWpmSwMn52FMfXEA",
    "firstSwapTimestamp": "2025-07-09T06:31:27+00:00",
    "firstSwapType": "buy",
    "firstBuyerOrSeller": "EdMWU7esr29zrS7zUH9FVnm1Axd6VaEEbRpghkhh9tj9",
    "firstTradeValueUsd": 0.380479384,
    "label": 62
}