{
    "mint": "2Qic6bmsX3WAd5BjQU3qNmgUvCVkQ2pGm73w5wXzpump",
    "name": "Walmart Stablecoin",
    "symbol": "WUSD",
    "decimals": "6",
    "totalSupply": "999999837236225",
    "totalSupplyFormatted": "999999837.236225",
    "sellerFeeBasisPoints": 0,
    "isMutable": true,
    "primarySaleHappened": 0,
    "updateAuthority": "FQUw6ouUiffg2v7j3ASrcnUQZMydJefPCbvk4PB8z4uT",
    "usdPrice": 6.5433e-05,
    "nativePriceValue": "450",
    "exchangeName": "PumpSwap",
    "exchangeAddress": "pAMMBay6oceH9fJKBRHGP5D4bD4sWpmSwMn52FMfXEA",
    "firstSwapTimestamp": "2025-06-15T08:36:25+00:00",
    "firstSwapType": "buy",
    "firstBuyerOrSeller": "pMbNzWqcxoxecC19G9qguCh3z6o5ZgoG58NQGnA6Kd4",
    "firstTradeValueUsd": 1.451370902,
    "label": 63
}