{
    "mint": "7AWpNxNQracYQRZM51y851spazXoYTidyqmVvWnwpump",
    "name": "\u975e\u4e3b\u6d41",
    "symbol": "\u975e\u4e3b\u6d41",
    "decimals": "6",
    "totalSupply": "7093138623443",
    "totalSupplyFormatted": "7093138.623443",
    "sellerFeeBasisPoints": 0,
    "isMutable": false,
    "primarySaleHappened": 0,
    "updateAuthority": "HDw36n3DAJju8bzxZ26PHfCVbHvDVystRGKAQzCSBysK",
    "usdPrice": 4.372e-06,
    "nativePriceValue": "28.6919",
    "exchangeName": "PumpSwap",
    "exchangeAddress": "pAMMBay6oceH9fJKBRHGP5D4bD4sWpmSwMn52FMfXEA",
    "firstSwapTimestamp": "2025-07-07T07:55:44+00:00",
    "firstSwapType": "buy",
    "firstBuyerOrSeller": "djf3wZtw6i6kKi3VzjiJzhafE3wuQWcwvMhsLBacQvv",
    "firstTradeValueUsd": 0.37995358,
    "label": 63
}