{
    "mint": "7STu2jaPR5mreiKAnhaMtexrkBN3KMGAGkCYHsjGpump",
    "name": "Gorbagana Daemon",
    "symbol": "OSCAR",
    "decimals": "6",
    "totalSupply": "999997572885066",
    "totalSupplyFormatted": "999997572.885066",
    "sellerFeeBasisPoints": 0,
    "isMutable": true,
    "primarySaleHappened": 0,
    "updateAuthority": "DW4veTX5uXDv2pDHtkzctuF3fbnT3tTNgZiNZWWqcyWa",
    "usdPrice": 0.000198742,
    "nativePriceValue": "1369",
    "exchangeName": "PumpSwap",
    "exchangeAddress": "pAMMBay6oceH9fJKBRHGP5D4bD4sWpmSwMn52FMfXEA",
    "firstSwapTimestamp": "2025-06-20T05:36:29+00:00",
    "firstSwapType": "buy",
    "firstBuyerOrSeller": "pMbNzWqcxoxecC19G9qguCh3z6o5ZgoG58NQGnA6Kd4",
    "firstTradeValueUsd": 1.447979647,
    "label": 63
}