{
    "mint": "A3GmyavRP8mUQMNb3gyX2uZfcYrkSmwDPpFPyeo9pump",
    "name": "NERO",
    "symbol": "NERO",
    "decimals": "6",
    "totalSupply": "999845025302038",
    "totalSupplyFormatted": "999845025.302038",
    "sellerFeeBasisPoints": 0,
    "isMutable": true,
    "primarySaleHappened": 0,
    "updateAuthority": "Dc4ojksZr1WcJD27EqJ2oXwaURQCMPBX2do6pRxfd94H",
    "usdPrice": 3.3292e-05,
    "nativePriceValue": "211",
    "exchangeName": "PumpSwap",
    "exchangeAddress": "pAMMBay6oceH9fJKBRHGP5D4bD4sWpmSwMn52FMfXEA",
    "firstSwapTimestamp": "2025-06-16T07:51:35+00:00",
    "firstSwapType": "buy",
    "firstBuyerOrSeller": "2ecnkqGB7poqKjWcKBzYBrLwBCz2JqFpCEm4HWRsWwdJ",
    "firstTradeValueUsd": 1.411707559,
    "label": 63
}