{
    "mint": "GpHFnqLqaosjJWn2s9sgV4WV7tU2ifDVMRUT8AMhpump",
    "name": "PUMP",
    "symbol": "PUMP",
    "decimals": "6",
    "totalSupply": "999997167884325",
    "totalSupplyFormatted": "999997167.884325",
    "sellerFeeBasisPoints": 0,
    "isMutable": true,
    "primarySaleHappened": 0,
    "updateAuthority": "Qq6sqMsM84cuxBroAEyw2iYnmJh2t7MP4aCU9AVWvH8",
    "usdPrice": 0.000174583,
    "nativePriceValue": "1299",
    "exchangeName": "PumpSwap",
    "exchangeAddress": "pAMMBay6oceH9fJKBRHGP5D4bD4sWpmSwMn52FMfXEA",
    "firstSwapTimestamp": "2025-06-22T05:43:48+00:00",
    "firstSwapType": "buy",
    "firstBuyerOrSeller": "89FuDMzqFbUC4QHvvgARXXRkVdbjdKM3Fd9xKFYqAD5Q",
    "firstTradeValueUsd": 13.527053818,
    "label": 80
}