{
    "mint": "CHRPCnt7HUjXwsnvhJxVUrw8VjNckxDXbZn6hN9ypump",
    "name": "stupidest coin",
    "symbol": "stupidest",
    "decimals": "6",
    "totalSupply": "203317612317",
    "totalSupplyFormatted": "203317.612317",
    "sellerFeeBasisPoints": 0,
    "isMutable": true,
    "primarySaleHappened": 0,
    "updateAuthority": "BcoUvPakdewbG7rKRU6s3VAZtVGVUgL5qQjmkYgD6Pm6",
    "usdPrice": 0.000206448,
    "nativePriceValue": "1418",
    "exchangeName": "PumpSwap",
    "exchangeAddress": "pAMMBay6oceH9fJKBRHGP5D4bD4sWpmSwMn52FMfXEA",
    "firstSwapTimestamp": "2025-06-25T05:51:36+00:00",
    "firstSwapType": "buy",
    "firstBuyerOrSeller": "KWq7esvBkhAh6TP6iDb1LtGPhQbTN76L6iN3p5Dd81E",
    "firstTradeValueUsd": 45.730086227,
    "label": 63
}