{
    "mint": "Dft3vSuAEx4mc2d6R4DgjQPznA1aFz4YMz3cA6nCpump",
    "name": "Derivative to everything",
    "symbol": "\u03b2etacoin",
    "decimals": "6",
    "totalSupply": "999773653978298",
    "totalSupplyFormatted": "999773653.978298",
    "sellerFeeBasisPoints": 0,
    "isMutable": true,
    "primarySaleHappened": 0,
    "updateAuthority": "H1QdmbWLZT7pRL5enDdnKLPCWRF6iooyoBNrTR1SYVLd",
    "usdPrice": 4.2319e-05,
    "nativePriceValue": "295",
    "exchangeName": "PumpSwap",
    "exchangeAddress": "pAMMBay6oceH9fJKBRHGP5D4bD4sWpmSwMn52FMfXEA",
    "firstSwapTimestamp": "2025-06-26T11:22:33+00:00",
    "firstSwapType": "buy",
    "firstBuyerOrSeller": "3joKYvUT7hRFNUBdX1e1TfGhJrGMtWYWs147TnUTQeh3",
    "firstTradeValueUsd": 14.297643655,
    "label": 63
}