{
    "mint": "8aDmGrg2XexDwS9TckrQWaPqrZh557J2KcoJ9nXcpump",
    "name": "Art of our era",
    "symbol": "ART",
    "decimals": "6",
    "totalSupply": "430408616886",
    "totalSupplyFormatted": "430408.616886",
    "sellerFeeBasisPoints": 0,
    "isMutable": false,
    "primarySaleHappened": 0,
    "updateAuthority": "JA9neq6vSxkzdZn9U3dzQF7FQZejAokEZNb7cfoRZW3c",
    "usdPrice": 9.969e-06,
    "nativePriceValue": "65.9696",
    "exchangeName": "PumpSwap",
    "exchangeAddress": "pAMMBay6oceH9fJKBRHGP5D4bD4sWpmSwMn52FMfXEA",
    "firstSwapTimestamp": "2025-06-17T12:09:24+00:00",
    "firstSwapType": "buy",
    "firstBuyerOrSeller": "JA9neq6vSxkzdZn9U3dzQF7FQZejAokEZNb7cfoRZW3c",
    "firstTradeValueUsd": 1.5e-07,
    "label": 63
}