{
    "mint": "3qXU3q74GMvbUJFL2szm6QbYZUzJ9mtxEiugQLgUpump",
    "name": "2% coin",
    "symbol": "2%",
    "decimals": "6",
    "totalSupply": "436648580654",
    "totalSupplyFormatted": "436648.580654",
    "sellerFeeBasisPoints": 0,
    "isMutable": false,
    "primarySaleHappened": 0,
    "updateAuthority": "4nLD6z7e9yiX1BVwcsNsZHM2S2TJtb2xn11SxxrbcmJg",
    "usdPrice": 4.471e-06,
    "nativePriceValue": "30.5221",
    "exchangeName": "PumpSwap",
    "exchangeAddress": "pAMMBay6oceH9fJKBRHGP5D4bD4sWpmSwMn52FMfXEA",
    "firstSwapTimestamp": "2025-07-04T21:17:17+00:00",
    "firstSwapType": "buy",
    "firstBuyerOrSeller": "4nLD6z7e9yiX1BVwcsNsZHM2S2TJtb2xn11SxxrbcmJg",
    "firstTradeValueUsd": 1.46e-07,
    "label": 66
}