{
    "mint": "71JrVykVZQWsQ5wkBgtV9YQsEokoAXV58TRrmYqqpump",
    "name": "Gorbagana",
    "symbol": "GOR",
    "decimals": "6",
    "totalSupply": "10783285110805223737",
    "totalSupplyFormatted": "10783285110805.223737",
    "sellerFeeBasisPoints": 0,
    "isMutable": false,
    "primarySaleHappened": 0,
    "updateAuthority": "HT9zFxqLVQbBtNipRnRZ8LB3E7ZXz7969aCw8rv5kLeA",
    "usdPrice": 3.344e-14,
    "nativePriceValue": "2.21203e-7",
    "exchangeName": "Raydium",
    "exchangeAddress": "675kPX9MHTjS2zt1qfr1NYHuzeLXfQM9H24wFSUt1Mp8",
    "firstSwapTimestamp": "2025-06-21T11:26:26+00:00",
    "firstSwapType": "buy",
    "firstBuyerOrSeller": "5iywveQKkidqPDKt2CExJcWKex2EXz9kbGcYiZvhuXWs",
    "firstTradeValueUsd": 0.014235562,
    "label": 77
}