{
    "mint": "6Ltnx8HjEEherzs925fGygNLaUG1rUupk3LRTWXpump",
    "name": "You Woke Up Late",
    "symbol": "LATE",
    "decimals": "6",
    "totalSupply": "234861406219",
    "totalSupplyFormatted": "234861.406219",
    "sellerFeeBasisPoints": 0,
    "isMutable": false,
    "primarySaleHappened": 0,
    "updateAuthority": "8NdwpTRwYT4skA21ULw4BWTT8SmYJzZ6Dji62KLgTtRV",
    "usdPrice": 6.753e-06,
    "nativePriceValue": "41.6132",
    "exchangeName": "PumpSwap",
    "exchangeAddress": "pAMMBay6oceH9fJKBRHGP5D4bD4sWpmSwMn52FMfXEA",
    "firstSwapTimestamp": "2025-06-17T09:10:13+00:00",
    "firstSwapType": "buy",
    "firstBuyerOrSeller": "5iywveQKkidqPDKt2CExJcWKex2EXz9kbGcYiZvhuXWs",
    "firstTradeValueUsd": 0.015103384,
    "label": 66
}