{
    "mint": "6GqZYEdn7qwuC16tuVz2AWuPLDEQGUm3vnCD63GSpump",
    "name": "NPC",
    "symbol": "NPC",
    "decimals": "6",
    "totalSupply": "999747898968038",
    "totalSupplyFormatted": "999747898.968038",
    "sellerFeeBasisPoints": 0,
    "isMutable": true,
    "primarySaleHappened": 0,
    "updateAuthority": "5V5buSKvzNF7yhSwyCw6gNVidUzCf3UD6YrQ8ugFoXHU",
    "usdPrice": 3.8486e-05,
    "nativePriceValue": "265",
    "exchangeName": "PumpSwap",
    "exchangeAddress": "pAMMBay6oceH9fJKBRHGP5D4bD4sWpmSwMn52FMfXEA",
    "firstSwapTimestamp": "2025-06-15T00:07:07+00:00",
    "firstSwapType": "buy",
    "firstBuyerOrSeller": "DRv6TMMngRdKy8FjJnUtyjj9XxVuV6vFk4zfzGJnmPuQ",
    "firstTradeValueUsd": 14.442214822,
    "label": 64
}