{
    "mint": "SAkm7BoXX7unnLTaNFE5e4zvju1abNhgzStFhxjpump",
    "name": "War Necessities",
    "symbol": "PERKS",
    "decimals": "6",
    "totalSupply": "1286929558421",
    "totalSupplyFormatted": "1286929.558421",
    "sellerFeeBasisPoints": 0,
    "isMutable": false,
    "primarySaleHappened": 0,
    "updateAuthority": "ALp8ZE71up4qfahuBEe2SdtyS3M3VdQAogKQNVCPdAcs",
    "usdPrice": 1.84153e-08,
    "nativePriceValue": "0.1139",
    "exchangeName": "PumpSwap",
    "exchangeAddress": "pAMMBay6oceH9fJKBRHGP5D4bD4sWpmSwMn52FMfXEA",
    "firstSwapTimestamp": "2025-06-13T21:25:43+00:00",
    "firstSwapType": "buy",
    "firstBuyerOrSeller": "27HFmP7ccLadGswvQfvea4o3juLw75cPF4V6jWpHM3MX",
    "firstTradeValueUsd": 0.015432446,
    "label": 61
}