{
    "mint": "2Hf3HmVgbqEYZto1h6QjyGdNRS4cWJk1Rdh65WDdpump",
    "name": "New World Order",
    "symbol": "ISRAEL",
    "decimals": "6",
    "totalSupply": "999967856501983",
    "totalSupplyFormatted": "999967856.501983",
    "sellerFeeBasisPoints": 0,
    "isMutable": true,
    "primarySaleHappened": 0,
    "updateAuthority": "GDcXcyuUqQKdMZxRqLbENQCzpz4bwiLfq6G2gfbZEvQQ",
    "usdPrice": 9.4185e-05,
    "nativePriceValue": "699",
    "exchangeName": "PumpSwap",
    "exchangeAddress": "pAMMBay6oceH9fJKBRHGP5D4bD4sWpmSwMn52FMfXEA",
    "firstSwapTimestamp": "2025-06-22T08:18:41+00:00",
    "firstSwapType": "buy",
    "firstBuyerOrSeller": "pMbNzWqcxoxecC19G9qguCh3z6o5ZgoG58NQGnA6Kd4",
    "firstTradeValueUsd": 1.344476009,
    "label": 63
}