{
    "mint": "mRTPfYiZCTcasJqt7piwyZqd3LpycaJHUoomBLRpump",
    "name": "Lunar Lobster",
    "symbol": "LL",
    "decimals": "6",
    "totalSupply": "999999999226782",
    "totalSupplyFormatted": "999999999.226782",
    "sellerFeeBasisPoints": 0,
    "isMutable": false,
    "primarySaleHappened": 0,
    "updateAuthority": "WLHv2UAZm6z4KyaaELi5pjdbJh6RESMva1Rnn8pJVVh",
    "usdPrice": 4.55e-06,
    "nativePriceValue": "27.6842",
    "exchangeName": "Raydium",
    "exchangeAddress": "LanMV9sAd7wArD4vJFi2qDdfnVhFxYSUg6eADduJ3uj",
    "firstSwapTimestamp": "2025-07-11T14:01:17+00:00",
    "firstSwapType": "buy",
    "firstBuyerOrSeller": "5JTCGvtHc8QqzASrKC6m8eqphattDPnze6haW96Kkydf",
    "firstTradeValueUsd": 146.334094927,
    "label": 29
}