{
    "mint": "HtyFL6YDyPYDHkDXvMce4sCidzSYE7vwR2WrXJjWpump",
    "name": "Foxtrot, Alfa, Romeo, Tango",
    "symbol": "FART",
    "decimals": "6",
    "totalSupply": "999999085429733",
    "totalSupplyFormatted": "999999085.429733",
    "sellerFeeBasisPoints": 0,
    "isMutable": true,
    "primarySaleHappened": 0,
    "updateAuthority": "Ac6GXeDxD9NV2QYUJEKUxzu49UJDMAzQPrTQGZvbeQm9",
    "usdPrice": 0.000286945,
    "nativePriceValue": "1991",
    "exchangeName": "PumpSwap",
    "exchangeAddress": "pAMMBay6oceH9fJKBRHGP5D4bD4sWpmSwMn52FMfXEA",
    "firstSwapTimestamp": "2025-06-18T05:37:00+00:00",
    "firstSwapType": "buy",
    "firstBuyerOrSeller": "3joKYvUT7hRFNUBdX1e1TfGhJrGMtWYWs147TnUTQeh3",
    "firstTradeValueUsd": 1.485130999,
    "label": 62
}