{
    "mint": "EKTZTnVnKgYBeqLqQVXzkdWWRftjD2K22AMgf27qpump",
    "name": "US Independence Day",
    "symbol": "249th",
    "decimals": "6",
    "totalSupply": "999930525057023",
    "totalSupplyFormatted": "999930525.057023",
    "sellerFeeBasisPoints": 0,
    "isMutable": true,
    "primarySaleHappened": 0,
    "updateAuthority": "B6ce5SVyYQLZ4PD5NGZjEn9nnRyYEZzY9YsJPqgbNPLh",
    "usdPrice": 3.1275e-05,
    "nativePriceValue": "205",
    "exchangeName": "PumpSwap",
    "exchangeAddress": "pAMMBay6oceH9fJKBRHGP5D4bD4sWpmSwMn52FMfXEA",
    "firstSwapTimestamp": "2025-07-04T01:30:02+00:00",
    "firstSwapType": "buy",
    "firstBuyerOrSeller": "9bHBfnrJ2gro41BqdKx6ebPD5Cf74UyWf3kfD5FceJi1",
    "firstTradeValueUsd": 1.525576773,
    "label": 63
}