{
    "mint": "7smqj1kUbEmWTL7sTA5MD87UatED3gymnTFnJ6ccpump",
    "name": "The Fat Robot",
    "symbol": "TFR",
    "decimals": "6",
    "totalSupply": "999999877559996",
    "totalSupplyFormatted": "999999877.559996",
    "sellerFeeBasisPoints": 0,
    "isMutable": true,
    "primarySaleHappened": 0,
    "updateAuthority": "46k5bfnfqHG6YjLZpwD5f19MtZNesoQVB8jmtGnVEeEC",
    "usdPrice": 1662056.054822005,
    "nativePriceValue": "9090909121212",
    "exchangeName": "PumpSwap",
    "exchangeAddress": "pAMMBay6oceH9fJKBRHGP5D4bD4sWpmSwMn52FMfXEA",
    "firstSwapTimestamp": "2025-06-28T07:18:36+00:00",
    "firstSwapType": "buy",
    "firstBuyerOrSeller": "5JDBdcKSY3JphevnNy2jgEb5HDUPfmnjr4dMVe2Nc9z1",
    "firstTradeValueUsd": 623.872600951,
    "label": 67
}