{
    "mint": "6AnxAwv8pN5f5cEqm3Erk7o3NY2YTAUzhHmMWdoypump",
    "name": "bonkwifmask",
    "symbol": "MASK",
    "decimals": "6",
    "totalSupply": "1376342018198",
    "totalSupplyFormatted": "1376342.018198",
    "sellerFeeBasisPoints": 0,
    "isMutable": false,
    "primarySaleHappened": 0,
    "updateAuthority": "5CmB66AiXptc3bVLVEbMiFRGTRue8zHcPjH1JyNbyuvk",
    "usdPrice": 9.356e-06,
    "nativePriceValue": "61.3749",
    "exchangeName": "PumpSwap",
    "exchangeAddress": "pAMMBay6oceH9fJKBRHGP5D4bD4sWpmSwMn52FMfXEA",
    "firstSwapTimestamp": "2025-07-06T17:11:16+00:00",
    "firstSwapType": "buy",
    "firstBuyerOrSeller": "5CmB66AiXptc3bVLVEbMiFRGTRue8zHcPjH1JyNbyuvk",
    "firstTradeValueUsd": 1.52e-07,
    "label": 66
}