{
    "mint": "AKbMsUtub2zCvmRVgfdXqo2iUVSfBbKyikhtifPDpump",
    "name": "Social Monies",
    "symbol": "Web4",
    "decimals": "6",
    "totalSupply": "999999412955075",
    "totalSupplyFormatted": "999999412.955075",
    "sellerFeeBasisPoints": 0,
    "isMutable": true,
    "primarySaleHappened": 0,
    "updateAuthority": "BJRYuf1Lh7XdM4U94aVutW1BGqx9QHgN9hp1ivFWCEhD",
    "usdPrice": 2.4399e-05,
    "nativePriceValue": "167",
    "exchangeName": "PumpSwap",
    "exchangeAddress": "pAMMBay6oceH9fJKBRHGP5D4bD4sWpmSwMn52FMfXEA",
    "firstSwapTimestamp": "2025-06-25T11:59:44+00:00",
    "firstSwapType": "buy",
    "firstBuyerOrSeller": "5Bva1ryFQb8i4aQreKAUqnSMpQa3v1JxuQ125QEadmS3",
    "firstTradeValueUsd": 1.964144718,
    "label": 68
}