{
    "mint": "8AioNk3BJc7qTr6DNVpwVBLddsdNKthQ1mvH76Uopump",
    "name": "Fartbook",
    "symbol": "FB",
    "decimals": "6",
    "totalSupply": "999994081185718",
    "totalSupplyFormatted": "999994081.185718",
    "sellerFeeBasisPoints": 0,
    "isMutable": true,
    "primarySaleHappened": 0,
    "updateAuthority": "79RwhmkUgHiYUWhQaNr7mDsVSc3w9u4WKevi3752NG3q",
    "usdPrice": 1.061e-05,
    "nativePriceValue": "71.5102",
    "exchangeName": "PumpSwap",
    "exchangeAddress": "pAMMBay6oceH9fJKBRHGP5D4bD4sWpmSwMn52FMfXEA",
    "firstSwapTimestamp": "2025-06-18T05:21:46+00:00",
    "firstSwapType": "buy",
    "firstBuyerOrSeller": "DKKbif26qm4rcBJ2siYGjeDzqBgrvv56mNfkTM2XkqMG",
    "firstTradeValueUsd": 51.370558661,
    "label": 67
}