{
    "mint": "9jH5XTqEeB3sgEzR6wiGtsbWrE81MncpNUqaegfCpump",
    "name": "Verse World",
    "symbol": "Verse",
    "decimals": "6",
    "totalSupply": "999999999514396",
    "totalSupplyFormatted": "999999999.514396",
    "sellerFeeBasisPoints": 0,
    "isMutable": true,
    "primarySaleHappened": 0,
    "updateAuthority": "GUJSs6xRRN1xSJ9WvHmtHwXZayYaGmETHA4bpAtkdqGP",
    "usdPrice": 9.0135e-05,
    "nativePriceValue": "621",
    "exchangeName": "PumpSwap",
    "exchangeAddress": "pAMMBay6oceH9fJKBRHGP5D4bD4sWpmSwMn52FMfXEA",
    "firstSwapTimestamp": "2025-06-13T18:34:05+00:00",
    "firstSwapType": "buy",
    "firstBuyerOrSeller": "9D6XdJUTG2M4RoLH6av26oPooHLWadrDjRk9Fgd8JxK5",
    "firstTradeValueUsd": 2.311071042,
    "label": 63
}