{
    "mint": "xyvcorDwm1ZQabfh9r4vS8SDcuiUKvPZg2ujVCJpump",
    "name": "U.S Military Industrial Complex",
    "symbol": "USMIC",
    "decimals": "6",
    "totalSupply": "3735505594",
    "totalSupplyFormatted": "3735.505594",
    "sellerFeeBasisPoints": 0,
    "isMutable": false,
    "primarySaleHappened": 0,
    "updateAuthority": "52jjM3CT14xhepT46Py3tEqYKBLU8r6yFgqkWjKs1tA1",
    "usdPrice": 5.65e-06,
    "nativePriceValue": "34.912",
    "exchangeName": "PumpSwap",
    "exchangeAddress": "pAMMBay6oceH9fJKBRHGP5D4bD4sWpmSwMn52FMfXEA",
    "firstSwapTimestamp": "2025-06-24T01:35:18+00:00",
    "firstSwapType": "buy",
    "firstBuyerOrSeller": "27HFmP7ccLadGswvQfvea4o3juLw75cPF4V6jWpHM3MX",
    "firstTradeValueUsd": 0.015094856,
    "label": 36
}