{
    "mint": "AMy9VQ2uXCDygAmmQpba6h6tYsR5BAn37E2WFdWppump",
    "name": "Sahara AI",
    "symbol": "SAHARA",
    "decimals": "6",
    "totalSupply": "999846419779426",
    "totalSupplyFormatted": "999846419.779426",
    "sellerFeeBasisPoints": 0,
    "isMutable": true,
    "primarySaleHappened": 0,
    "updateAuthority": "FKvw3AtQ67qiYjDH4FCEFqPKPxYxfARjcgcZjKXeCD8E",
    "usdPrice": 3.09e-05,
    "nativePriceValue": "213",
    "exchangeName": "PumpSwap",
    "exchangeAddress": "pAMMBay6oceH9fJKBRHGP5D4bD4sWpmSwMn52FMfXEA",
    "firstSwapTimestamp": "2025-06-14T15:51:30+00:00",
    "firstSwapType": "buy",
    "firstBuyerOrSeller": "4rbsXe5rodHFmfMwC1iJUGmFPsS6v7mTdDYUHC3za75T",
    "firstTradeValueUsd": 1.438436769,
    "label": 63
}