{
    "mint": "E9w2LQLfgTRSQ6c8DrSfbEMMdXLYXGskxyyuspKTpump",
    "name": "GTA 6 Coin",
    "symbol": "GTA6",
    "decimals": "6",
    "totalSupply": "999999956551009",
    "totalSupplyFormatted": "999999956.551009",
    "sellerFeeBasisPoints": 0,
    "isMutable": false,
    "primarySaleHappened": 0,
    "updateAuthority": "EuhkSMx7t41zBqhHeSekGsVkf3dyXyawoUAvaP5ydviw",
    "usdPrice": 0.004466284,
    "nativePriceValue": "27565",
    "exchangeName": "PumpSwap",
    "exchangeAddress": "pAMMBay6oceH9fJKBRHGP5D4bD4sWpmSwMn52FMfXEA",
    "firstSwapTimestamp": "2025-06-16T22:27:27+00:00",
    "firstSwapType": "buy",
    "firstBuyerOrSeller": "HLMLguQCqTdQH9gxjuF14eH83YfGzQHxgZGkBapaxJ6w",
    "firstTradeValueUsd": 3826.981407439,
    "label": 67
}