{
    "mint": "5c2LWv25CsySsSnJBEYMBZ9YZijiHap2fdVCjZojpump",
    "name": "FART GAMES",
    "symbol": "FARTGAMES",
    "decimals": "6",
    "totalSupply": "999523928129556",
    "totalSupplyFormatted": "999523928.129556",
    "sellerFeeBasisPoints": 0,
    "isMutable": true,
    "primarySaleHappened": 0,
    "updateAuthority": "51sLviGfA3s6RRijQeYUxH1ziyDBynWGQYiXZaSf1SwU",
    "usdPrice": 6.7941e-05,
    "nativePriceValue": "472",
    "exchangeName": "PumpSwap",
    "exchangeAddress": "pAMMBay6oceH9fJKBRHGP5D4bD4sWpmSwMn52FMfXEA",
    "firstSwapTimestamp": "2025-06-28T06:20:24+00:00",
    "firstSwapType": "buy",
    "firstBuyerOrSeller": "3joKYvUT7hRFNUBdX1e1TfGhJrGMtWYWs147TnUTQeh3",
    "firstTradeValueUsd": 1.439266623,
    "label": 63
}