{
    "mint": "DBzKetsry6QP9afqphhAzPqhSzuQvz8V7nBb5Mjjpump",
    "name": "let's confuse everyone by buying",
    "symbol": "nothing",
    "decimals": "6",
    "totalSupply": "559348757569",
    "totalSupplyFormatted": "559348.757569",
    "sellerFeeBasisPoints": 0,
    "isMutable": false,
    "primarySaleHappened": 0,
    "updateAuthority": "5jMnAfUHacZEAEKVrE6rq4B7L6Ri3B9Nd8mZiv7RUhmK",
    "usdPrice": 3.76e-07,
    "nativePriceValue": "2.5394",
    "exchangeName": "PumpSwap",
    "exchangeAddress": "pAMMBay6oceH9fJKBRHGP5D4bD4sWpmSwMn52FMfXEA",
    "firstSwapTimestamp": "2025-07-05T12:48:16+00:00",
    "firstSwapType": "buy",
    "firstBuyerOrSeller": "5jMnAfUHacZEAEKVrE6rq4B7L6Ri3B9Nd8mZiv7RUhmK",
    "firstTradeValueUsd": 1.47e-07,
    "label": 66
}