{
    "mint": "8YBxa8yWbroHUNQnQJKmZLiRyZtxJwuXMhKs9CbSpump",
    "name": "bean",
    "symbol": "BEAN",
    "decimals": "6",
    "totalSupply": "999999994626321",
    "totalSupplyFormatted": "999999994.626321",
    "sellerFeeBasisPoints": 0,
    "isMutable": true,
    "primarySaleHappened": 0,
    "updateAuthority": "AjQPUWbmWNw1MiQTzR2sS5tmyYbeRMTtjAYER84ZXDsN",
    "usdPrice": 111.384876133,
    "nativePriceValue": "766978617",
    "exchangeName": "PumpSwap",
    "exchangeAddress": "pAMMBay6oceH9fJKBRHGP5D4bD4sWpmSwMn52FMfXEA",
    "firstSwapTimestamp": "2025-06-13T08:22:33+00:00",
    "firstSwapType": "buy",
    "firstBuyerOrSeller": "6F4AScLf1fRh6FUyuqpBLdF9cWZ1HmjnvyxwcGKxizgw",
    "firstTradeValueUsd": 14.52189458,
    "label": 67
}