{
    "mint": "8UqsissvypDF1CYk3pPMePHBUDm3uBTG57qGoNcQpump",
    "name": "TRUMP",
    "symbol": "TRUMP",
    "decimals": "6",
    "totalSupply": "999244228729894",
    "totalSupplyFormatted": "999244228.729894",
    "sellerFeeBasisPoints": 0,
    "isMutable": true,
    "primarySaleHappened": 0,
    "updateAuthority": "3oSP3nimwT2U9gte5JpP6juEcQbw1GVhtkRfzGZt3gqw",
    "usdPrice": 1.3929e-05,
    "nativePriceValue": "92.4203",
    "exchangeName": "PumpSwap",
    "exchangeAddress": "pAMMBay6oceH9fJKBRHGP5D4bD4sWpmSwMn52FMfXEA",
    "firstSwapTimestamp": "2025-06-28T18:27:53+00:00",
    "firstSwapType": "buy",
    "firstBuyerOrSeller": "bpDk4nZxqCN7iXtgKYppNcWoK3HZ1w1X5Q2rfoU8EHj",
    "firstTradeValueUsd": 2.636263019,
    "label": 80
}