{
    "mint": "7e4rqQ7sPV5CzjRAqd9qHiKdxaeE5hCTWsBx2Vhhpump",
    "name": "Robotaxi",
    "symbol": "Robotaxi",
    "decimals": "6",
    "totalSupply": "999709724547976",
    "totalSupplyFormatted": "999709724.547976",
    "sellerFeeBasisPoints": 0,
    "isMutable": true,
    "primarySaleHappened": 0,
    "updateAuthority": "GZ22gZPY6f6qq85jMH6BwSQDxtgqEsRYMDnR8dbMYVd9",
    "usdPrice": 4.7461e-05,
    "nativePriceValue": "348",
    "exchangeName": "PumpSwap",
    "exchangeAddress": "pAMMBay6oceH9fJKBRHGP5D4bD4sWpmSwMn52FMfXEA",
    "firstSwapTimestamp": "2025-06-22T06:30:07+00:00",
    "firstSwapType": "buy",
    "firstBuyerOrSeller": "FWMVpoQYQGwi3kAddqHbSXesnmNtys1VqmsA3ZJoBcAQ",
    "firstTradeValueUsd": 13.56244692,
    "label": 63
}