{
    "mint": "37FW8QjNJxEiWjMQQm1FHfvbqhbEuUZqPXA8nhiCpump",
    "name": "Tolan",
    "symbol": "Tolan",
    "decimals": "6",
    "totalSupply": "999725602349170",
    "totalSupplyFormatted": "999725602.34917",
    "sellerFeeBasisPoints": 0,
    "isMutable": true,
    "primarySaleHappened": 0,
    "updateAuthority": "4HqV3SQH4FbqFikdgXm8Lt4nXfw3KznzNVnrfodyYSus",
    "usdPrice": 3.5138e-05,
    "nativePriceValue": "228",
    "exchangeName": "PumpSwap",
    "exchangeAddress": "pAMMBay6oceH9fJKBRHGP5D4bD4sWpmSwMn52FMfXEA",
    "firstSwapTimestamp": "2025-07-02T20:35:35+00:00",
    "firstSwapType": "buy",
    "firstBuyerOrSeller": "FE8W9kNjRr21Fkg41feu1AoaRzfTn2pJ8S83VawLsayk",
    "firstTradeValueUsd": 1.538417874,
    "label": 63
}