{
    "mint": "FUs4WxqUzknW5MTTZ87haiLkbqD76KTLHoLPZsUjpump",
    "name": "SONIC",
    "symbol": "SONIC",
    "decimals": "6",
    "totalSupply": "4443629258779",
    "totalSupplyFormatted": "4443629.258779",
    "sellerFeeBasisPoints": 0,
    "isMutable": false,
    "primarySaleHappened": 0,
    "updateAuthority": "H5knk8XYtAcsUHsxx8szd2KZVNdT2dauVgypmcnhhjXh",
    "usdPrice": 5.077e-06,
    "nativePriceValue": "35.8371",
    "exchangeName": "PumpSwap",
    "exchangeAddress": "pAMMBay6oceH9fJKBRHGP5D4bD4sWpmSwMn52FMfXEA",
    "firstSwapTimestamp": "2025-06-26T19:02:59+00:00",
    "firstSwapType": "buy",
    "firstBuyerOrSeller": "H5knk8XYtAcsUHsxx8szd2KZVNdT2dauVgypmcnhhjXh",
    "firstTradeValueUsd": 1.41e-07,
    "label": 63
}