{
    "mint": "BK8CapvWoXz2jXN3X2Br1uxYWRvLDyz2tDGnFvQKpump",
    "name": "Nvidia Inu",
    "symbol": "NI",
    "decimals": "6",
    "totalSupply": "999953487235150",
    "totalSupplyFormatted": "999953487.23515",
    "sellerFeeBasisPoints": 0,
    "isMutable": true,
    "primarySaleHappened": 0,
    "updateAuthority": "GCRaTgsFZVbGPjNLRJDED1BF2DqG7M6Tpmxk4MRPwwNM",
    "usdPrice": 1.3989e-05,
    "nativePriceValue": "95.5201",
    "exchangeName": "PumpSwap",
    "exchangeAddress": "pAMMBay6oceH9fJKBRHGP5D4bD4sWpmSwMn52FMfXEA",
    "firstSwapTimestamp": "2025-06-19T04:59:55+00:00",
    "firstSwapType": "buy",
    "firstBuyerOrSeller": "FLMusxh9if28hiUonuGSr1JyuGj4ZBoABxUyXjdnehjQ",
    "firstTradeValueUsd": 3.026369287,
    "label": 73
}