{
    "mint": "FMv8KKTVp41CCygP4trMjeDWJBmr3prbLpZuEiPdpump",
    "name": "Fart Token",
    "symbol": "FRT",
    "decimals": "6",
    "totalSupply": "999999717245787",
    "totalSupplyFormatted": "999999717.245787",
    "sellerFeeBasisPoints": 0,
    "isMutable": true,
    "primarySaleHappened": 0,
    "updateAuthority": "4winNks9KFhA3azLH48Yc56U2rSmcahGfAFQzrUF4G8s",
    "usdPrice": 0.000161474,
    "nativePriceValue": "1117",
    "exchangeName": "PumpSwap",
    "exchangeAddress": "pAMMBay6oceH9fJKBRHGP5D4bD4sWpmSwMn52FMfXEA",
    "firstSwapTimestamp": "2025-06-15T08:29:08+00:00",
    "firstSwapType": "buy",
    "firstBuyerOrSeller": "2jYSccZUuXM4TY2y2641PB5zV65BSqjkfshWukL8QPkP",
    "firstTradeValueUsd": 1.450234763,
    "label": 63
}