{
    "mint": "7atCoN2uhNuwsRn2EsdAgR9F82U8eC7QvK9ZNcBtpump",
    "name": "Happy America's 250th Birthday",
    "symbol": "HB250",
    "decimals": "6",
    "totalSupply": "999828082137725",
    "totalSupplyFormatted": "999828082.137725",
    "sellerFeeBasisPoints": 0,
    "isMutable": true,
    "primarySaleHappened": 0,
    "updateAuthority": "D6wHKZot4cgF5DGPVhbRgKaV3USuLWeX2DnyTMeENX47",
    "usdPrice": 4.6402e-05,
    "nativePriceValue": "320",
    "exchangeName": "PumpSwap",
    "exchangeAddress": "pAMMBay6oceH9fJKBRHGP5D4bD4sWpmSwMn52FMfXEA",
    "firstSwapTimestamp": "2025-06-14T21:59:28+00:00",
    "firstSwapType": "buy",
    "firstBuyerOrSeller": "FRgwtrQEMGDTcNBendEK5aFevxMmC8eKrGdNMD4x1CHD",
    "firstTradeValueUsd": 1.442875047,
    "label": 63
}