{
    "mint": "APdf3tJ9Vg179DEbQVmc6oFUavPs7vR3TKVUtzLWpump",
    "name": "Dead  Beat Dad",
    "symbol": "DBDAD",
    "decimals": "6",
    "totalSupply": "999854890723587",
    "totalSupplyFormatted": "999854890.723587",
    "sellerFeeBasisPoints": 0,
    "isMutable": true,
    "primarySaleHappened": 0,
    "updateAuthority": "Gs9xMgbEW9nE7LgDpW2mgsQHH7bQ5jDM1m4CNQhXdtra",
    "usdPrice": 4.1364e-05,
    "nativePriceValue": "285",
    "exchangeName": "PumpSwap",
    "exchangeAddress": "pAMMBay6oceH9fJKBRHGP5D4bD4sWpmSwMn52FMfXEA",
    "firstSwapTimestamp": "2025-06-15T09:24:34+00:00",
    "firstSwapType": "buy",
    "firstBuyerOrSeller": "Gd4w6EZcbYRC9K8ofXqpeagNCAKYdQLfsNPeRnH1wR3C",
    "firstTradeValueUsd": 14.45294124,
    "label": 63
}