{
    "mint": "DUPdb1sTauPN3o6BDiwD7sZ6S99ka9nKJkfgUQmCpump",
    "name": "Terminal of Truths Password",
    "symbol": "RD",
    "decimals": "6",
    "totalSupply": "999998759680113",
    "totalSupplyFormatted": "999998759.680113",
    "sellerFeeBasisPoints": 0,
    "isMutable": true,
    "primarySaleHappened": 0,
    "updateAuthority": "Qq6sqMsM84cuxBroAEyw2iYnmJh2t7MP4aCU9AVWvH8",
    "usdPrice": 5.9959e-05,
    "nativePriceValue": "397",
    "exchangeName": "PumpSwap",
    "exchangeAddress": "pAMMBay6oceH9fJKBRHGP5D4bD4sWpmSwMn52FMfXEA",
    "firstSwapTimestamp": "2025-06-30T05:13:18+00:00",
    "firstSwapType": "buy",
    "firstBuyerOrSeller": "4ya2XUxKtMg54abhaDof3pCsvouAvoreNDcKktyodK7P",
    "firstTradeValueUsd": 51.849573082,
    "label": 80
}