{
    "mint": "6joedDfTbATGPCpLtMaWh4DumKbc27qmciL6DUVSpump",
    "name": "quodobo",
    "symbol": "quodobo",
    "decimals": "6",
    "totalSupply": "999999304918958",
    "totalSupplyFormatted": "999999304.918958",
    "sellerFeeBasisPoints": 0,
    "isMutable": true,
    "primarySaleHappened": 0,
    "updateAuthority": "5yjsmBEEKWguhM29LLMxQj41HQ5BdEpNRWHnikSsepFw",
    "usdPrice": 8.5967e-05,
    "nativePriceValue": "566",
    "exchangeName": "PumpSwap",
    "exchangeAddress": "pAMMBay6oceH9fJKBRHGP5D4bD4sWpmSwMn52FMfXEA",
    "firstSwapTimestamp": "2025-06-15T16:44:27+00:00",
    "firstSwapType": "buy",
    "firstBuyerOrSeller": "Gd4w6EZcbYRC9K8ofXqpeagNCAKYdQLfsNPeRnH1wR3C",
    "firstTradeValueUsd": 15.154968421,
    "label": 66
}