{
    "mint": "5yaQt3kUroDKcVQ7hNeK5oS8RV3aHBhUpEi3wRd6pump",
    "name": "BIG BEAUTIFUL BONKERS",
    "symbol": "BILL",
    "decimals": "6",
    "totalSupply": "771165439061",
    "totalSupplyFormatted": "771165.439061",
    "sellerFeeBasisPoints": 0,
    "isMutable": false,
    "primarySaleHappened": 0,
    "updateAuthority": "6UhgqEGmtkBmHWG8wAd4corzLKYAbLAn34fvs4jNYw7d",
    "usdPrice": 9.753e-06,
    "nativePriceValue": "63.2076",
    "exchangeName": "PumpSwap",
    "exchangeAddress": "pAMMBay6oceH9fJKBRHGP5D4bD4sWpmSwMn52FMfXEA",
    "firstSwapTimestamp": "2025-07-03T11:23:56+00:00",
    "firstSwapType": "buy",
    "firstBuyerOrSeller": "6UhgqEGmtkBmHWG8wAd4corzLKYAbLAn34fvs4jNYw7d",
    "firstTradeValueUsd": 1.54e-07,
    "label": 66
}