{
    "mint": "PLjG4zAF1PDqdVnRwLBk6VRjx3aWDDQ39Qs6W6Rpump",
    "name": "Put Your Money Here",
    "symbol": "piggycoin",
    "decimals": "6",
    "totalSupply": "1093025988930",
    "totalSupplyFormatted": "1093025.98893",
    "sellerFeeBasisPoints": 0,
    "isMutable": false,
    "primarySaleHappened": 0,
    "updateAuthority": "3i3Dm1VPiBiN7MMvRrUUfTUJ7uRW6DDLrNM3fL8GPcp7",
    "usdPrice": 1.112e-06,
    "nativePriceValue": "6.8676",
    "exchangeName": "PumpSwap",
    "exchangeAddress": "pAMMBay6oceH9fJKBRHGP5D4bD4sWpmSwMn52FMfXEA",
    "firstSwapTimestamp": "2025-06-29T08:21:57+00:00",
    "firstSwapType": "buy",
    "firstBuyerOrSeller": "cakewAiZcEFuE3YjRd6KzBVqdpykNCZupJxdft7u5vW",
    "firstTradeValueUsd": 0.009604606,
    "label": 49
}