{
    "mint": "5tm4qTTM4rteMULRYt9d5uhw8CKrDDvWiTpub1iqpump",
    "name": "ELON",
    "symbol": "ELON",
    "decimals": "6",
    "totalSupply": "999998254215848",
    "totalSupplyFormatted": "999998254.215848",
    "sellerFeeBasisPoints": 0,
    "isMutable": true,
    "primarySaleHappened": 0,
    "updateAuthority": "A1pQPgFfcPSdmtxmrdRPhjvdq2FhP7S7TZbiJzYZuz8Q",
    "usdPrice": 7.0093e-05,
    "nativePriceValue": "455",
    "exchangeName": "PumpSwap",
    "exchangeAddress": "pAMMBay6oceH9fJKBRHGP5D4bD4sWpmSwMn52FMfXEA",
    "firstSwapTimestamp": "2025-07-03T04:22:32+00:00",
    "firstSwapType": "buy",
    "firstBuyerOrSeller": "Gd4w6EZcbYRC9K8ofXqpeagNCAKYdQLfsNPeRnH1wR3C",
    "firstTradeValueUsd": 1668.199292448,
    "label": 63
}