{
    "mint": "UCSmAqkJvR8poj9sUR1A4Dc5YT8XU1YgSzhV1jtpump",
    "name": "this is a coin",
    "symbol": "COIN",
    "decimals": "6",
    "totalSupply": "3751687477",
    "totalSupplyFormatted": "3751.687477",
    "sellerFeeBasisPoints": 0,
    "isMutable": false,
    "primarySaleHappened": 0,
    "updateAuthority": "2gUdtrWPUJJf9xuqYgJyJevhbmzBPvQtkpg9kY7xzdzZ",
    "usdPrice": 5.637e-06,
    "nativePriceValue": "34.8677",
    "exchangeName": "PumpSwap",
    "exchangeAddress": "pAMMBay6oceH9fJKBRHGP5D4bD4sWpmSwMn52FMfXEA",
    "firstSwapTimestamp": "2025-06-21T16:07:36+00:00",
    "firstSwapType": "buy",
    "firstBuyerOrSeller": "cakewAiZcEFuE3YjRd6KzBVqdpykNCZupJxdft7u5vW",
    "firstTradeValueUsd": 0.008957792,
    "label": 42
}