{
    "mint": "8JiVXxKQefLT21K3JLScJsXLfHN3mjgEuWVbFQfBpump",
    "name": "Refusing to Work",
    "symbol": "RTW",
    "decimals": "6",
    "totalSupply": "999938817125843",
    "totalSupplyFormatted": "999938817.125843",
    "sellerFeeBasisPoints": 0,
    "isMutable": true,
    "primarySaleHappened": 0,
    "updateAuthority": "84buBpv9XsvUPGTF2S29Q8PsbTbs1LCqYbzYwmv4YumS",
    "usdPrice": 4.5868e-05,
    "nativePriceValue": "303",
    "exchangeName": "PumpSwap",
    "exchangeAddress": "pAMMBay6oceH9fJKBRHGP5D4bD4sWpmSwMn52FMfXEA",
    "firstSwapTimestamp": "2025-06-29T20:42:02+00:00",
    "firstSwapType": "buy",
    "firstBuyerOrSeller": "FE8W9kNjRr21Fkg41feu1AoaRzfTn2pJ8S83VawLsayk",
    "firstTradeValueUsd": 1.511370438,
    "label": 63
}