{
    "mint": "6nTt1LUsbNijz5VqjhVvJc5Gt74r2bgP7gJTKRBFpump",
    "name": "grindrx",
    "symbol": "grnx",
    "decimals": "6",
    "totalSupply": "999969345474600",
    "totalSupplyFormatted": "999969345.4746",
    "sellerFeeBasisPoints": 0,
    "isMutable": true,
    "primarySaleHappened": 0,
    "updateAuthority": "J4fhXv4Lu92bF9hZwhz7dKgdasbo4Yf3MM4u2ppvtx6P",
    "usdPrice": 5.0256e-05,
    "nativePriceValue": "323",
    "exchangeName": "PumpSwap",
    "exchangeAddress": "pAMMBay6oceH9fJKBRHGP5D4bD4sWpmSwMn52FMfXEA",
    "firstSwapTimestamp": "2025-07-01T00:09:19+00:00",
    "firstSwapType": "buy",
    "firstBuyerOrSeller": "B7aGFrAub97m7iKv4EWx2pfxChgSiKqVzarf1iARsELY",
    "firstTradeValueUsd": 0.824963045,
    "label": 63
}