{
    "mint": "7oKhpbChKU9Jc6uauyybaFKtkqEoJ1vhUU5w6Bwopump",
    "name": "GALAXY DESTROYER",
    "symbol": "BUTTER",
    "decimals": "6",
    "totalSupply": "999999461518494",
    "totalSupplyFormatted": "999999461.518494",
    "sellerFeeBasisPoints": 0,
    "isMutable": true,
    "primarySaleHappened": 0,
    "updateAuthority": "F3gqQ9oEbpezeUAtdHXw3Ahb2Lj9B61BiK5JDahgyPo7",
    "usdPrice": 0.000142169,
    "nativePriceValue": "987",
    "exchangeName": "PumpSwap",
    "exchangeAddress": "pAMMBay6oceH9fJKBRHGP5D4bD4sWpmSwMn52FMfXEA",
    "firstSwapTimestamp": "2025-06-26T20:15:32+00:00",
    "firstSwapType": "buy",
    "firstBuyerOrSeller": "97TjdjQr6vQZ6YTFZ4Ux5wPsCPGjNHTbURmJGsJdxdry",
    "firstTradeValueUsd": 14.221957716,
    "label": 63
}