{
    "mint": "5kGZVrUMY8zvvprvdGz9qmmEm9CLnYCoJ7JXDGhwpump",
    "name": "Another One",
    "symbol": "Another",
    "decimals": "6",
    "totalSupply": "999872780261305",
    "totalSupplyFormatted": "999872780.261305",
    "sellerFeeBasisPoints": 0,
    "isMutable": true,
    "primarySaleHappened": 0,
    "updateAuthority": "67Rk1mpBYGSb2JJbCSP592zHUkfnDFwACviRiVdkugg8",
    "usdPrice": 4.4642e-05,
    "nativePriceValue": "335",
    "exchangeName": "PumpSwap",
    "exchangeAddress": "pAMMBay6oceH9fJKBRHGP5D4bD4sWpmSwMn52FMfXEA",
    "firstSwapTimestamp": "2025-06-23T04:13:33+00:00",
    "firstSwapType": "buy",
    "firstBuyerOrSeller": "5M1ogcHpMJPWwcuKmrmZB2Z4UtbTnSFyBtv7bgRkm2pv",
    "firstTradeValueUsd": 13.227058764,
    "label": 63
}