{
    "mint": "ENRU5iu9Ts7xxoebvcBEJW4NcF9EkZHbozr5Wq24pump",
    "name": "The Backroom Nuke",
    "symbol": "NULL",
    "decimals": "6",
    "totalSupply": "999945998752146",
    "totalSupplyFormatted": "999945998.752146",
    "sellerFeeBasisPoints": 0,
    "isMutable": true,
    "primarySaleHappened": 0,
    "updateAuthority": "39tF6Yojzi8p6wywTTHKui4umq2gZkZBvpQQXdVD3oVe",
    "usdPrice": 5.7448e-05,
    "nativePriceValue": "442",
    "exchangeName": "PumpSwap",
    "exchangeAddress": "pAMMBay6oceH9fJKBRHGP5D4bD4sWpmSwMn52FMfXEA",
    "firstSwapTimestamp": "2025-06-22T14:45:14+00:00",
    "firstSwapType": "buy",
    "firstBuyerOrSeller": "FvZP2iuuGNPM89m4wJ8ei3BjTKw4ubzmMyyDG3ZUnYiZ",
    "firstTradeValueUsd": 1.150427792,
    "label": 64
}