{
    "mint": "A8M3Uyy8pgA166Y4Vmatxcw1gPqJLyfF8eTQx6Cypump",
    "name": "Wigger Stock Exchange",
    "symbol": "WiggerSPX",
    "decimals": "6",
    "totalSupply": "560871213949",
    "totalSupplyFormatted": "560871.213949",
    "sellerFeeBasisPoints": 0,
    "isMutable": false,
    "primarySaleHappened": 0,
    "updateAuthority": "1JTq2xRS3yMetXugA4zqSGvByqePc8fQvjcLFreHekc",
    "usdPrice": 9.527e-06,
    "nativePriceValue": "64.7017",
    "exchangeName": "PumpSwap",
    "exchangeAddress": "pAMMBay6oceH9fJKBRHGP5D4bD4sWpmSwMn52FMfXEA",
    "firstSwapTimestamp": "2025-07-05T20:50:38+00:00",
    "firstSwapType": "buy",
    "firstBuyerOrSeller": "1JTq2xRS3yMetXugA4zqSGvByqePc8fQvjcLFreHekc",
    "firstTradeValueUsd": 1.46e-07,
    "label": 63
}