{
    "mint": "hwb2vLEdAtyYyaCnpAhR9C8dMG7uDAuzsNDpAcApump",
    "name": "DINO",
    "symbol": "DINO",
    "decimals": "6",
    "totalSupply": "238577506054",
    "totalSupplyFormatted": "238577.506054",
    "sellerFeeBasisPoints": 0,
    "isMutable": false,
    "primarySaleHappened": 0,
    "updateAuthority": "34ZuFk2PfLV2rXHR1x5ED4aKXATXdizRbmEHBWo2v57o",
    "usdPrice": 9.20982e-08,
    "nativePriceValue": "0.5691",
    "exchangeName": "PumpSwap",
    "exchangeAddress": "pAMMBay6oceH9fJKBRHGP5D4bD4sWpmSwMn52FMfXEA",
    "firstSwapTimestamp": "2025-06-26T21:41:38+00:00",
    "firstSwapType": "buy",
    "firstBuyerOrSeller": "cakewAiZcEFuE3YjRd6KzBVqdpykNCZupJxdft7u5vW",
    "firstTradeValueUsd": 0.008968821,
    "label": 42
}