{
    "mint": "DMB5VLQTC3R1qbTyF1u1sDi3Srmoud9ZbNjMs8FGpump",
    "name": "Trump Wif Iran Missile",
    "symbol": "TWIM",
    "decimals": "6",
    "totalSupply": "999924737832748",
    "totalSupplyFormatted": "999924737.832748",
    "sellerFeeBasisPoints": 0,
    "isMutable": true,
    "primarySaleHappened": 0,
    "updateAuthority": "9HtpQeMazW3EqrFbTxyA6NEvnW6W8y5nMTXTeGmaGW1E",
    "usdPrice": 6.4948e-05,
    "nativePriceValue": "448",
    "exchangeName": "PumpSwap",
    "exchangeAddress": "pAMMBay6oceH9fJKBRHGP5D4bD4sWpmSwMn52FMfXEA",
    "firstSwapTimestamp": "2025-06-18T13:40:41+00:00",
    "firstSwapType": "buy",
    "firstBuyerOrSeller": "2JUU74qA5BCWSjBfggLcxMfypbzEeawqMpuhWpqV3zZn",
    "firstTradeValueUsd": 1.445043692,
    "label": 63
}